{"textures":{"0":"modelengine:block/qmob_voidooze"},"elements":[{"from":[2.3333335,8.166667,7.1666665],"to":[6.333333,11.166667,9.166666],"faces":{"east":{"uv":[9.0,11.0,9.5,11.75],"tintindex":0,"rotation":0,"texture":"#0"},"south":{"uv":[11.0,4.75,12.0,5.5],"tintindex":0,"rotation":0,"texture":"#0"},"north":{"uv":[11.0,4.0,12.0,4.75],"tintindex":0,"rotation":0,"texture":"#0"},"west":{"uv":[9.5,11.0,10.0,11.75],"tintindex":0,"rotation":0,"texture":"#0"},"up":{"uv":[12.0,7.0,11.0,6.5],"tintindex":0,"rotation":0,"texture":"#0"},"down":{"uv":[8.0,11.0,7.0,11.5],"tintindex":0,"rotation":0,"texture":"#0"}}},{"from":[10.833333,8.166667,6.9166665],"to":[14.833334,11.166667,8.916666],"faces":{"east":{"uv":[8.0,11.0,8.5,11.75],"tintindex":0,"rotation":0,"texture":"#0"},"south":{"uv":[9.0,7.0,10.0,7.75],"tintindex":0,"rotation":0,"texture":"#0"},"north":{"uv":[8.0,7.0,9.0,7.75],"tintindex":0,"rotation":0,"texture":"#0"},"west":{"uv":[8.5,11.0,9.0,11.75],"tintindex":0,"rotation":0,"texture":"#0"},"up":{"uv":[12.0,6.0,11.0,5.5],"tintindex":0,"rotation":0,"texture":"#0"},"down":{"uv":[12.0,6.0,11.0,6.5],"tintindex":0,"rotation":0,"texture":"#0"}}},{"from":[5.833333,3.666667,6.9166665],"to":[7.8333335,5.666667,8.916666],"faces":{"east":{"uv":[7.5,11.5,8.0,12.0],"tintindex":0,"rotation":0,"texture":"#0"},"south":{"uv":[8.0,11.75,8.5,12.25],"tintindex":0,"rotation":0,"texture":"#0"},"north":{"uv":[7.0,11.5,7.5,12.0],"tintindex":0,"rotation":0,"texture":"#0"},"west":{"uv":[8.5,11.75,9.0,12.25],"tintindex":0,"rotation":0,"texture":"#0"},"up":{"uv":[9.5,12.25,9.0,11.75],"tintindex":0,"rotation":0,"texture":"#0"},"down":{"uv":[10.0,11.75,9.5,12.25],"tintindex":0,"rotation":0,"texture":"#0"}}}],"display":{"head":{"rotation":[0.0,0.0,0.0]},"firstperson_righthand":{"rotation":[0.0,0.0,0.0]},"thirdperson_lefthand":{"rotation":[0.0,-0.0,-0.0]},"firstperson_lefthand":{"rotation":[0.0,-0.0,-0.0]},"fixed":{"rotation":[0.0,0.0,0.0]},"ground":{"rotation":[0.0,0.0,0.0]},"thirdperson_righthand":{"rotation":[0.0,0.0,0.0]},"gui":{"rotation":[-150.0,-75.0,-180.0]}}}