{"textures":{"0":"modelengine:block/qmob_voidooze"},"elements":[{"from":[2.0,10.0,2.0],"to":[14.0,22.0,14.0],"faces":{"east":{"uv":[8.0,4.0,11.0,7.0],"tintindex":0,"rotation":0,"texture":"#0"},"south":{"uv":[7.0,8.0,10.0,11.0],"tintindex":0,"rotation":0,"texture":"#0"},"north":{"uv":[4.0,8.0,7.0,11.0],"tintindex":0,"rotation":0,"texture":"#0"},"west":{"uv":[10.0,7.0,13.0,10.0],"tintindex":0,"rotation":0,"texture":"#0"},"up":{"uv":[13.0,13.0,10.0,10.0],"tintindex":0,"rotation":0,"texture":"#0"},"down":{"uv":[7.0,11.0,4.0,14.0],"tintindex":0,"rotation":0,"texture":"#0"}}}],"display":{"head":{"rotation":[0.0,0.0,0.0]},"firstperson_righthand":{"rotation":[0.0,0.0,0.0]},"thirdperson_lefthand":{"rotation":[0.0,-0.0,-0.0]},"firstperson_lefthand":{"rotation":[0.0,-0.0,-0.0]},"fixed":{"rotation":[0.0,0.0,0.0]},"ground":{"rotation":[0.0,0.0,0.0]},"thirdperson_righthand":{"rotation":[0.0,0.0,0.0]},"gui":{"rotation":[-150.0,-75.0,-180.0]}}}