{"textures":{"0":"modelengine:block/t_jellyblue"},"elements":[{"from":[5.5,5.0,10.5],"to":[10.5,6.0,11.5],"faces":{"east":{"uv":[7.0,9.0,6.5,9.5],"tintindex":0,"rotation":0,"texture":"#0"},"south":{"uv":[6.5,9.0,4.0,9.5],"tintindex":0,"rotation":0,"texture":"#0"},"north":{"uv":[11.5,7.0,9.0,7.5],"tintindex":0,"rotation":0,"texture":"#0"},"west":{"uv":[7.5,9.0,7.0,9.5],"tintindex":0,"rotation":0,"texture":"#0"},"up":{"uv":[11.5,7.5,9.0,8.0],"tintindex":0,"rotation":0,"texture":"#0"},"down":{"uv":[11.5,8.5,9.0,8.0],"tintindex":0,"rotation":0,"texture":"#0"}}},{"from":[5.5,5.0,4.5],"to":[10.5,6.0,5.5],"faces":{"east":{"uv":[6.5,9.0,7.0,9.5],"tintindex":0,"rotation":0,"texture":"#0"},"south":{"uv":[9.0,7.0,11.5,7.5],"tintindex":0,"rotation":0,"texture":"#0"},"north":{"uv":[4.0,9.0,6.5,9.5],"tintindex":0,"rotation":0,"texture":"#0"},"west":{"uv":[7.0,9.0,7.5,9.5],"tintindex":0,"rotation":0,"texture":"#0"},"up":{"uv":[11.5,8.0,9.0,7.5],"tintindex":0,"rotation":0,"texture":"#0"},"down":{"uv":[11.5,8.0,9.0,8.5],"tintindex":0,"rotation":0,"texture":"#0"}}},{"from":[4.5,5.0,4.5],"to":[5.5,6.0,11.5],"faces":{"east":{"uv":[11.5,6.5,8.0,7.0],"tintindex":0,"rotation":0,"texture":"#0"},"south":{"uv":[9.5,8.5,9.0,9.0],"tintindex":0,"rotation":0,"texture":"#0"},"north":{"uv":[8.0,9.0,7.5,9.5],"tintindex":0,"rotation":0,"texture":"#0"},"west":{"uv":[11.5,6.0,8.0,6.5],"tintindex":0,"rotation":0,"texture":"#0"},"up":{"uv":[8.0,10.5,8.5,7.0],"tintindex":0,"rotation":0,"texture":"#0"},"down":{"uv":[8.5,7.0,9.0,10.5],"tintindex":0,"rotation":0,"texture":"#0"}}},{"from":[10.5,5.0,4.5],"to":[11.5,6.0,11.5],"faces":{"east":{"uv":[8.0,6.0,11.5,6.5],"tintindex":0,"rotation":0,"texture":"#0"},"south":{"uv":[9.0,8.5,9.5,9.0],"tintindex":0,"rotation":0,"texture":"#0"},"north":{"uv":[7.5,9.0,8.0,9.5],"tintindex":0,"rotation":0,"texture":"#0"},"west":{"uv":[8.0,6.5,11.5,7.0],"tintindex":0,"rotation":0,"texture":"#0"},"up":{"uv":[8.5,10.5,8.0,7.0],"tintindex":0,"rotation":0,"texture":"#0"},"down":{"uv":[9.0,7.0,8.5,10.5],"tintindex":0,"rotation":0,"texture":"#0"}}}],"display":{"head":{"rotation":[0.0,0.0,0.0]},"firstperson_righthand":{"rotation":[0.0,0.0,0.0]},"thirdperson_lefthand":{"rotation":[0.0,-0.0,-0.0]},"firstperson_lefthand":{"rotation":[0.0,-0.0,-0.0]},"fixed":{"rotation":[0.0,0.0,0.0]},"ground":{"rotation":[0.0,0.0,0.0]},"thirdperson_righthand":{"rotation":[0.0,0.0,0.0]},"gui":{"rotation":[-150.0,-75.0,-180.0]}}}