{"textures":{"0":"modelengine:block/t_jellyblue"},"elements":[{"from":[5.49,1.99,5.49],"to":[10.51,8.01,5.51],"faces":{"south":{"uv":[8.0,0.0,10.5,3.0],"tintindex":0,"rotation":0,"texture":"#0"},"north":{"uv":[10.5,0.0,8.0,3.0],"tintindex":0,"rotation":0,"texture":"#0"}}}],"display":{"head":{"rotation":[0.0,0.0,0.0]},"firstperson_righthand":{"rotation":[0.0,0.0,0.0]},"thirdperson_lefthand":{"rotation":[0.0,-0.0,-0.0]},"firstperson_lefthand":{"rotation":[0.0,-0.0,-0.0]},"fixed":{"rotation":[0.0,0.0,0.0]},"ground":{"rotation":[0.0,0.0,0.0]},"thirdperson_righthand":{"rotation":[0.0,0.0,0.0]},"gui":{"rotation":[-150.0,-75.0,-180.0]}}}