{"textures":{"0":"modelengine:block/improved_zombie"},"elements":[{"from":[5.1965,7.996499,5.1965],"to":[10.8035,13.603499,10.8035],"faces":{"east":{"uv":[4.0,2.0,6.0,4.0],"tintindex":0,"rotation":0,"texture":"#0"},"south":{"uv":[4.0,0.0,6.0,2.0],"tintindex":0,"rotation":0,"texture":"#0"},"north":{"uv":[0.0,3.0,2.0,5.0],"tintindex":0,"rotation":0,"texture":"#0"},"west":{"uv":[4.0,2.0,6.0,4.0],"tintindex":0,"rotation":0,"texture":"#0"},"up":{"uv":[6.0,6.0,4.0,4.0],"tintindex":0,"rotation":0,"texture":"#0"},"down":{"uv":[2.0,5.0,0.0,7.0],"tintindex":0,"rotation":0,"texture":"#0"}}}],"display":{"head":{"rotation":[0.0,0.0,0.0]},"firstperson_righthand":{"rotation":[0.0,0.0,0.0]},"thirdperson_lefthand":{"rotation":[0.0,-0.0,-0.0]},"firstperson_lefthand":{"rotation":[0.0,-0.0,-0.0]},"fixed":{"rotation":[0.0,0.0,0.0]},"ground":{"rotation":[0.0,0.0,0.0]},"thirdperson_righthand":{"rotation":[0.0,0.0,0.0]},"gui":{"rotation":[-150.0,-75.0,-180.0]}}}