{"textures":{"0":"modelengine:block/improved_zombie"},"elements":[{"from":[6.6,4.5,6.6],"to":[9.4,8.7,9.4],"faces":{"east":{"uv":[5.0,9.0,6.0,10.5],"tintindex":0,"rotation":0,"texture":"#0"},"south":{"uv":[10.0,4.5,9.0,6.0],"tintindex":0,"rotation":0,"texture":"#0"},"north":{"uv":[10.0,3.0,9.0,4.5],"tintindex":0,"rotation":0,"texture":"#0"},"west":{"uv":[5.0,9.0,4.0,10.5],"tintindex":0,"rotation":0,"texture":"#0"},"up":{"uv":[11.0,1.0,10.0,0.0],"tintindex":0,"rotation":0,"texture":"#0"},"down":{"uv":[10.0,4.0,11.0,5.0],"tintindex":0,"rotation":0,"texture":"#0"}}}],"display":{"head":{"rotation":[0.0,0.0,0.0]},"firstperson_righthand":{"rotation":[0.0,0.0,0.0]},"thirdperson_lefthand":{"rotation":[0.0,-0.0,-0.0]},"firstperson_lefthand":{"rotation":[0.0,-0.0,-0.0]},"fixed":{"rotation":[0.0,0.0,0.0]},"ground":{"rotation":[0.0,0.0,0.0]},"thirdperson_righthand":{"rotation":[0.0,0.0,0.0]},"gui":{"rotation":[-150.0,-75.0,-180.0]}}}