{"textures":{"0":"modelengine:block/improved_zombie"},"elements":[{"from":[6.6,3.4499998,6.6],"to":[9.4,7.6499996,9.4],"faces":{"east":{"uv":[6.0,3.5,7.0,5.0],"tintindex":0,"rotation":0,"texture":"#0"},"south":{"uv":[4.0,6.0,5.0,7.5],"tintindex":0,"rotation":0,"texture":"#0"},"north":{"uv":[6.0,2.0,7.0,3.5],"tintindex":0,"rotation":0,"texture":"#0"},"west":{"uv":[5.0,6.0,6.0,7.5],"tintindex":0,"rotation":0,"texture":"#0"},"up":{"uv":[10.0,7.0,9.0,6.0],"tintindex":0,"rotation":0,"texture":"#0"},"down":{"uv":[10.0,7.0,9.0,8.0],"tintindex":0,"rotation":0,"texture":"#0"}}}],"display":{"head":{"rotation":[0.0,0.0,0.0]},"firstperson_righthand":{"rotation":[0.0,0.0,0.0]},"thirdperson_lefthand":{"rotation":[0.0,-0.0,-0.0]},"firstperson_lefthand":{"rotation":[0.0,-0.0,-0.0]},"fixed":{"rotation":[0.0,0.0,0.0]},"ground":{"rotation":[0.0,0.0,0.0]},"thirdperson_righthand":{"rotation":[0.0,0.0,0.0]},"gui":{"rotation":[-150.0,-75.0,-180.0]}}}