{"textures":{"0":"modelengine:block/improved_zombie"},"elements":[{"from":[6.6,3.8000002,7.3],"to":[9.4,8.0,10.1],"faces":{"east":{"uv":[5.0,7.5,6.0,9.0],"tintindex":0,"rotation":0,"texture":"#0"},"south":{"uv":[8.0,0.0,9.0,1.5],"tintindex":0,"rotation":0,"texture":"#0"},"north":{"uv":[4.0,7.5,5.0,9.0],"tintindex":0,"rotation":0,"texture":"#0"},"west":{"uv":[8.0,1.5,9.0,3.0],"tintindex":0,"rotation":0,"texture":"#0"},"up":{"uv":[4.0,10.5,3.0,9.5],"tintindex":0,"rotation":0,"texture":"#0"},"down":{"uv":[7.0,9.5,6.0,10.5],"tintindex":0,"rotation":0,"texture":"#0"}}}],"display":{"head":{"rotation":[0.0,0.0,0.0]},"firstperson_righthand":{"rotation":[0.0,0.0,0.0]},"thirdperson_lefthand":{"rotation":[0.0,-0.0,-0.0]},"firstperson_lefthand":{"rotation":[0.0,-0.0,-0.0]},"fixed":{"rotation":[0.0,0.0,0.0]},"ground":{"rotation":[0.0,0.0,0.0]},"thirdperson_righthand":{"rotation":[0.0,0.0,0.0]},"gui":{"rotation":[-150.0,-75.0,-180.0]}}}