{"textures":{"0":"modelengine:block/ice_spider"},"elements":[{"from":[1.5,8.0,3.0],"to":[7.5,15.0,3.0],"faces":{"east":{"uv":[0.008,0.008,-0.008,1.742],"tintindex":0,"rotation":0,"texture":"#0"},"south":{"uv":[2.508,1.508,3.992,3.242],"tintindex":0,"rotation":0,"texture":"#0"},"north":{"uv":[0.758,2.508,2.242,4.242],"tintindex":0,"rotation":0,"texture":"#0"},"west":{"uv":[0.008,0.008,-0.008,1.742],"tintindex":0,"rotation":0,"texture":"#0"},"up":{"uv":[1.492,0.008,0.008,-0.008],"tintindex":0,"rotation":0,"texture":"#0"},"down":{"uv":[1.492,0.008,0.008,-0.008],"tintindex":0,"rotation":0,"texture":"#0"}},"rotation":{"origin":[4.5,11.5,3.0],"angle":22.5,"axis":"z"}},{"from":[2.5,7.0,2.0],"to":[5.5,11.0,5.0],"faces":{"east":{"uv":[1.008,1.508,1.742,2.492],"tintindex":0,"rotation":0,"texture":"#0"},"south":{"uv":[1.758,1.508,2.492,2.492],"tintindex":0,"rotation":0,"texture":"#0"},"north":{"uv":[1.508,0.508,2.242,1.492],"tintindex":0,"rotation":0,"texture":"#0"},"west":{"uv":[0.008,2.258,0.742,3.242],"tintindex":0,"rotation":0,"texture":"#0"},"up":{"uv":[2.992,0.742,2.258,0.008],"tintindex":0,"rotation":0,"texture":"#0"},"down":{"uv":[2.992,0.758,2.258,1.492],"tintindex":0,"rotation":0,"texture":"#0"}},"rotation":{"origin":[4.0,9.0,3.5],"angle":45.0,"axis":"z"}},{"from":[4.5,4.0,1.0],"to":[11.5,11.0,8.0],"faces":{"east":{"uv":[1.758,7.508,3.492,9.242],"tintindex":0,"rotation":0,"texture":"#0"},"south":{"uv":[3.508,8.508,5.242,10.242],"tintindex":0,"rotation":0,"texture":"#0"},"north":{"uv":[0.008,7.508,1.742,9.242],"tintindex":0,"rotation":0,"texture":"#0"},"west":{"uv":[5.258,8.508,6.992,10.242],"tintindex":0,"rotation":0,"texture":"#0"},"up":{"uv":[8.742,10.242,7.008,8.508],"tintindex":0,"rotation":0,"texture":"#0"},"down":{"uv":[10.492,8.508,8.758,10.242],"tintindex":0,"rotation":0,"texture":"#0"}}},{"from":[4.5,8.0,3.0],"to":[8.5,15.0,3.0],"faces":{"east":{"uv":[0.008,0.008,-0.008,1.742],"tintindex":0,"rotation":0,"texture":"#0"},"south":{"uv":[3.258,3.258,4.242,4.992],"tintindex":0,"rotation":0,"texture":"#0"},"north":{"uv":[2.258,3.258,3.242,4.992],"tintindex":0,"rotation":0,"texture":"#0"},"west":{"uv":[0.008,0.008,-0.008,1.742],"tintindex":0,"rotation":0,"texture":"#0"},"up":{"uv":[0.992,0.008,0.008,-0.008],"tintindex":0,"rotation":0,"texture":"#0"},"down":{"uv":[0.992,0.008,0.008,-0.008],"tintindex":0,"rotation":0,"texture":"#0"}},"rotation":{"origin":[6.5,11.5,3.0],"angle":45.0,"axis":"y"}}],"display":{"head":{"rotation":[0.0,0.0,0.0]},"firstperson_righthand":{"rotation":[0.0,0.0,0.0]},"thirdperson_lefthand":{"rotation":[0.0,-0.0,-0.0]},"firstperson_lefthand":{"rotation":[0.0,-0.0,-0.0]},"fixed":{"rotation":[0.0,0.0,0.0]},"ground":{"rotation":[0.0,0.0,0.0]},"thirdperson_righthand":{"rotation":[0.0,0.0,0.0]},"gui":{"rotation":[-150.0,-75.0,-180.0]}}}