{"textures":{"0":"modelengine:block/barnacle"},"elements":[{"from":[5.5,5.5,-15.0],"to":[10.5,5.5,9.0],"faces":{"east":{"uv":[5.0,2.375,8.0,3.0],"tintindex":0,"rotation":0,"texture":"#0"},"south":{"uv":[7.875,0.0,8.5,0.625],"tintindex":0,"rotation":0,"texture":"#0"},"north":{"uv":[7.25,0.0,7.875,0.625],"tintindex":0,"rotation":0,"texture":"#0"},"west":{"uv":[5.0,3.0,8.0,3.625],"tintindex":0,"rotation":0,"texture":"#0"},"up":{"uv":[2.5,5.375,1.875,2.375],"tintindex":0,"rotation":0,"texture":"#0"},"down":{"uv":[2.5,2.375,1.875,5.375],"tintindex":0,"rotation":0,"texture":"#0"}}},{"from":[5.5,10.5,-15.0],"to":[10.5,10.5,9.0],"faces":{"east":{"uv":[5.0,2.375,8.0,3.0],"tintindex":0,"rotation":0,"texture":"#0"},"south":{"uv":[7.875,0.0,8.5,0.625],"tintindex":0,"rotation":0,"texture":"#0"},"north":{"uv":[7.25,0.0,7.875,0.625],"tintindex":0,"rotation":0,"texture":"#0"},"west":{"uv":[5.0,3.0,8.0,3.625],"tintindex":0,"rotation":0,"texture":"#0"},"up":{"uv":[1.875,5.375,1.25,2.375],"tintindex":0,"rotation":0,"texture":"#0"},"down":{"uv":[1.875,2.375,1.25,5.375],"tintindex":0,"rotation":0,"texture":"#0"}}},{"from":[5.5,5.5,-15.0],"to":[5.5,10.5,9.0],"faces":{"east":{"uv":[8.0,3.0,5.0,3.625],"tintindex":0,"rotation":0,"texture":"#0"},"south":{"uv":[7.875,0.0,8.5,0.625],"tintindex":0,"rotation":0,"texture":"#0"},"north":{"uv":[7.25,0.0,7.875,0.625],"tintindex":0,"rotation":0,"texture":"#0"},"west":{"uv":[5.0,3.0,8.0,3.625],"tintindex":0,"rotation":0,"texture":"#0"},"up":{"uv":[1.875,5.375,1.25,2.375],"tintindex":0,"rotation":0,"texture":"#0"},"down":{"uv":[2.5,2.375,1.875,5.375],"tintindex":0,"rotation":0,"texture":"#0"}}},{"from":[5.5,5.5,-15.0],"to":[10.5,10.5,-15.0],"faces":{"east":{"uv":[5.0,2.375,8.0,3.0],"tintindex":0,"rotation":0,"texture":"#0"},"south":{"uv":[7.875,0.0,7.25,0.625],"tintindex":0,"rotation":0,"texture":"#0"},"north":{"uv":[7.25,0.0,7.875,0.625],"tintindex":0,"rotation":0,"texture":"#0"},"west":{"uv":[5.0,3.0,8.0,3.625],"tintindex":0,"rotation":0,"texture":"#0"},"up":{"uv":[1.875,5.375,1.25,2.375],"tintindex":0,"rotation":0,"texture":"#0"},"down":{"uv":[2.5,2.375,1.875,5.375],"tintindex":0,"rotation":0,"texture":"#0"}}},{"from":[5.5,5.5,9.0],"to":[10.5,10.5,9.0],"faces":{"east":{"uv":[5.0,2.375,8.0,3.0],"tintindex":0,"rotation":0,"texture":"#0"},"south":{"uv":[7.875,0.0,8.5,0.625],"tintindex":0,"rotation":0,"texture":"#0"},"north":{"uv":[8.5,0.0,7.875,0.625],"tintindex":0,"rotation":0,"texture":"#0"},"west":{"uv":[5.0,3.0,8.0,3.625],"tintindex":0,"rotation":0,"texture":"#0"},"up":{"uv":[1.875,5.375,1.25,2.375],"tintindex":0,"rotation":0,"texture":"#0"},"down":{"uv":[2.5,2.375,1.875,5.375],"tintindex":0,"rotation":0,"texture":"#0"}}}],"display":{"head":{"rotation":[0.0,0.0,0.0]},"firstperson_righthand":{"rotation":[0.0,0.0,0.0]},"thirdperson_lefthand":{"rotation":[0.0,-0.0,-0.0]},"firstperson_lefthand":{"rotation":[0.0,-0.0,-0.0]},"fixed":{"rotation":[0.0,0.0,0.0]},"ground":{"rotation":[0.0,0.0,0.0]},"thirdperson_righthand":{"rotation":[0.0,0.0,0.0]},"gui":{"rotation":[-150.0,-75.0,-180.0]}}}