{"textures":{"0":"modelengine:block/barnacle"},"elements":[{"from":[3.5,4.0,2.0],"to":[12.5,13.0,12.0],"faces":{"east":{"uv":[0.0,1.25,1.25,2.375],"tintindex":0,"rotation":0,"texture":"#0"},"south":{"uv":[3.625,1.25,4.75,2.375],"tintindex":0,"rotation":0,"texture":"#0"},"north":{"uv":[1.25,1.25,2.375,2.375],"tintindex":0,"rotation":0,"texture":"#0"},"west":{"uv":[2.375,1.25,3.625,2.375],"tintindex":0,"rotation":0,"texture":"#0"},"up":{"uv":[2.375,1.25,1.25,0.0],"tintindex":0,"rotation":0,"texture":"#0"},"down":{"uv":[3.5,0.0,2.375,1.25],"tintindex":0,"rotation":0,"texture":"#0"}}},{"from":[3.5,13.0,12.0],"to":[12.5,13.0,22.0],"faces":{"east":{"uv":[0.25,7.125,1.5,8.25],"tintindex":0,"rotation":0,"texture":"#0"},"south":{"uv":[3.875,7.125,5.0,8.25],"tintindex":0,"rotation":0,"texture":"#0"},"north":{"uv":[1.5,7.125,2.625,8.25],"tintindex":0,"rotation":0,"texture":"#0"},"west":{"uv":[2.625,7.125,3.875,8.25],"tintindex":0,"rotation":0,"texture":"#0"},"up":{"uv":[2.625,7.125,1.5,5.875],"tintindex":0,"rotation":0,"texture":"#0"},"down":{"uv":[2.625,5.875,1.5,7.125],"tintindex":0,"rotation":0,"texture":"#0"}}},{"from":[12.5,4.0,12.0],"to":[12.5,13.0,22.0],"faces":{"east":{"uv":[0.25,7.125,1.5,8.25],"tintindex":0,"rotation":0,"texture":"#0"},"south":{"uv":[3.875,7.125,5.0,8.25],"tintindex":0,"rotation":0,"texture":"#0"},"north":{"uv":[1.5,7.125,2.625,8.25],"tintindex":0,"rotation":0,"texture":"#0"},"west":{"uv":[2.625,7.125,3.875,8.25],"tintindex":0,"rotation":0,"texture":"#0"},"up":{"uv":[2.625,7.125,1.5,5.875],"tintindex":0,"rotation":0,"texture":"#0"},"down":{"uv":[3.75,5.875,2.625,7.125],"tintindex":0,"rotation":0,"texture":"#0"}}},{"from":[3.5,4.0,12.0],"to":[3.5,13.0,22.0],"faces":{"east":{"uv":[0.25,7.125,1.5,8.25],"tintindex":0,"rotation":0,"texture":"#0"},"south":{"uv":[3.875,7.125,5.0,8.25],"tintindex":0,"rotation":0,"texture":"#0"},"north":{"uv":[1.5,7.125,2.625,8.25],"tintindex":0,"rotation":0,"texture":"#0"},"west":{"uv":[2.625,7.125,3.875,8.25],"tintindex":0,"rotation":0,"texture":"#0"},"up":{"uv":[2.625,7.125,1.5,5.875],"tintindex":0,"rotation":0,"texture":"#0"},"down":{"uv":[3.75,5.875,2.625,7.125],"tintindex":0,"rotation":0,"texture":"#0"}}},{"from":[3.5,4.0,12.0],"to":[12.5,4.0,22.0],"faces":{"east":{"uv":[0.25,7.125,1.5,8.25],"tintindex":0,"rotation":0,"texture":"#0"},"south":{"uv":[3.875,7.125,5.0,8.25],"tintindex":0,"rotation":0,"texture":"#0"},"north":{"uv":[1.5,7.125,2.625,8.25],"tintindex":0,"rotation":0,"texture":"#0"},"west":{"uv":[2.625,7.125,3.875,8.25],"tintindex":0,"rotation":0,"texture":"#0"},"up":{"uv":[3.75,7.125,2.625,5.875],"tintindex":0,"rotation":0,"texture":"#0"},"down":{"uv":[3.75,5.875,2.625,7.125],"tintindex":0,"rotation":0,"texture":"#0"}}}],"display":{"head":{"rotation":[0.0,0.0,0.0]},"firstperson_righthand":{"rotation":[0.0,0.0,0.0]},"thirdperson_lefthand":{"rotation":[0.0,-0.0,-0.0]},"firstperson_lefthand":{"rotation":[0.0,-0.0,-0.0]},"fixed":{"rotation":[0.0,0.0,0.0]},"ground":{"rotation":[0.0,0.0,0.0]},"thirdperson_righthand":{"rotation":[0.0,0.0,0.0]},"gui":{"rotation":[-150.0,-75.0,-180.0]}}}