{"textures":{"0":"modelengine:block/barnacle"},"elements":[{"from":[7.5,7.5,-16.0],"to":[8.5,8.5,7.0],"faces":{"east":{"uv":[0.25,5.5,3.125,5.625],"tintindex":0,"rotation":0,"texture":"#0"},"south":{"uv":[0.25,5.625,0.375,5.75],"tintindex":0,"rotation":0,"texture":"#0"},"north":{"uv":[0.375,5.625,0.5,5.75],"tintindex":0,"rotation":0,"texture":"#0"},"west":{"uv":[0.25,5.375,3.125,5.5],"tintindex":0,"rotation":0,"texture":"#0"},"up":{"uv":[0.125,5.375,0.25,8.25],"tintindex":0,"rotation":0,"texture":"#0"},"down":{"uv":[0.0,5.375,0.125,8.25],"tintindex":0,"rotation":0,"texture":"#0"}}}],"display":{"head":{"rotation":[0.0,0.0,0.0]},"firstperson_righthand":{"rotation":[0.0,0.0,0.0]},"thirdperson_lefthand":{"rotation":[0.0,-0.0,-0.0]},"firstperson_lefthand":{"rotation":[0.0,-0.0,-0.0]},"fixed":{"rotation":[0.0,0.0,0.0]},"ground":{"rotation":[0.0,0.0,0.0]},"thirdperson_righthand":{"rotation":[0.0,0.0,0.0]},"gui":{"rotation":[-150.0,-75.0,-180.0]}}}