{"textures":{"0":"modelengine:block/improved_husk"},"elements":[{"from":[6.6000004,4.1499996,6.6],"to":[9.4,8.35,9.4],"faces":{"east":{"uv":[1.0,8.5,2.0,10.0],"tintindex":0,"rotation":0,"texture":"#0"},"south":{"uv":[9.0,0.0,10.0,1.5],"tintindex":0,"rotation":0,"texture":"#0"},"north":{"uv":[0.0,8.5,1.0,10.0],"tintindex":0,"rotation":0,"texture":"#0"},"west":{"uv":[9.0,1.5,10.0,3.0],"tintindex":0,"rotation":0,"texture":"#0"},"up":{"uv":[11.0,2.0,10.0,1.0],"tintindex":0,"rotation":0,"texture":"#0"},"down":{"uv":[11.0,2.0,10.0,3.0],"tintindex":0,"rotation":0,"texture":"#0"}}}],"display":{"head":{"rotation":[0.0,0.0,0.0]},"firstperson_righthand":{"rotation":[0.0,0.0,0.0]},"thirdperson_lefthand":{"rotation":[0.0,-0.0,-0.0]},"firstperson_lefthand":{"rotation":[0.0,-0.0,-0.0]},"fixed":{"rotation":[0.0,0.0,0.0]},"ground":{"rotation":[0.0,0.0,0.0]},"thirdperson_righthand":{"rotation":[0.0,0.0,0.0]},"gui":{"rotation":[-150.0,-75.0,-180.0]}}}