{"textures":{"0":"modelengine:block/shark_hammer"},"elements":[{"from":[6.5,-2.2722397,-3.071311],"to":[8.5,12.91526,13.803689],"faces":{"east":{"uv":[6.75,4.25,8.875,6.125],"tintindex":0,"rotation":0,"texture":"#0"},"south":{"uv":[4.75,12.125,5.0,14.0],"tintindex":0,"rotation":0,"texture":"#0"},"north":{"uv":[4.5,12.125,4.75,14.0],"tintindex":0,"rotation":0,"texture":"#0"},"west":{"uv":[8.875,4.25,6.75,6.125],"tintindex":0,"rotation":0,"texture":"#0"},"up":{"uv":[4.0,14.125,3.75,12.0],"tintindex":0,"rotation":0,"texture":"#0"},"down":{"uv":[6.375,12.0,6.125,14.125],"tintindex":0,"rotation":0,"texture":"#0"}}},{"from":[6.49,8.488367,-3.7859209],"to":[8.51,17.789618,20.23408],"faces":{"east":{"uv":[6.75,8.0,9.75,9.125],"tintindex":0,"rotation":0,"texture":"#0"},"south":{"uv":[2.75,9.75,3.0,10.875],"tintindex":0,"rotation":0,"texture":"#0"},"north":{"uv":[5.875,9.25,6.125,10.375],"tintindex":0,"rotation":0,"texture":"#0"},"west":{"uv":[9.75,8.0,6.75,9.125],"tintindex":0,"rotation":0,"texture":"#0"},"up":{"uv":[2.625,14.375,2.375,11.375],"tintindex":0,"rotation":0,"texture":"#0"},"down":{"uv":[11.125,11.625,10.875,14.625],"tintindex":0,"rotation":0,"texture":"#0"}},"rotation":{"origin":[6.5,8.946016,7.5726314],"angle":22.5,"axis":"x"}}],"display":{"head":{"rotation":[0.0,0.0,0.0]},"firstperson_righthand":{"rotation":[0.0,0.0,0.0]},"thirdperson_lefthand":{"rotation":[0.0,-0.0,-0.0]},"firstperson_lefthand":{"rotation":[0.0,-0.0,-0.0]},"fixed":{"rotation":[0.0,0.0,0.0]},"ground":{"rotation":[0.0,0.0,0.0]},"thirdperson_righthand":{"rotation":[0.0,0.0,0.0]},"gui":{"rotation":[-150.0,-75.0,-180.0]}}}