{"textures":{"0":"modelengine:block/shark_hammer"},"elements":[{"from":[20.701782,7.1693,7.551733],"to":[25.681782,8.9493,12.531733],"faces":{"east":{"uv":[13.25,3.625,12.625,3.875],"tintindex":0,"rotation":0,"texture":"#0"},"south":{"uv":[0.625,12.625,0.0,12.875],"tintindex":0,"rotation":0,"texture":"#0"},"north":{"uv":[10.0,12.5,9.375,12.75],"tintindex":0,"rotation":0,"texture":"#0"},"west":{"uv":[10.625,12.5,10.0,12.75],"tintindex":0,"rotation":0,"texture":"#0"},"up":{"uv":[12.125,1.0,12.75,0.375],"tintindex":0,"rotation":0,"texture":"#0"},"down":{"uv":[12.125,1.0,12.75,1.625],"tintindex":0,"rotation":0,"texture":"#0"}},"rotation":{"origin":[22.77311,7.940943,9.610405],"angle":-45.0,"axis":"y"}},{"from":[8.744704,7.1853805,6.668622],"to":[22.744703,8.935381,13.668622],"faces":{"east":{"uv":[5.875,12.5,5.0,12.75],"tintindex":0,"rotation":0,"texture":"#0"},"south":{"uv":[13.5,6.25,11.75,6.5],"tintindex":0,"rotation":0,"texture":"#0"},"north":{"uv":[8.375,2.25,6.625,2.5],"tintindex":0,"rotation":0,"texture":"#0"},"west":{"uv":[10.625,8.875,9.75,9.125],"tintindex":0,"rotation":0,"texture":"#0"},"up":{"uv":[10.375,0.875,12.125,0.0],"tintindex":0,"rotation":0,"texture":"#0"},"down":{"uv":[10.375,0.0,12.125,0.875],"tintindex":0,"rotation":0,"texture":"#0"}}},{"from":[11.591204,7.1592665,4.378443],"to":[21.591204,8.959267,8.378443],"faces":{"east":{"uv":[8.875,2.0,8.375,2.25],"tintindex":0,"rotation":0,"texture":"#0"},"south":{"uv":[13.125,12.375,11.875,12.625],"tintindex":0,"rotation":0,"texture":"#0"},"north":{"uv":[8.625,12.25,7.375,12.5],"tintindex":0,"rotation":0,"texture":"#0"},"west":{"uv":[8.875,1.75,8.375,2.0],"tintindex":0,"rotation":0,"texture":"#0"},"up":{"uv":[11.625,10.375,12.875,9.875],"tintindex":0,"rotation":0,"texture":"#0"},"down":{"uv":[11.75,4.25,13.0,4.75],"tintindex":0,"rotation":0,"texture":"#0"}},"rotation":{"origin":[16.343376,7.911208,8.175383],"angle":-22.5,"axis":"y"}},{"from":[6.785533,6.4892864,4.353038],"to":[11.785533,9.489286,16.353037],"faces":{"east":{"uv":[13.375,8.0,11.875,8.375],"tintindex":0,"rotation":0,"texture":"#0"},"south":{"uv":[3.25,12.5,2.625,12.875],"tintindex":0,"rotation":0,"texture":"#0"},"north":{"uv":[5.625,12.125,5.0,12.5],"tintindex":0,"rotation":0,"texture":"#0"},"west":{"uv":[13.25,5.875,11.75,6.25],"tintindex":0,"rotation":0,"texture":"#0"},"up":{"uv":[1.125,12.875,1.75,11.375],"tintindex":0,"rotation":0,"texture":"#0"},"down":{"uv":[1.75,11.375,2.375,12.875],"tintindex":0,"rotation":0,"texture":"#0"}},"rotation":{"origin":[16.343376,7.911208,8.175383],"angle":-22.5,"axis":"y"}}],"display":{"head":{"rotation":[0.0,0.0,0.0]},"firstperson_righthand":{"rotation":[0.0,0.0,0.0]},"thirdperson_lefthand":{"rotation":[0.0,-0.0,-0.0]},"firstperson_lefthand":{"rotation":[0.0,-0.0,-0.0]},"fixed":{"rotation":[0.0,0.0,0.0]},"ground":{"rotation":[0.0,0.0,0.0]},"thirdperson_righthand":{"rotation":[0.0,0.0,0.0]},"gui":{"rotation":[-150.0,-75.0,-180.0]}}}