{"textures":{"0":"modelengine:block/shark_hammer"},"elements":[{"from":[4.214467,6.4892864,4.353038],"to":[9.214467,9.489286,16.353037],"faces":{"east":{"uv":[11.75,5.875,13.25,6.25],"tintindex":0,"rotation":0,"texture":"#0"},"south":{"uv":[2.625,12.5,3.25,12.875],"tintindex":0,"rotation":0,"texture":"#0"},"north":{"uv":[5.0,12.125,5.625,12.5],"tintindex":0,"rotation":0,"texture":"#0"},"west":{"uv":[11.875,8.0,13.375,8.375],"tintindex":0,"rotation":0,"texture":"#0"},"up":{"uv":[1.75,12.875,1.125,11.375],"tintindex":0,"rotation":0,"texture":"#0"},"down":{"uv":[2.375,11.375,1.75,12.875],"tintindex":0,"rotation":0,"texture":"#0"}},"rotation":{"origin":[-0.34337616,7.911208,8.175383],"angle":22.5,"axis":"y"}},{"from":[-9.681782,7.1693,7.551733],"to":[-4.701782,8.9493,12.531733],"faces":{"east":{"uv":[10.0,12.5,10.625,12.75],"tintindex":0,"rotation":0,"texture":"#0"},"south":{"uv":[0.0,12.625,0.625,12.875],"tintindex":0,"rotation":0,"texture":"#0"},"north":{"uv":[9.375,12.5,10.0,12.75],"tintindex":0,"rotation":0,"texture":"#0"},"west":{"uv":[12.625,3.625,13.25,3.875],"tintindex":0,"rotation":0,"texture":"#0"},"up":{"uv":[12.75,1.0,12.125,0.375],"tintindex":0,"rotation":0,"texture":"#0"},"down":{"uv":[12.75,1.0,12.125,1.625],"tintindex":0,"rotation":0,"texture":"#0"}},"rotation":{"origin":[-6.7731094,7.940943,9.610405],"angle":45.0,"axis":"y"}},{"from":[-6.7447033,7.1853805,6.668622],"to":[7.2552958,8.935381,13.668622],"faces":{"east":{"uv":[9.75,8.875,10.625,9.125],"tintindex":0,"rotation":0,"texture":"#0"},"south":{"uv":[11.75,6.25,13.5,6.5],"tintindex":0,"rotation":0,"texture":"#0"},"north":{"uv":[6.625,2.25,8.375,2.5],"tintindex":0,"rotation":0,"texture":"#0"},"west":{"uv":[5.0,12.5,5.875,12.75],"tintindex":0,"rotation":0,"texture":"#0"},"up":{"uv":[12.125,0.875,10.375,0.0],"tintindex":0,"rotation":0,"texture":"#0"},"down":{"uv":[12.125,0.0,10.375,0.875],"tintindex":0,"rotation":0,"texture":"#0"}}},{"from":[-5.5912037,7.1592665,4.378443],"to":[4.4087963,8.959267,8.378443],"faces":{"east":{"uv":[8.375,1.75,8.875,2.0],"tintindex":0,"rotation":0,"texture":"#0"},"south":{"uv":[11.875,12.375,13.125,12.625],"tintindex":0,"rotation":0,"texture":"#0"},"north":{"uv":[7.375,12.25,8.625,12.5],"tintindex":0,"rotation":0,"texture":"#0"},"west":{"uv":[8.375,2.0,8.875,2.25],"tintindex":0,"rotation":0,"texture":"#0"},"up":{"uv":[12.875,10.375,11.625,9.875],"tintindex":0,"rotation":0,"texture":"#0"},"down":{"uv":[13.0,4.25,11.75,4.75],"tintindex":0,"rotation":0,"texture":"#0"}},"rotation":{"origin":[-0.34337616,7.911208,8.175383],"angle":22.5,"axis":"y"}}],"display":{"head":{"rotation":[0.0,0.0,0.0]},"firstperson_righthand":{"rotation":[0.0,0.0,0.0]},"thirdperson_lefthand":{"rotation":[0.0,-0.0,-0.0]},"firstperson_lefthand":{"rotation":[0.0,-0.0,-0.0]},"fixed":{"rotation":[0.0,0.0,0.0]},"ground":{"rotation":[0.0,0.0,0.0]},"thirdperson_righthand":{"rotation":[0.0,0.0,0.0]},"gui":{"rotation":[-150.0,-75.0,-180.0]}}}