{"textures":{"0":"modelengine:block/shark_hammer"},"elements":[{"from":[1.0100002,7.01,-6.4900007],"to":[14.01,14.01,10.51],"faces":{"east":{"uv":[9.75,8.0,11.875,8.875],"tintindex":0,"rotation":0,"texture":"#0"},"south":{"uv":[4.5,10.75,6.125,11.625],"tintindex":0,"rotation":0,"texture":"#0"},"north":{"uv":[9.25,10.625,10.875,11.5],"tintindex":0,"rotation":0,"texture":"#0"},"west":{"uv":[11.875,8.0,9.75,8.875],"tintindex":0,"rotation":0,"texture":"#0"},"up":{"uv":[1.625,9.625,0.0,7.5],"tintindex":0,"rotation":0,"texture":"#0"},"down":{"uv":[3.25,7.625,1.625,9.75],"tintindex":0,"rotation":0,"texture":"#0"}}},{"from":[-8.5,11.316687,-10.024021],"to":[23.5,13.316687,-0.024020195],"faces":{"east":{"uv":[6.375,12.5,7.625,12.75],"tintindex":0,"rotation":0,"texture":"#0"},"south":{"uv":[11.25,2.875,15.25,3.125],"tintindex":0,"rotation":0,"texture":"#0"},"north":{"uv":[11.25,2.625,15.25,2.875],"tintindex":0,"rotation":0,"texture":"#0"},"west":{"uv":[7.625,12.5,8.875,12.75],"tintindex":0,"rotation":0,"texture":"#0"},"up":{"uv":[6.625,1.25,2.625,0.0],"tintindex":0,"rotation":0,"texture":"#0"},"down":{"uv":[6.625,1.25,2.625,2.5],"tintindex":0,"rotation":0,"texture":"#0"}}},{"from":[1.49,3.99,-5.510001],"to":[13.51,7.01,5.51],"faces":{"east":{"uv":[12.0,11.125,13.375,11.5],"tintindex":0,"rotation":0,"texture":"#0"},"north":{"uv":[11.875,8.375,13.375,8.75],"tintindex":0,"rotation":0,"texture":"#0"},"west":{"uv":[12.125,0.0,13.5,0.375],"tintindex":0,"rotation":0,"texture":"#0"}}},{"from":[-7.9138937,11.326687,-2.9103024],"to":[3.066106,13.306686,2.0696976],"faces":{"east":{"uv":[12.625,3.875,13.25,4.125],"tintindex":0,"rotation":0,"texture":"#0"},"south":{"uv":[12.25,1.625,13.625,1.875],"tintindex":0,"rotation":0,"texture":"#0"},"north":{"uv":[11.875,12.125,13.25,12.375],"tintindex":0,"rotation":0,"texture":"#0"},"west":{"uv":[11.875,12.625,12.5,12.875],"tintindex":0,"rotation":0,"texture":"#0"},"up":{"uv":[12.625,4.25,11.25,3.625],"tintindex":0,"rotation":0,"texture":"#0"},"down":{"uv":[12.875,6.5,11.5,7.125],"tintindex":0,"rotation":0,"texture":"#0"}},"rotation":{"origin":[-2.923894,12.316687,-0.4203024],"angle":-22.5,"axis":"y"}},{"from":[23.146446,10.316687,-11.024021],"to":[27.146446,14.316687,2.9759798],"faces":{"east":{"uv":[13.0,3.125,11.25,3.625],"tintindex":0,"rotation":0,"texture":"#0"},"south":{"uv":[6.75,8.125,6.25,8.625],"tintindex":0,"rotation":0,"texture":"#0"},"north":{"uv":[3.75,7.625,3.25,8.125],"tintindex":0,"rotation":0,"texture":"#0"},"west":{"uv":[8.375,1.75,6.625,2.25],"tintindex":0,"rotation":0,"texture":"#0"},"up":{"uv":[4.0,12.75,4.5,11.0],"tintindex":0,"rotation":0,"texture":"#0"},"down":{"uv":[8.875,11.5,9.375,13.25],"tintindex":0,"rotation":0,"texture":"#0"}},"rotation":{"origin":[25.146446,12.316687,-4.02402],"angle":-45.0,"axis":"z"}},{"from":[-12.146446,10.316687,-11.024021],"to":[-8.146446,14.316687,2.9759798],"faces":{"east":{"uv":[6.625,1.75,8.375,2.25],"tintindex":0,"rotation":0,"texture":"#0"},"south":{"uv":[6.25,8.125,6.75,8.625],"tintindex":0,"rotation":0,"texture":"#0"},"north":{"uv":[3.25,7.625,3.75,8.125],"tintindex":0,"rotation":0,"texture":"#0"},"west":{"uv":[11.25,3.125,13.0,3.625],"tintindex":0,"rotation":0,"texture":"#0"},"up":{"uv":[4.5,12.75,4.0,11.0],"tintindex":0,"rotation":0,"texture":"#0"},"down":{"uv":[9.375,11.5,8.875,13.25],"tintindex":0,"rotation":0,"texture":"#0"}},"rotation":{"origin":[-10.146446,12.316687,-4.02402],"angle":45.0,"axis":"z"}},{"from":[1.0200002,10.03923,2.2123687],"to":[14.0,14.01923,11.192368],"faces":{"east":{"uv":[11.875,11.625,13.0,12.125],"tintindex":0,"rotation":0,"texture":"#0"},"south":{"uv":[4.5,11.625,6.125,12.125],"tintindex":0,"rotation":0,"texture":"#0"},"north":{"uv":[11.5,7.125,13.125,7.625],"tintindex":0,"rotation":0,"texture":"#0"},"west":{"uv":[13.0,11.625,11.875,12.125],"tintindex":0,"rotation":0,"texture":"#0"},"up":{"uv":[11.75,5.375,10.125,4.25],"tintindex":0,"rotation":0,"texture":"#0"},"down":{"uv":[11.75,5.375,10.125,6.5],"tintindex":0,"rotation":0,"texture":"#0"}},"rotation":{"origin":[7.51,14.02923,2.7023687],"angle":-22.5,"axis":"x"}},{"from":[11.933894,11.326687,-2.9103024],"to":[22.913893,13.306686,2.0696976],"faces":{"east":{"uv":[12.5,12.625,11.875,12.875],"tintindex":0,"rotation":0,"texture":"#0"},"south":{"uv":[13.625,1.625,12.25,1.875],"tintindex":0,"rotation":0,"texture":"#0"},"north":{"uv":[13.25,12.125,11.875,12.375],"tintindex":0,"rotation":0,"texture":"#0"},"west":{"uv":[13.25,3.875,12.625,4.125],"tintindex":0,"rotation":0,"texture":"#0"},"up":{"uv":[11.25,4.25,12.625,3.625],"tintindex":0,"rotation":0,"texture":"#0"},"down":{"uv":[11.5,6.5,12.875,7.125],"tintindex":0,"rotation":0,"texture":"#0"}},"rotation":{"origin":[17.923893,12.316687,-0.4203024],"angle":22.5,"axis":"y"}}],"display":{"head":{"rotation":[0.0,0.0,0.0]},"firstperson_righthand":{"rotation":[0.0,0.0,0.0]},"thirdperson_lefthand":{"rotation":[0.0,-0.0,-0.0]},"firstperson_lefthand":{"rotation":[0.0,-0.0,-0.0]},"fixed":{"rotation":[0.0,0.0,0.0]},"ground":{"rotation":[0.0,0.0,0.0]},"thirdperson_righthand":{"rotation":[0.0,0.0,0.0]},"gui":{"rotation":[-150.0,-75.0,-180.0]}}}