{"textures":{"0":"modelengine:block/shark_hammer"},"elements":[{"from":[0.0,-4.611045,6.92807],"to":[15.0,15.388956,27.92807],"faces":{"east":{"uv":[0.0,0.0,2.625,2.5],"tintindex":0,"rotation":0,"texture":"#0"},"south":{"uv":[1.875,5.125,3.75,7.625],"tintindex":0,"rotation":0,"texture":"#0"},"north":{"uv":[0.0,5.0,1.875,7.5],"tintindex":0,"rotation":0,"texture":"#0"},"west":{"uv":[2.625,0.0,0.0,2.5],"tintindex":0,"rotation":0,"texture":"#0"},"up":{"uv":[4.5,5.125,2.625,2.5],"tintindex":0,"rotation":0,"texture":"#0"},"down":{"uv":[6.375,2.5,4.5,5.125],"tintindex":0,"rotation":0,"texture":"#0"}}},{"from":[1.5,-2.9441366,4.171486],"to":[13.5,12.055863,7.171486],"faces":{"east":{"uv":[11.125,11.625,11.5,13.5],"tintindex":0,"rotation":0,"texture":"#0"},"south":{"uv":[7.75,9.125,9.25,11.0],"tintindex":0,"rotation":0,"texture":"#0"},"north":{"uv":[6.25,9.125,7.75,11.0],"tintindex":0,"rotation":0,"texture":"#0"},"west":{"uv":[11.5,11.625,11.875,13.5],"tintindex":0,"rotation":0,"texture":"#0"},"up":{"uv":[13.25,5.5,11.75,5.125],"tintindex":0,"rotation":0,"texture":"#0"},"down":{"uv":[13.25,5.5,11.75,5.875],"tintindex":0,"rotation":0,"texture":"#0"}}}],"display":{"head":{"rotation":[0.0,0.0,0.0]},"firstperson_righthand":{"rotation":[0.0,0.0,0.0]},"thirdperson_lefthand":{"rotation":[0.0,-0.0,-0.0]},"firstperson_lefthand":{"rotation":[0.0,-0.0,-0.0]},"fixed":{"rotation":[0.0,0.0,0.0]},"ground":{"rotation":[0.0,0.0,0.0]},"thirdperson_righthand":{"rotation":[0.0,0.0,0.0]},"gui":{"rotation":[-150.0,-75.0,-180.0]}}}