{"textures":{"0":"modelengine:block/shark_hammer"},"elements":[{"from":[3.5,2.152935,8.147812],"to":[12.5,12.152935,21.147812],"faces":{"east":{"uv":[8.875,6.75,10.5,8.0],"tintindex":0,"rotation":0,"texture":"#0"},"south":{"uv":[10.875,10.375,12.0,11.625],"tintindex":0,"rotation":0,"texture":"#0"},"north":{"uv":[0.0,10.875,1.125,12.125],"tintindex":0,"rotation":0,"texture":"#0"},"west":{"uv":[10.5,6.75,8.875,8.0],"tintindex":0,"rotation":0,"texture":"#0"},"up":{"uv":[2.75,11.375,1.625,9.75],"tintindex":0,"rotation":0,"texture":"#0"},"down":{"uv":[11.25,2.625,10.125,4.25],"tintindex":0,"rotation":0,"texture":"#0"}}}],"display":{"head":{"rotation":[0.0,0.0,0.0]},"firstperson_righthand":{"rotation":[0.0,0.0,0.0]},"thirdperson_lefthand":{"rotation":[0.0,-0.0,-0.0]},"firstperson_lefthand":{"rotation":[0.0,-0.0,-0.0]},"fixed":{"rotation":[0.0,0.0,0.0]},"ground":{"rotation":[0.0,0.0,0.0]},"thirdperson_righthand":{"rotation":[0.0,0.0,0.0]},"gui":{"rotation":[-150.0,-75.0,-180.0]}}}