{"textures":{"0":"modelengine:block/shark_hammer"},"elements":[{"from":[2.99,0.6329348,7.877812],"to":[13.01,14.152935,27.397812],"faces":{"east":{"uv":[6.375,2.5,8.875,4.25],"tintindex":0,"rotation":0,"texture":"#0"},"south":{"uv":[3.25,9.25,4.5,11.0],"tintindex":0,"rotation":0,"texture":"#0"},"north":{"uv":[9.125,0.0,10.375,1.75],"tintindex":0,"rotation":0,"texture":"#0"},"west":{"uv":[8.875,2.5,6.375,4.25],"tintindex":0,"rotation":0,"texture":"#0"},"up":{"uv":[10.125,4.25,8.875,1.75],"tintindex":0,"rotation":0,"texture":"#0"},"down":{"uv":[10.125,4.25,8.875,6.75],"tintindex":0,"rotation":0,"texture":"#0"}}},{"from":[3.99,-0.61155677,4.807907],"to":[12.01,3.4084432,16.827908],"faces":{"east":{"uv":[11.625,8.875,13.125,9.375],"tintindex":0,"rotation":0,"texture":"#0"},"south":{"uv":[0.0,12.125,1.0,12.625],"tintindex":0,"rotation":0,"texture":"#0"},"north":{"uv":[6.375,12.0,7.375,12.5],"tintindex":0,"rotation":0,"texture":"#0"},"west":{"uv":[13.125,8.875,11.625,9.375],"tintindex":0,"rotation":0,"texture":"#0"},"up":{"uv":[11.5,8.0,10.5,6.5],"tintindex":0,"rotation":0,"texture":"#0"},"down":{"uv":[11.625,8.875,10.625,10.375],"tintindex":0,"rotation":0,"texture":"#0"}},"rotation":{"origin":[8.0,5.148443,14.067907],"angle":-22.5,"axis":"x"}}],"display":{"head":{"rotation":[0.0,0.0,0.0]},"firstperson_righthand":{"rotation":[0.0,0.0,0.0]},"thirdperson_lefthand":{"rotation":[0.0,-0.0,-0.0]},"firstperson_lefthand":{"rotation":[0.0,-0.0,-0.0]},"fixed":{"rotation":[0.0,0.0,0.0]},"ground":{"rotation":[0.0,0.0,0.0]},"thirdperson_righthand":{"rotation":[0.0,0.0,0.0]},"gui":{"rotation":[-150.0,-75.0,-180.0]}}}