{"textures":{"0":"modelengine:block/shark_hammer"},"elements":[{"from":[5.0,3.2294016,7.4480705],"to":[11.0,11.229402,17.44807],"faces":{"east":{"uv":[2.75,11.0,4.0,12.0],"tintindex":0,"rotation":0,"texture":"#0"},"south":{"uv":[10.125,11.5,10.875,12.5],"tintindex":0,"rotation":0,"texture":"#0"},"north":{"uv":[9.375,11.5,10.125,12.5],"tintindex":0,"rotation":0,"texture":"#0"},"west":{"uv":[4.0,11.0,2.75,12.0],"tintindex":0,"rotation":0,"texture":"#0"},"up":{"uv":[8.125,12.25,7.375,11.0],"tintindex":0,"rotation":0,"texture":"#0"},"down":{"uv":[8.875,11.0,8.125,12.25],"tintindex":0,"rotation":0,"texture":"#0"}}},{"from":[7.99,-2.7805984,13.43807],"to":[8.01,21.239403,25.45807],"faces":{"east":{"uv":[3.75,5.125,5.25,8.125],"tintindex":0,"rotation":0,"texture":"#0"},"west":{"uv":[5.25,5.125,3.75,8.125],"tintindex":0,"rotation":0,"texture":"#0"}},"rotation":{"origin":[8.0,8.229402,18.44807],"angle":22.5,"axis":"x"}}],"display":{"head":{"rotation":[0.0,0.0,0.0]},"firstperson_righthand":{"rotation":[0.0,0.0,0.0]},"thirdperson_lefthand":{"rotation":[0.0,-0.0,-0.0]},"firstperson_lefthand":{"rotation":[0.0,-0.0,-0.0]},"fixed":{"rotation":[0.0,0.0,0.0]},"ground":{"rotation":[0.0,0.0,0.0]},"thirdperson_righthand":{"rotation":[0.0,0.0,0.0]},"gui":{"rotation":[-150.0,-75.0,-180.0]}}}