{"textures":{"0":"modelengine:block/baby_meerkat"},"elements":[{"from":[7.209611,6.1415305,7.178785],"to":[8.716405,8.052767,8.796554],"faces":{"east":{"uv":[6.0,10.0,7.0,11.0],"tintindex":0,"rotation":0,"texture":"#0"},"south":{"uv":[10.0,6.5,11.0,7.5],"tintindex":0,"rotation":0,"texture":"#0"},"north":{"uv":[10.0,5.5,11.0,6.5],"tintindex":0,"rotation":0,"texture":"#0"},"west":{"uv":[7.0,10.0,8.0,11.0],"tintindex":0,"rotation":0,"texture":"#0"},"up":{"uv":[9.0,11.0,8.0,10.0],"tintindex":0,"rotation":0,"texture":"#0"},"down":{"uv":[11.0,8.5,10.0,9.5],"tintindex":0,"rotation":0,"texture":"#0"}}}],"display":{"head":{"rotation":[0.0,0.0,0.0]},"firstperson_righthand":{"rotation":[0.0,0.0,0.0]},"thirdperson_lefthand":{"rotation":[0.0,-0.0,-0.0]},"firstperson_lefthand":{"rotation":[0.0,-0.0,-0.0]},"fixed":{"rotation":[0.0,0.0,0.0]},"ground":{"rotation":[0.0,0.0,0.0]},"thirdperson_righthand":{"rotation":[0.0,0.0,0.0]},"gui":{"rotation":[-150.0,-75.0,-180.0]}}}