{"textures":{"0":"modelengine:block/baby_meerkat"},"elements":[{"from":[7.357578,7.08199,6.6597953],"to":[8.864372,8.808268,9.094464],"faces":{"east":{"uv":[6.5,7.0,8.0,8.0],"tintindex":0,"rotation":0,"texture":"#0"},"south":{"uv":[10.0,4.5,11.0,5.5],"tintindex":0,"rotation":0,"texture":"#0"},"north":{"uv":[4.0,10.0,5.0,11.0],"tintindex":0,"rotation":0,"texture":"#0"},"west":{"uv":[7.5,2.5,9.0,3.5],"tintindex":0,"rotation":0,"texture":"#0"},"up":{"uv":[8.5,5.0,7.5,3.5],"tintindex":0,"rotation":0,"texture":"#0"},"down":{"uv":[1.0,8.0,0.0,9.5],"tintindex":0,"rotation":0,"texture":"#0"}}}],"display":{"head":{"rotation":[0.0,0.0,0.0]},"firstperson_righthand":{"rotation":[0.0,0.0,0.0]},"thirdperson_lefthand":{"rotation":[0.0,-0.0,-0.0]},"firstperson_lefthand":{"rotation":[0.0,-0.0,-0.0]},"fixed":{"rotation":[0.0,0.0,0.0]},"ground":{"rotation":[0.0,0.0,0.0]},"thirdperson_righthand":{"rotation":[0.0,0.0,0.0]},"gui":{"rotation":[-150.0,-75.0,-180.0]}}}