{"textures":{"0":"modelengine:block/baby_meerkat"},"elements":[{"from":[6.816266,5.315213,4.5142055],"to":[9.183734,7.682681,12.405764],"faces":{"east":{"uv":[0.0,0.0,4.0,1.0],"tintindex":0,"rotation":0,"texture":"#0"},"south":{"uv":[1.0,8.0,2.0,9.0],"tintindex":0,"rotation":0,"texture":"#0"},"north":{"uv":[8.0,0.0,9.0,1.0],"tintindex":0,"rotation":0,"texture":"#0"},"west":{"uv":[0.0,1.0,4.0,2.0],"tintindex":0,"rotation":0,"texture":"#0"},"up":{"uv":[1.0,6.0,0.0,2.0],"tintindex":0,"rotation":0,"texture":"#0"},"down":{"uv":[2.0,2.0,1.0,6.0],"tintindex":0,"rotation":0,"texture":"#0"}}}],"display":{"head":{"rotation":[0.0,0.0,0.0]},"firstperson_righthand":{"rotation":[0.0,0.0,0.0]},"thirdperson_lefthand":{"rotation":[0.0,-0.0,-0.0]},"firstperson_lefthand":{"rotation":[0.0,-0.0,-0.0]},"fixed":{"rotation":[0.0,0.0,0.0]},"ground":{"rotation":[0.0,0.0,0.0]},"thirdperson_righthand":{"rotation":[0.0,0.0,0.0]},"gui":{"rotation":[-150.0,-75.0,-180.0]}}}