{"textures":{"0":"modelengine:block/baby_meerkat"},"elements":[{"from":[7.3884044,6.30948,7.050058],"to":[8.694826,8.23613,8.667828],"faces":{"east":{"uv":[7.0,9.0,8.0,10.0],"tintindex":0,"rotation":0,"texture":"#0"},"south":{"uv":[8.0,9.0,9.0,10.0],"tintindex":0,"rotation":0,"texture":"#0"},"north":{"uv":[9.0,6.5,10.0,7.5],"tintindex":0,"rotation":0,"texture":"#0"},"west":{"uv":[9.0,9.0,10.0,10.0],"tintindex":0,"rotation":0,"texture":"#0"},"up":{"uv":[1.0,10.5,0.0,9.5],"tintindex":0,"rotation":0,"texture":"#0"},"down":{"uv":[10.5,3.5,9.5,4.5],"tintindex":0,"rotation":0,"texture":"#0"}}}],"display":{"head":{"rotation":[0.0,0.0,0.0]},"firstperson_righthand":{"rotation":[0.0,0.0,0.0]},"thirdperson_lefthand":{"rotation":[0.0,-0.0,-0.0]},"firstperson_lefthand":{"rotation":[0.0,-0.0,-0.0]},"fixed":{"rotation":[0.0,0.0,0.0]},"ground":{"rotation":[0.0,0.0,0.0]},"thirdperson_righthand":{"rotation":[0.0,0.0,0.0]},"gui":{"rotation":[-150.0,-75.0,-180.0]}}}