{"textures":{"0":"modelengine:block/baby_meerkat"},"elements":[{"from":[7.357578,7.141793,7.20419],"to":[8.710239,8.868071,8.821959],"faces":{"east":{"uv":[3.0,9.0,4.0,10.0],"tintindex":0,"rotation":0,"texture":"#0"},"south":{"uv":[4.0,9.0,5.0,10.0],"tintindex":0,"rotation":0,"texture":"#0"},"north":{"uv":[9.0,2.5,10.0,3.5],"tintindex":0,"rotation":0,"texture":"#0"},"west":{"uv":[9.0,4.5,10.0,5.5],"tintindex":0,"rotation":0,"texture":"#0"},"up":{"uv":[10.0,6.5,9.0,5.5],"tintindex":0,"rotation":0,"texture":"#0"},"down":{"uv":[7.0,9.0,6.0,10.0],"tintindex":0,"rotation":0,"texture":"#0"}}}],"display":{"head":{"rotation":[0.0,0.0,0.0]},"firstperson_righthand":{"rotation":[0.0,0.0,0.0]},"thirdperson_lefthand":{"rotation":[0.0,-0.0,-0.0]},"firstperson_lefthand":{"rotation":[0.0,-0.0,-0.0]},"fixed":{"rotation":[0.0,0.0,0.0]},"ground":{"rotation":[0.0,0.0,0.0]},"thirdperson_righthand":{"rotation":[0.0,0.0,0.0]},"gui":{"rotation":[-150.0,-75.0,-180.0]}}}