{"textures":{"0":"modelengine:block/baby_meerkat"},"elements":[{"from":[7.403817,7.3884044,6.6647277],"to":[8.679413,8.6677,7.974233],"faces":{"east":{"uv":[10.5,3.5,11.5,4.0],"tintindex":0,"rotation":0,"texture":"#0"},"south":{"uv":[9.0,7.5,9.5,8.0],"tintindex":0,"rotation":0,"texture":"#0"},"north":{"uv":[6.0,8.5,6.5,9.0],"tintindex":0,"rotation":0,"texture":"#0"},"west":{"uv":[10.5,4.0,11.5,4.5],"tintindex":0,"rotation":0,"texture":"#0"},"up":{"uv":[5.5,11.5,5.0,10.5],"tintindex":0,"rotation":0,"texture":"#0"},"down":{"uv":[6.0,10.5,5.5,11.5],"tintindex":0,"rotation":0,"texture":"#0"}}}],"display":{"head":{"rotation":[0.0,0.0,0.0]},"firstperson_righthand":{"rotation":[0.0,0.0,0.0]},"thirdperson_lefthand":{"rotation":[0.0,-0.0,-0.0]},"firstperson_lefthand":{"rotation":[0.0,-0.0,-0.0]},"fixed":{"rotation":[0.0,0.0,0.0]},"ground":{"rotation":[0.0,0.0,0.0]},"thirdperson_righthand":{"rotation":[0.0,0.0,0.0]},"gui":{"rotation":[-150.0,-75.0,-180.0]}}}