{"textures":{"0":"modelengine:block/baby_meerkat"},"elements":[{"from":[7.2564673,6.987661,7.20419],"to":[8.609129,8.713939,8.821959],"faces":{"east":{"uv":[8.0,5.0,9.0,6.0],"tintindex":0,"rotation":0,"texture":"#0"},"south":{"uv":[8.0,6.0,9.0,7.0],"tintindex":0,"rotation":0,"texture":"#0"},"north":{"uv":[4.0,8.0,5.0,9.0],"tintindex":0,"rotation":0,"texture":"#0"},"west":{"uv":[6.5,8.0,7.5,9.0],"tintindex":0,"rotation":0,"texture":"#0"},"up":{"uv":[9.0,8.0,8.0,7.0],"tintindex":0,"rotation":0,"texture":"#0"},"down":{"uv":[8.5,8.0,7.5,9.0],"tintindex":0,"rotation":0,"texture":"#0"}}}],"display":{"head":{"rotation":[0.0,0.0,0.0]},"firstperson_righthand":{"rotation":[0.0,0.0,0.0]},"thirdperson_lefthand":{"rotation":[0.0,-0.0,-0.0]},"firstperson_lefthand":{"rotation":[0.0,-0.0,-0.0]},"fixed":{"rotation":[0.0,0.0,0.0]},"ground":{"rotation":[0.0,0.0,0.0]},"thirdperson_righthand":{"rotation":[0.0,0.0,0.0]},"gui":{"rotation":[-150.0,-75.0,-180.0]}}}