{"textures":{"0":"modelengine:block/baby_meerkat"},"elements":[{"from":[4.7705173,6.8668537,6.411335],"to":[11.083764,8.247877,7.2004905],"faces":{"east":{"uv":[4.0,1.5,4.5,2.0],"tintindex":0,"rotation":0,"texture":"#0"},"south":{"uv":[4.0,6.5,7.0,7.0],"tintindex":0,"rotation":0,"texture":"#0"},"north":{"uv":[6.5,1.0,9.5,1.5],"tintindex":0,"rotation":0,"texture":"#0"},"west":{"uv":[7.0,2.5,7.5,3.0],"tintindex":0,"rotation":0,"texture":"#0"},"up":{"uv":[10.0,2.0,7.0,1.5],"tintindex":0,"rotation":0,"texture":"#0"},"down":{"uv":[10.0,2.0,7.0,2.5],"tintindex":0,"rotation":0,"texture":"#0"}}},{"from":[6.7299523,6.140189,3.6246285],"to":[9.270048,8.113079,5.030312],"faces":{"east":{"uv":[1.5,6.0,2.0,7.0],"tintindex":0,"rotation":0,"texture":"#0"},"south":{"uv":[6.5,0.0,8.0,1.0],"tintindex":0,"rotation":0,"texture":"#0"},"north":{"uv":[0.0,6.0,1.5,7.0],"tintindex":0,"rotation":0,"texture":"#0"},"west":{"uv":[1.5,7.0,2.0,8.0],"tintindex":0,"rotation":0,"texture":"#0"},"up":{"uv":[11.5,3.5,10.0,3.0],"tintindex":0,"rotation":0,"texture":"#0"},"down":{"uv":[10.5,10.0,9.0,10.5],"tintindex":0,"rotation":0,"texture":"#0"}}},{"from":[5.6325326,5.9429007,5.030312],"to":[10.367468,9.099524,8.186935],"faces":{"east":{"uv":[4.0,5.0,5.5,6.5],"tintindex":0,"rotation":0,"texture":"#0"},"south":{"uv":[2.0,3.5,4.5,5.0],"tintindex":0,"rotation":0,"texture":"#0"},"north":{"uv":[2.0,2.0,4.5,3.5],"tintindex":0,"rotation":0,"texture":"#0"},"west":{"uv":[5.5,5.0,7.0,6.5],"tintindex":0,"rotation":0,"texture":"#0"},"up":{"uv":[6.5,1.5,4.0,0.0],"tintindex":0,"rotation":0,"texture":"#0"},"down":{"uv":[7.0,1.5,4.5,3.0],"tintindex":0,"rotation":0,"texture":"#0"}}}],"display":{"head":{"rotation":[0.0,0.0,0.0]},"firstperson_righthand":{"rotation":[0.0,0.0,0.0]},"thirdperson_lefthand":{"rotation":[0.0,-0.0,-0.0]},"firstperson_lefthand":{"rotation":[0.0,-0.0,-0.0]},"fixed":{"rotation":[0.0,0.0,0.0]},"ground":{"rotation":[0.0,0.0,0.0]},"thirdperson_righthand":{"rotation":[0.0,0.0,0.0]},"gui":{"rotation":[-150.0,-75.0,-180.0]}}}