{"textures":{"0":"modelengine:block/baby_meerkat"},"elements":[{"from":[7.2897596,7.4478173,7.201681],"to":[8.710239,8.868298,12.567941],"faces":{"east":{"uv":[4.5,3.0,7.5,4.0],"tintindex":0,"rotation":0,"texture":"#0"},"south":{"uv":[3.0,8.0,4.0,9.0],"tintindex":0,"rotation":0,"texture":"#0"},"north":{"uv":[2.0,8.0,3.0,9.0],"tintindex":0,"rotation":0,"texture":"#0"},"west":{"uv":[4.5,4.0,7.5,5.0],"tintindex":0,"rotation":0,"texture":"#0"},"up":{"uv":[3.0,8.0,2.0,5.0],"tintindex":0,"rotation":0,"texture":"#0"},"down":{"uv":[4.0,5.0,3.0,8.0],"tintindex":0,"rotation":0,"texture":"#0"}}}],"display":{"head":{"rotation":[0.0,0.0,0.0]},"firstperson_righthand":{"rotation":[0.0,0.0,0.0]},"thirdperson_lefthand":{"rotation":[0.0,-0.0,-0.0]},"firstperson_lefthand":{"rotation":[0.0,-0.0,-0.0]},"fixed":{"rotation":[0.0,0.0,0.0]},"ground":{"rotation":[0.0,0.0,0.0]},"thirdperson_righthand":{"rotation":[0.0,0.0,0.0]},"gui":{"rotation":[-150.0,-75.0,-180.0]}}}