{"textures":{"2":"modelengine:entity/creeper_armor_1"},"elements":[{"from":[3.0,6.0,4.0],"to":[13.0,20.0,12.0],"faces":{"east":{"uv":[0.0,11.5,1.0,14.0],"tintindex":0,"rotation":0,"texture":"#2"},"south":{"uv":[3.5,11.5,5.0,14.0],"tintindex":0,"rotation":0,"texture":"#2"},"north":{"uv":[1.0,11.5,2.5,14.0],"tintindex":0,"rotation":0,"texture":"#2"},"west":{"uv":[2.5,11.5,3.5,14.0],"tintindex":0,"rotation":0,"texture":"#2"},"up":{"uv":[2.5,11.5,1.0,10.5],"tintindex":0,"rotation":0,"texture":"#2"},"down":{"uv":[4.0,10.5,2.5,11.5],"tintindex":0,"rotation":0,"texture":"#2"}}},{"from":[13.0,20.0,12.0],"to":[3.0,6.0,4.0],"faces":{"east":{"uv":[2.5,14.0,3.5,11.5],"tintindex":0,"rotation":0,"texture":"#2"},"south":{"uv":[1.0,14.0,2.5,11.5],"tintindex":0,"rotation":0,"texture":"#2"},"north":{"uv":[3.5,14.0,5.0,11.5],"tintindex":0,"rotation":0,"texture":"#2"},"west":{"uv":[0.0,14.0,1.0,11.5],"tintindex":0,"rotation":0,"texture":"#2"},"up":{"uv":[2.5,10.5,4.0,11.5],"tintindex":0,"rotation":0,"texture":"#2"},"down":{"uv":[1.0,11.5,2.5,10.5],"tintindex":0,"rotation":0,"texture":"#2"}}}],"display":{"head":{"rotation":[0.0,0.0,0.0]},"firstperson_righthand":{"rotation":[0.0,0.0,0.0]},"thirdperson_lefthand":{"rotation":[0.0,-0.0,-0.0]},"firstperson_lefthand":{"rotation":[0.0,-0.0,-0.0]},"fixed":{"rotation":[0.0,0.0,0.0]},"ground":{"rotation":[0.0,0.0,0.0]},"thirdperson_righthand":{"rotation":[0.0,0.0,0.0]},"gui":{"rotation":[-150.0,-75.0,-180.0]}}}