{"textures":{"2":"modelengine:entity/creeper_armor_1"},"elements":[{"from":[2.0,6.0,2.0],"to":[14.0,17.0,14.0],"faces":{"east":{"uv":[5.0,7.25,7.0,9.0],"tintindex":0,"rotation":0,"texture":"#2"},"south":{"uv":[11.0,7.25,13.0,9.0],"tintindex":0,"rotation":0,"texture":"#2"},"north":{"uv":[7.0,7.25,9.0,9.0],"tintindex":0,"rotation":0,"texture":"#2"},"west":{"uv":[9.0,7.25,11.0,9.0],"tintindex":0,"rotation":0,"texture":"#2"},"up":{"uv":[9.0,7.25,7.0,5.25],"tintindex":0,"rotation":0,"texture":"#2"},"down":{"uv":[11.0,5.25,9.0,7.25],"tintindex":0,"rotation":0,"texture":"#2"}}},{"from":[14.0,17.0,14.0],"to":[2.0,6.0,2.0],"faces":{"east":{"uv":[9.0,9.0,11.0,7.25],"tintindex":0,"rotation":0,"texture":"#2"},"south":{"uv":[7.0,9.0,9.0,7.25],"tintindex":0,"rotation":0,"texture":"#2"},"north":{"uv":[11.0,9.0,13.0,7.25],"tintindex":0,"rotation":0,"texture":"#2"},"west":{"uv":[5.0,9.0,7.0,7.25],"tintindex":0,"rotation":0,"texture":"#2"},"up":{"uv":[9.0,5.25,11.0,7.25],"tintindex":0,"rotation":0,"texture":"#2"},"down":{"uv":[7.0,7.25,9.0,5.25],"tintindex":0,"rotation":0,"texture":"#2"}}}],"display":{"head":{"rotation":[0.0,0.0,0.0]},"firstperson_righthand":{"rotation":[0.0,0.0,0.0]},"thirdperson_lefthand":{"rotation":[0.0,-0.0,-0.0]},"firstperson_lefthand":{"rotation":[0.0,-0.0,-0.0]},"fixed":{"rotation":[0.0,0.0,0.0]},"ground":{"rotation":[0.0,0.0,0.0]},"thirdperson_righthand":{"rotation":[0.0,0.0,0.0]},"gui":{"rotation":[-150.0,-75.0,-180.0]}}}