{"textures":{"0":"modelengine:creepers/swamp_creeper"},"elements":[{"from":[4.0,15.0,1.0],"to":[4.0,21.0,15.0],"faces":{"east":{"uv":[7.0,5.75,3.5,7.25],"tintindex":0,"rotation":0,"texture":"#0"},"west":{"uv":[3.5,5.75,7.0,7.25],"tintindex":0,"rotation":0,"texture":"#0"}}},{"from":[4.0,8.0,4.0],"to":[12.0,15.0,12.0],"faces":{"east":{"uv":[5.0,7.25,7.0,9.0],"tintindex":0,"rotation":0,"texture":"#0"},"south":{"uv":[11.0,7.25,13.0,9.0],"tintindex":0,"rotation":0,"texture":"#0"},"north":{"uv":[7.0,7.25,9.0,9.0],"tintindex":0,"rotation":0,"texture":"#0"},"west":{"uv":[9.0,7.25,11.0,9.0],"tintindex":0,"rotation":0,"texture":"#0"},"up":{"uv":[9.0,7.25,7.0,5.25],"tintindex":0,"rotation":0,"texture":"#0"},"down":{"uv":[11.0,5.25,9.0,7.25],"tintindex":0,"rotation":0,"texture":"#0"}}},{"from":[1.0,15.0,12.0],"to":[15.0,21.0,12.0],"faces":{"south":{"uv":[3.5,9.0,7.0,10.5],"tintindex":0,"rotation":0,"texture":"#0"},"north":{"uv":[7.0,9.0,3.5,10.5],"tintindex":0,"rotation":0,"texture":"#0"}}},{"from":[1.0,15.0,4.0],"to":[15.0,21.0,4.0],"faces":{"south":{"uv":[10.5,9.0,7.0,10.5],"tintindex":0,"rotation":0,"texture":"#0"},"north":{"uv":[7.0,9.0,10.5,10.5],"tintindex":0,"rotation":0,"texture":"#0"}}},{"from":[11.0,13.0,4.0],"to":[5.0,9.0,3.0],"faces":{"east":{"uv":[1.75,4.0,2.0,3.0],"tintindex":0,"rotation":0,"texture":"#0"},"south":{"uv":[0.25,4.0,1.75,3.0],"tintindex":0,"rotation":0,"texture":"#0"},"north":{"uv":[2.0,4.0,3.5,3.0],"tintindex":0,"rotation":0,"texture":"#0"},"west":{"uv":[0.0,4.0,0.25,3.0],"tintindex":0,"rotation":0,"texture":"#0"},"up":{"uv":[1.75,2.75,3.25,3.0],"tintindex":0,"rotation":0,"texture":"#0"},"down":{"uv":[0.25,3.0,1.75,2.75],"tintindex":0,"rotation":0,"texture":"#0"}}},{"from":[12.0,15.0,1.0],"to":[12.0,21.0,15.0],"faces":{"east":{"uv":[0.0,4.25,3.5,5.75],"tintindex":0,"rotation":0,"texture":"#0"},"west":{"uv":[3.5,4.25,0.0,5.75],"tintindex":0,"rotation":0,"texture":"#0"}}},{"from":[6.0,7.0,3.0],"to":[10.0,9.0,4.0],"faces":{"east":{"uv":[7.0,4.5,7.25,5.0],"tintindex":0,"rotation":0,"texture":"#0"},"south":{"uv":[8.5,4.5,9.5,5.0],"tintindex":0,"rotation":0,"texture":"#0"},"north":{"uv":[7.25,4.5,8.25,5.0],"tintindex":0,"rotation":0,"texture":"#0"},"west":{"uv":[8.25,4.5,8.5,5.0],"tintindex":0,"rotation":0,"texture":"#0"},"up":{"uv":[8.25,4.5,7.25,4.25],"tintindex":0,"rotation":0,"texture":"#0"},"down":{"uv":[9.25,4.25,8.25,4.5],"tintindex":0,"rotation":0,"texture":"#0"}}},{"from":[10.0,9.0,4.0],"to":[6.0,7.0,3.0],"faces":{"east":{"uv":[8.25,5.0,8.5,4.5],"tintindex":0,"rotation":0,"texture":"#0"},"south":{"uv":[7.25,5.0,8.25,4.5],"tintindex":0,"rotation":0,"texture":"#0"},"north":{"uv":[8.5,5.0,9.5,4.5],"tintindex":0,"rotation":0,"texture":"#0"},"west":{"uv":[7.0,5.0,7.25,4.5],"tintindex":0,"rotation":0,"texture":"#0"},"up":{"uv":[8.25,4.25,9.25,4.5],"tintindex":0,"rotation":0,"texture":"#0"},"down":{"uv":[7.25,4.5,8.25,4.25],"tintindex":0,"rotation":0,"texture":"#0"}}},{"from":[5.0,9.0,3.0],"to":[11.0,13.0,4.0],"faces":{"east":{"uv":[0.0,3.0,0.25,4.0],"tintindex":0,"rotation":0,"texture":"#0"},"south":{"uv":[2.0,3.0,3.5,4.0],"tintindex":0,"rotation":0,"texture":"#0"},"north":{"uv":[0.25,3.0,1.75,4.0],"tintindex":0,"rotation":0,"texture":"#0"},"west":{"uv":[1.75,3.0,2.0,4.0],"tintindex":0,"rotation":0,"texture":"#0"},"up":{"uv":[1.75,3.0,0.25,2.75],"tintindex":0,"rotation":0,"texture":"#0"},"down":{"uv":[3.25,2.75,1.75,3.0],"tintindex":0,"rotation":0,"texture":"#0"}}},{"from":[0.0,13.0,0.0],"to":[16.0,14.0,16.0],"faces":{"east":{"uv":[0.0,4.0,4.0,4.25],"tintindex":0,"rotation":0,"texture":"#0"},"south":{"uv":[12.0,4.0,16.0,4.25],"tintindex":0,"rotation":0,"texture":"#0"},"north":{"uv":[4.0,4.0,8.0,4.25],"tintindex":0,"rotation":0,"texture":"#0"},"west":{"uv":[8.0,4.0,12.0,4.25],"tintindex":0,"rotation":0,"texture":"#0"},"up":{"uv":[12.0,4.0,8.0,0.0],"tintindex":0,"rotation":0,"texture":"#0"},"down":{"uv":[12.0,0.0,8.0,4.0],"tintindex":0,"rotation":0,"texture":"#0"}}},{"from":[16.0,14.0,16.0],"to":[0.0,13.0,0.0],"faces":{"east":{"uv":[8.0,4.25,12.0,4.0],"tintindex":0,"rotation":0,"texture":"#0"},"south":{"uv":[4.0,4.25,8.0,4.0],"tintindex":0,"rotation":0,"texture":"#0"},"north":{"uv":[12.0,4.25,16.0,4.0],"tintindex":0,"rotation":0,"texture":"#0"},"west":{"uv":[0.0,4.25,4.0,4.0],"tintindex":0,"rotation":0,"texture":"#0"},"up":{"uv":[8.0,0.0,12.0,4.0],"tintindex":0,"rotation":0,"texture":"#0"},"down":{"uv":[8.0,4.0,12.0,0.0],"tintindex":0,"rotation":0,"texture":"#0"}}}],"display":{"head":{"rotation":[0.0,0.0,0.0]},"firstperson_righthand":{"rotation":[0.0,0.0,0.0]},"thirdperson_lefthand":{"rotation":[0.0,-0.0,-0.0]},"firstperson_lefthand":{"rotation":[0.0,-0.0,-0.0]},"fixed":{"rotation":[0.0,0.0,0.0]},"ground":{"rotation":[0.0,0.0,0.0]},"thirdperson_righthand":{"rotation":[0.0,0.0,0.0]},"gui":{"rotation":[-150.0,-75.0,-180.0]}}}