{"textures":{"2":"modelengine:entity/creeper_armor_1"},"elements":[{"from":[12.0,10.0,14.0],"to":[4.0,-1.0,6.0],"faces":{"east":{"uv":[13.0,7.0,14.0,5.25],"tintindex":0,"rotation":0,"texture":"#2"},"south":{"uv":[12.0,7.0,13.0,5.25],"tintindex":0,"rotation":0,"texture":"#2"},"north":{"uv":[14.0,7.0,15.0,5.25],"tintindex":0,"rotation":0,"texture":"#2"},"west":{"uv":[11.0,7.0,12.0,5.25],"tintindex":0,"rotation":0,"texture":"#2"},"up":{"uv":[13.0,4.25,14.0,5.25],"tintindex":0,"rotation":0,"texture":"#2"},"down":{"uv":[12.0,5.25,13.0,4.25],"tintindex":0,"rotation":0,"texture":"#2"}}},{"from":[4.0,-1.0,6.0],"to":[12.0,10.0,14.0],"faces":{"east":{"uv":[11.0,5.25,12.0,7.0],"tintindex":0,"rotation":0,"texture":"#2"},"south":{"uv":[14.0,5.25,15.0,7.0],"tintindex":0,"rotation":0,"texture":"#2"},"north":{"uv":[12.0,5.25,13.0,7.0],"tintindex":0,"rotation":0,"texture":"#2"},"west":{"uv":[13.0,5.25,14.0,7.0],"tintindex":0,"rotation":0,"texture":"#2"},"up":{"uv":[13.0,5.25,12.0,4.25],"tintindex":0,"rotation":0,"texture":"#2"},"down":{"uv":[14.0,4.25,13.0,5.25],"tintindex":0,"rotation":0,"texture":"#2"}}}],"display":{"head":{"rotation":[0.0,0.0,0.0]},"firstperson_righthand":{"rotation":[0.0,0.0,0.0]},"thirdperson_lefthand":{"rotation":[0.0,-0.0,-0.0]},"firstperson_lefthand":{"rotation":[0.0,-0.0,-0.0]},"fixed":{"rotation":[0.0,0.0,0.0]},"ground":{"rotation":[0.0,0.0,0.0]},"thirdperson_righthand":{"rotation":[0.0,0.0,0.0]},"gui":{"rotation":[-150.0,-75.0,-180.0]}}}