{"textures":{"2":"modelengine:entity/creeper_armor_1"},"elements":[{"from":[4.0,-1.0,6.0],"to":[12.0,10.0,14.0],"faces":{"east":{"uv":[9.0,11.5,10.0,13.25],"tintindex":0,"rotation":0,"texture":"#2"},"south":{"uv":[12.0,11.5,13.0,13.25],"tintindex":0,"rotation":0,"texture":"#2"},"north":{"uv":[10.0,11.5,11.0,13.25],"tintindex":0,"rotation":0,"texture":"#2"},"west":{"uv":[11.0,11.5,12.0,13.25],"tintindex":0,"rotation":0,"texture":"#2"},"up":{"uv":[11.0,11.5,10.0,10.5],"tintindex":0,"rotation":0,"texture":"#2"},"down":{"uv":[12.0,10.5,11.0,11.5],"tintindex":0,"rotation":0,"texture":"#2"}}},{"from":[12.0,10.0,14.0],"to":[4.0,-1.0,6.0],"faces":{"east":{"uv":[11.0,13.25,12.0,11.5],"tintindex":0,"rotation":0,"texture":"#2"},"south":{"uv":[10.0,13.25,11.0,11.5],"tintindex":0,"rotation":0,"texture":"#2"},"north":{"uv":[12.0,13.25,13.0,11.5],"tintindex":0,"rotation":0,"texture":"#2"},"west":{"uv":[9.0,13.25,10.0,11.5],"tintindex":0,"rotation":0,"texture":"#2"},"up":{"uv":[11.0,10.5,12.0,11.5],"tintindex":0,"rotation":0,"texture":"#2"},"down":{"uv":[10.0,11.5,11.0,10.5],"tintindex":0,"rotation":0,"texture":"#2"}}}],"display":{"head":{"rotation":[0.0,0.0,0.0]},"firstperson_righthand":{"rotation":[0.0,0.0,0.0]},"thirdperson_lefthand":{"rotation":[0.0,-0.0,-0.0]},"firstperson_lefthand":{"rotation":[0.0,-0.0,-0.0]},"fixed":{"rotation":[0.0,0.0,0.0]},"ground":{"rotation":[0.0,0.0,0.0]},"thirdperson_righthand":{"rotation":[0.0,0.0,0.0]},"gui":{"rotation":[-150.0,-75.0,-180.0]}}}