{"textures":{"0":"modelengine:creepers/swamp_creeper"},"elements":[{"from":[6.0,1.0,8.0],"to":[10.0,8.0,12.0],"faces":{"east":{"uv":[9.0,11.5,10.0,13.25],"tintindex":0,"rotation":0,"texture":"#0"},"south":{"uv":[12.0,11.5,13.0,13.25],"tintindex":0,"rotation":0,"texture":"#0"},"north":{"uv":[10.0,11.5,11.0,13.25],"tintindex":0,"rotation":0,"texture":"#0"},"west":{"uv":[11.0,11.5,12.0,13.25],"tintindex":0,"rotation":0,"texture":"#0"},"up":{"uv":[11.0,11.5,10.0,10.5],"tintindex":0,"rotation":0,"texture":"#0"},"down":{"uv":[12.0,10.5,11.0,11.5],"tintindex":0,"rotation":0,"texture":"#0"}}}],"display":{"head":{"rotation":[0.0,0.0,0.0]},"firstperson_righthand":{"rotation":[0.0,0.0,0.0]},"thirdperson_lefthand":{"rotation":[0.0,-0.0,-0.0]},"firstperson_lefthand":{"rotation":[0.0,-0.0,-0.0]},"fixed":{"rotation":[0.0,0.0,0.0]},"ground":{"rotation":[0.0,0.0,0.0]},"thirdperson_righthand":{"rotation":[0.0,0.0,0.0]},"gui":{"rotation":[-150.0,-75.0,-180.0]}}}