{"textures":{"2":"modelengine:entity/creeper_armor_1"},"elements":[{"from":[12.0,10.0,10.0],"to":[4.0,-1.0,2.0],"faces":{"east":{"uv":[7.0,13.25,8.0,11.5],"tintindex":0,"rotation":0,"texture":"#2"},"south":{"uv":[6.0,13.25,7.0,11.5],"tintindex":0,"rotation":0,"texture":"#2"},"north":{"uv":[8.0,13.25,9.0,11.5],"tintindex":0,"rotation":0,"texture":"#2"},"west":{"uv":[5.0,13.25,6.0,11.5],"tintindex":0,"rotation":0,"texture":"#2"},"up":{"uv":[7.0,10.5,8.0,11.5],"tintindex":0,"rotation":0,"texture":"#2"},"down":{"uv":[6.0,11.5,7.0,10.5],"tintindex":0,"rotation":0,"texture":"#2"}}},{"from":[4.0,-1.0,2.0],"to":[12.0,10.0,10.0],"faces":{"east":{"uv":[5.0,11.5,6.0,13.25],"tintindex":0,"rotation":0,"texture":"#2"},"south":{"uv":[8.0,11.5,9.0,13.25],"tintindex":0,"rotation":0,"texture":"#2"},"north":{"uv":[6.0,11.5,7.0,13.25],"tintindex":0,"rotation":0,"texture":"#2"},"west":{"uv":[7.0,11.5,8.0,13.25],"tintindex":0,"rotation":0,"texture":"#2"},"up":{"uv":[7.0,11.5,6.0,10.5],"tintindex":0,"rotation":0,"texture":"#2"},"down":{"uv":[8.0,10.5,7.0,11.5],"tintindex":0,"rotation":0,"texture":"#2"}}}],"display":{"head":{"rotation":[0.0,0.0,0.0]},"firstperson_righthand":{"rotation":[0.0,0.0,0.0]},"thirdperson_lefthand":{"rotation":[0.0,-0.0,-0.0]},"firstperson_lefthand":{"rotation":[0.0,-0.0,-0.0]},"fixed":{"rotation":[0.0,0.0,0.0]},"ground":{"rotation":[0.0,0.0,0.0]},"thirdperson_righthand":{"rotation":[0.0,0.0,0.0]},"gui":{"rotation":[-150.0,-75.0,-180.0]}}}