{"textures":{"2":"modelengine:entity/creeper_armor_1"},"elements":[{"from":[4.0,-1.0,2.0],"to":[12.0,10.0,10.0],"faces":{"east":{"uv":[0.0,1.0,1.0,2.75],"tintindex":0,"rotation":0,"texture":"#2"},"south":{"uv":[3.0,1.0,4.0,2.75],"tintindex":0,"rotation":0,"texture":"#2"},"north":{"uv":[1.0,1.0,2.0,2.75],"tintindex":0,"rotation":0,"texture":"#2"},"west":{"uv":[2.0,1.0,3.0,2.75],"tintindex":0,"rotation":0,"texture":"#2"},"up":{"uv":[2.0,1.0,1.0,0.0],"tintindex":0,"rotation":0,"texture":"#2"},"down":{"uv":[3.0,0.0,2.0,1.0],"tintindex":0,"rotation":0,"texture":"#2"}}},{"from":[12.0,10.0,10.0],"to":[4.0,-1.0,2.0],"faces":{"east":{"uv":[2.0,2.75,3.0,1.0],"tintindex":0,"rotation":0,"texture":"#2"},"south":{"uv":[1.0,2.75,2.0,1.0],"tintindex":0,"rotation":0,"texture":"#2"},"north":{"uv":[3.0,2.75,4.0,1.0],"tintindex":0,"rotation":0,"texture":"#2"},"west":{"uv":[0.0,2.75,1.0,1.0],"tintindex":0,"rotation":0,"texture":"#2"},"up":{"uv":[2.0,0.0,3.0,1.0],"tintindex":0,"rotation":0,"texture":"#2"},"down":{"uv":[1.0,1.0,2.0,0.0],"tintindex":0,"rotation":0,"texture":"#2"}}}],"display":{"head":{"rotation":[0.0,0.0,0.0]},"firstperson_righthand":{"rotation":[0.0,0.0,0.0]},"thirdperson_lefthand":{"rotation":[0.0,-0.0,-0.0]},"firstperson_lefthand":{"rotation":[0.0,-0.0,-0.0]},"fixed":{"rotation":[0.0,0.0,0.0]},"ground":{"rotation":[0.0,0.0,0.0]},"thirdperson_righthand":{"rotation":[0.0,0.0,0.0]},"gui":{"rotation":[-150.0,-75.0,-180.0]}}}