{"textures":{"0":"modelengine:block/tuff_golem_white"},"elements":[{"from":[3.8169007,2.7783103,3.9788728],"to":[12.415493,14.664179,10.950705],"faces":{"east":{"uv":[0.0,3.0,1.75,6.0],"tintindex":0,"rotation":0,"texture":"#0"},"south":{"uv":[2.25,0.0,4.5,3.0],"tintindex":0,"rotation":0,"texture":"#0"},"north":{"uv":[0.0,0.0,2.25,3.0],"tintindex":0,"rotation":0,"texture":"#0"},"west":{"uv":[1.75,3.0,3.5,6.0],"tintindex":0,"rotation":0,"texture":"#0"},"up":{"uv":[8.0,5.25,5.75,3.5],"tintindex":0,"rotation":0,"texture":"#0"},"down":{"uv":[8.0,5.25,5.75,7.0],"tintindex":0,"rotation":0,"texture":"#0"}}},{"from":[7.225352,6.274628,2.438396],"to":[9.032864,9.631436,3.9876919],"faces":{"east":{"uv":[2.0,10.25,2.5,11.0],"tintindex":0,"rotation":0,"texture":"#0"},"south":{"uv":[10.25,2.25,10.75,3.0],"tintindex":0,"rotation":0,"texture":"#0"},"north":{"uv":[5.25,1.75,5.75,2.5],"tintindex":0,"rotation":0,"texture":"#0"},"west":{"uv":[2.5,10.25,3.0,11.0],"tintindex":0,"rotation":0,"texture":"#0"},"up":{"uv":[5.75,3.0,5.25,2.5],"tintindex":0,"rotation":0,"texture":"#0"},"down":{"uv":[2.75,6.0,2.25,6.5],"tintindex":0,"rotation":0,"texture":"#0"}}},{"from":[3.7962437,3.2944608,3.97784],"to":[12.45371,5.953053,11.01058],"faces":{"east":{"uv":[10.5,5.5,12.25,6.25],"tintindex":0,"rotation":0,"texture":"#0"},"south":{"uv":[10.25,3.25,12.5,4.0],"tintindex":0,"rotation":0,"texture":"#0"},"north":{"uv":[10.25,3.25,12.5,4.0],"tintindex":0,"rotation":0,"texture":"#0"},"west":{"uv":[10.5,6.25,12.25,7.0],"tintindex":0,"rotation":0,"texture":"#0"},"up":{"uv":[5.75,6.5,3.5,4.75],"tintindex":0,"rotation":0,"texture":"#0"},"down":{"uv":[4.5,6.5,2.25,8.25],"tintindex":0,"rotation":0,"texture":"#0"}}},{"from":[3.7962437,1.4766202,3.9551172],"to":[12.45371,3.2944608,11.01058],"faces":{"east":{"uv":[9.0,1.0,10.75,1.5],"tintindex":0,"rotation":0,"texture":"#0"},"south":{"uv":[8.75,8.5,11.0,9.0],"tintindex":0,"rotation":0,"texture":"#0"},"north":{"uv":[8.75,8.0,11.0,8.5],"tintindex":0,"rotation":0,"texture":"#0"},"west":{"uv":[6.0,9.0,7.75,9.5],"tintindex":0,"rotation":0,"texture":"#0"},"up":{"uv":[5.75,6.5,3.5,4.75],"tintindex":0,"rotation":0,"texture":"#0"},"down":{"uv":[8.0,1.75,5.75,3.5],"tintindex":0,"rotation":0,"texture":"#0"}}}],"display":{"head":{"rotation":[0.0,0.0,0.0]},"firstperson_righthand":{"rotation":[0.0,0.0,0.0]},"thirdperson_lefthand":{"rotation":[0.0,-0.0,-0.0]},"firstperson_lefthand":{"rotation":[0.0,-0.0,-0.0]},"fixed":{"rotation":[0.0,0.0,0.0]},"ground":{"rotation":[0.0,0.0,0.0]},"thirdperson_righthand":{"rotation":[0.0,0.0,0.0]},"gui":{"rotation":[-150.0,-75.0,-180.0]}}}