{"textures":{"0":"modelengine:block/tuff_golem_white"},"elements":[{"from":[3.7962437,7.294461,3.97784],"to":[12.45371,9.9530525,11.01058],"faces":{"east":{"uv":[8.75,5.5,10.5,6.25],"tintindex":0,"rotation":0,"texture":"#0"},"south":{"uv":[8.0,3.25,10.25,4.0],"tintindex":0,"rotation":0,"texture":"#0"},"north":{"uv":[8.0,3.25,10.25,4.0],"tintindex":0,"rotation":0,"texture":"#0"},"west":{"uv":[8.75,6.25,10.5,7.0],"tintindex":0,"rotation":0,"texture":"#0"},"up":{"uv":[2.25,7.75,0.0,6.0],"tintindex":0,"rotation":0,"texture":"#0"},"down":{"uv":[4.5,6.5,2.25,8.25],"tintindex":0,"rotation":0,"texture":"#0"}}}],"display":{"head":{"rotation":[0.0,0.0,0.0]},"firstperson_righthand":{"rotation":[0.0,0.0,0.0]},"thirdperson_lefthand":{"rotation":[0.0,-0.0,-0.0]},"firstperson_lefthand":{"rotation":[0.0,-0.0,-0.0]},"fixed":{"rotation":[0.0,0.0,0.0]},"ground":{"rotation":[0.0,0.0,0.0]},"thirdperson_righthand":{"rotation":[0.0,0.0,0.0]},"gui":{"rotation":[-150.0,-75.0,-180.0]}}}