{"textures":{"0":"modelengine:block/tuff_golem_white"},"elements":[{"from":[3.75,7.0,7.75],"to":[7.75,9.0,7.75],"faces":{"south":{"uv":[4.5,0.0,5.5,0.5],"tintindex":0,"rotation":0,"texture":"#0"},"north":{"uv":[5.25,0.0,6.25,0.5],"tintindex":0,"rotation":0,"texture":"#0"}}},{"from":[8.25,7.0,7.75],"to":[12.25,9.0,7.75],"faces":{"south":{"uv":[5.25,0.0,6.25,0.5],"tintindex":0,"rotation":0,"texture":"#0"},"north":{"uv":[4.5,0.0,5.5,0.5],"tintindex":0,"rotation":0,"texture":"#0"}}}],"display":{"head":{"rotation":[0.0,0.0,0.0]},"firstperson_righthand":{"rotation":[0.0,0.0,0.0]},"thirdperson_lefthand":{"rotation":[0.0,-0.0,-0.0]},"firstperson_lefthand":{"rotation":[0.0,-0.0,-0.0]},"fixed":{"rotation":[0.0,0.0,0.0]},"ground":{"rotation":[0.0,0.0,0.0]},"thirdperson_righthand":{"rotation":[0.0,0.0,0.0]},"gui":{"rotation":[-150.0,-75.0,-180.0]}}}