{"textures":{"0":"modelengine:block/tuff_golem_white"},"elements":[{"from":[3.5845065,11.485916,4.746478],"to":[12.647888,13.345072,12.1831],"faces":{"east":{"uv":[9.0,1.0,10.75,1.5],"tintindex":0,"rotation":0,"texture":"#0"},"south":{"uv":[8.75,8.5,11.0,9.0],"tintindex":0,"rotation":0,"texture":"#0"},"north":{"uv":[8.75,8.0,11.0,8.5],"tintindex":0,"rotation":0,"texture":"#0"},"west":{"uv":[6.0,9.0,7.75,9.5],"tintindex":0,"rotation":0,"texture":"#0"},"up":{"uv":[9.0,1.75,6.75,0.0],"tintindex":0,"rotation":0,"texture":"#0"},"down":{"uv":[6.75,7.0,4.5,8.75],"tintindex":0,"rotation":0,"texture":"#0"}}},{"from":[3.5845065,13.345072,4.746478],"to":[12.647888,16.133804,12.1831],"faces":{"east":{"uv":[10.5,5.5,12.25,6.25],"tintindex":0,"rotation":0,"texture":"#0"},"south":{"uv":[10.25,3.25,12.5,4.0],"tintindex":0,"rotation":0,"texture":"#0"},"north":{"uv":[10.25,3.25,12.5,4.0],"tintindex":0,"rotation":0,"texture":"#0"},"west":{"uv":[10.5,6.25,12.25,7.0],"tintindex":0,"rotation":0,"texture":"#0"},"up":{"uv":[5.25,12.0,3.0,10.25],"tintindex":0,"rotation":0,"texture":"#0"},"down":{"uv":[4.5,6.5,2.25,8.25],"tintindex":0,"rotation":0,"texture":"#0"}}}],"display":{"head":{"rotation":[0.0,0.0,0.0]},"firstperson_righthand":{"rotation":[0.0,0.0,0.0]},"thirdperson_lefthand":{"rotation":[0.0,-0.0,-0.0]},"firstperson_lefthand":{"rotation":[0.0,-0.0,-0.0]},"fixed":{"rotation":[0.0,0.0,0.0]},"ground":{"rotation":[0.0,0.0,0.0]},"thirdperson_righthand":{"rotation":[0.0,0.0,0.0]},"gui":{"rotation":[-150.0,-75.0,-180.0]}}}