{"textures":{"0":"modelengine:block/tuff_golem_white"},"elements":[{"from":[7.455604,1.111104,6.20892],"to":[10.812412,9.374016,9.823944],"faces":{"east":{"uv":[1.0,7.75,2.0,9.75],"tintindex":0,"rotation":0,"texture":"#0"},"south":{"uv":[3.5,8.25,4.25,10.25],"tintindex":0,"rotation":0,"texture":"#0"},"north":{"uv":[2.75,8.25,3.5,10.25],"tintindex":0,"rotation":0,"texture":"#0"},"west":{"uv":[7.75,7.0,8.75,9.0],"tintindex":0,"rotation":0,"texture":"#0"},"up":{"uv":[9.25,10.0,8.5,9.0],"tintindex":0,"rotation":0,"texture":"#0"},"down":{"uv":[10.0,9.0,9.25,10.0],"tintindex":0,"rotation":0,"texture":"#0"}}}],"display":{"head":{"rotation":[0.0,0.0,0.0]},"firstperson_righthand":{"rotation":[0.0,0.0,0.0]},"thirdperson_lefthand":{"rotation":[0.0,-0.0,-0.0]},"firstperson_lefthand":{"rotation":[0.0,-0.0,-0.0]},"fixed":{"rotation":[0.0,0.0,0.0]},"ground":{"rotation":[0.0,0.0,0.0]},"thirdperson_righthand":{"rotation":[0.0,0.0,0.0]},"gui":{"rotation":[-150.0,-75.0,-180.0]}}}