{"textures":{"0":"modelengine:block/tuff_golem_white"},"elements":[{"from":[6.5246477,5.439,5.767272],"to":[9.576387,8.881456,9.458192],"faces":{"east":{"uv":[4.25,9.5,5.25,10.25],"tintindex":0,"rotation":0,"texture":"#0"},"south":{"uv":[9.25,10.0,10.0,10.75],"tintindex":0,"rotation":0,"texture":"#0"},"north":{"uv":[10.0,9.0,10.75,9.75],"tintindex":0,"rotation":0,"texture":"#0"},"west":{"uv":[5.25,9.5,6.25,10.25],"tintindex":0,"rotation":0,"texture":"#0"},"up":{"uv":[7.0,10.5,6.25,9.5],"tintindex":0,"rotation":0,"texture":"#0"},"down":{"uv":[7.75,9.5,7.0,10.5],"tintindex":0,"rotation":0,"texture":"#0"}}}],"display":{"head":{"rotation":[0.0,0.0,0.0]},"firstperson_righthand":{"rotation":[0.0,0.0,0.0]},"thirdperson_lefthand":{"rotation":[0.0,-0.0,-0.0]},"firstperson_lefthand":{"rotation":[0.0,-0.0,-0.0]},"fixed":{"rotation":[0.0,0.0,0.0]},"ground":{"rotation":[0.0,0.0,0.0]},"thirdperson_righthand":{"rotation":[0.0,0.0,0.0]},"gui":{"rotation":[-150.0,-75.0,-180.0]}}}