{"textures":{"0":"modelengine:block/tuff_golem_white"},"elements":[{"from":[5.445804,1.0051041,6.20892],"to":[8.802612,9.268016,9.823944],"faces":{"east":{"uv":[6.75,7.0,7.75,9.0],"tintindex":0,"rotation":0,"texture":"#0"},"south":{"uv":[2.0,8.25,2.75,10.25],"tintindex":0,"rotation":0,"texture":"#0"},"north":{"uv":[8.0,4.75,8.75,6.75],"tintindex":0,"rotation":0,"texture":"#0"},"west":{"uv":[0.0,7.75,1.0,9.75],"tintindex":0,"rotation":0,"texture":"#0"},"up":{"uv":[5.25,2.75,4.5,1.75],"tintindex":0,"rotation":0,"texture":"#0"},"down":{"uv":[8.5,9.0,7.75,10.0],"tintindex":0,"rotation":0,"texture":"#0"}}}],"display":{"head":{"rotation":[0.0,0.0,0.0]},"firstperson_righthand":{"rotation":[0.0,0.0,0.0]},"thirdperson_lefthand":{"rotation":[0.0,-0.0,-0.0]},"firstperson_lefthand":{"rotation":[0.0,-0.0,-0.0]},"fixed":{"rotation":[0.0,0.0,0.0]},"ground":{"rotation":[0.0,0.0,0.0]},"thirdperson_righthand":{"rotation":[0.0,0.0,0.0]},"gui":{"rotation":[-150.0,-75.0,-180.0]}}}