{"textures":{"0":"modelengine:block/tuff_golem_white"},"elements":[{"from":[6.325828,4.9125,5.7937717],"to":[9.589568,8.381456,9.458192],"faces":{"east":{"uv":[0.0,9.75,1.0,10.5],"tintindex":0,"rotation":0,"texture":"#0"},"south":{"uv":[10.25,1.5,11.0,2.25],"tintindex":0,"rotation":0,"texture":"#0"},"north":{"uv":[10.0,9.75,10.75,10.5],"tintindex":0,"rotation":0,"texture":"#0"},"west":{"uv":[1.0,9.75,2.0,10.5],"tintindex":0,"rotation":0,"texture":"#0"},"up":{"uv":[8.5,11.0,7.75,10.0],"tintindex":0,"rotation":0,"texture":"#0"},"down":{"uv":[9.25,10.0,8.5,11.0],"tintindex":0,"rotation":0,"texture":"#0"}}}],"display":{"head":{"rotation":[0.0,0.0,0.0]},"firstperson_righthand":{"rotation":[0.0,0.0,0.0]},"thirdperson_lefthand":{"rotation":[0.0,-0.0,-0.0]},"firstperson_lefthand":{"rotation":[0.0,-0.0,-0.0]},"fixed":{"rotation":[0.0,0.0,0.0]},"ground":{"rotation":[0.0,0.0,0.0]},"thirdperson_righthand":{"rotation":[0.0,0.0,0.0]},"gui":{"rotation":[-150.0,-75.0,-180.0]}}}