{"textures":{"0":"modelengine:block/copper_golem_3"},"elements":[{"from":[6.206875,5.096953,6.280156],"to":[9.719844,8.53664,9.433203],"faces":{"east":{"uv":[5.5,4.0,6.25,4.75],"tintindex":0,"rotation":0,"texture":"#0"},"south":{"uv":[7.75,4.0,8.5,4.75],"tintindex":0,"rotation":0,"texture":"#0"},"north":{"uv":[6.25,4.0,7.0,4.75],"tintindex":0,"rotation":0,"texture":"#0"},"west":{"uv":[7.0,4.0,7.75,4.75],"tintindex":0,"rotation":0,"texture":"#0"},"up":{"uv":[7.0,4.0,6.25,3.25],"tintindex":0,"rotation":0,"texture":"#0"},"down":{"uv":[7.75,3.25,7.0,4.0],"tintindex":0,"rotation":0,"texture":"#0"}}}],"display":{"head":{"rotation":[0.0,0.0,0.0]},"firstperson_righthand":{"rotation":[0.0,0.0,0.0]},"thirdperson_lefthand":{"rotation":[0.0,-0.0,-0.0]},"firstperson_lefthand":{"rotation":[0.0,-0.0,-0.0]},"fixed":{"rotation":[0.0,0.0,0.0]},"ground":{"rotation":[0.0,0.0,0.0]},"thirdperson_righthand":{"rotation":[0.0,0.0,0.0]},"gui":{"rotation":[-150.0,-75.0,-180.0]}}}