{"textures":{"0":"modelengine:block/t_mine"},"elements":[{"from":[-2.4048004,6.1452017,15.838835],"to":[-0.40480042,8.145202,21.838835],"faces":{"east":{"uv":[8.0,11.25,9.5,11.75],"tintindex":0,"rotation":0,"texture":"#0"},"south":{"uv":[14.0,2.5,14.5,3.0],"tintindex":0,"rotation":0,"texture":"#0"},"north":{"uv":[2.75,14.0,3.25,14.5],"tintindex":0,"rotation":0,"texture":"#0"},"west":{"uv":[11.0,6.0,12.5,6.5],"tintindex":0,"rotation":0,"texture":"#0"},"up":{"uv":[9.5,11.25,10.0,12.75],"tintindex":0,"rotation":0,"texture":"#0"},"down":{"uv":[10.0,12.75,10.5,11.25],"tintindex":0,"rotation":0,"texture":"#0"}},"rotation":{"origin":[-1.4048004,7.1452017,16.838835],"angle":-45.0,"axis":"y"}},{"from":[12.337208,17.725151,6.5],"to":[15.337208,19.725151,9.5],"faces":{"east":{"uv":[13.25,1.0,14.0,1.5],"tintindex":0,"rotation":0,"texture":"#0"},"south":{"uv":[13.25,1.5,14.0,2.0],"tintindex":0,"rotation":0,"texture":"#0"},"north":{"uv":[13.25,0.5,14.0,1.0],"tintindex":0,"rotation":0,"texture":"#0"},"west":{"uv":[13.25,2.0,14.0,2.5],"tintindex":0,"rotation":0,"texture":"#0"},"up":{"uv":[12.75,7.25,12.0,6.5],"tintindex":0,"rotation":0,"texture":"#0"},"down":{"uv":[12.75,7.25,12.0,8.0],"tintindex":0,"rotation":0,"texture":"#0"}},"rotation":{"origin":[7.434034,14.321979,8.0],"angle":-45.0,"axis":"z"}},{"from":[5.934034,-5.4347496,12.903174],"to":[8.934034,-3.4347496,15.903174],"faces":{"east":{"uv":[13.25,1.0,14.0,0.5],"tintindex":0,"rotation":0,"texture":"#0"},"south":{"uv":[13.25,1.5,14.0,1.0],"tintindex":0,"rotation":0,"texture":"#0"},"north":{"uv":[13.25,2.5,14.0,2.0],"tintindex":0,"rotation":0,"texture":"#0"},"west":{"uv":[13.25,2.0,14.0,1.5],"tintindex":0,"rotation":0,"texture":"#0"},"up":{"uv":[12.0,7.25,12.75,8.0],"tintindex":0,"rotation":270,"texture":"#0"},"down":{"uv":[12.0,7.25,12.75,6.5],"tintindex":0,"rotation":90,"texture":"#0"}},"rotation":{"origin":[7.434034,-0.031575203,8.0],"angle":-45.0,"axis":"x"}},{"from":[-2.9048004,5.6452017,13.838835],"to":[0.09519911,8.645202,15.838835],"faces":{"east":{"uv":[1.25,13.5,1.75,14.25],"tintindex":0,"rotation":0,"texture":"#0"},"south":{"uv":[12.5,4.5,13.25,5.25],"tintindex":0,"rotation":0,"texture":"#0"},"north":{"uv":[12.5,5.25,13.25,6.0],"tintindex":0,"rotation":0,"texture":"#0"},"west":{"uv":[0.75,13.5,1.25,14.25],"tintindex":0,"rotation":0,"texture":"#0"},"up":{"uv":[1.75,13.5,2.5,14.0],"tintindex":0,"rotation":0,"texture":"#0"},"down":{"uv":[2.5,14.0,3.25,13.5],"tintindex":0,"rotation":0,"texture":"#0"}},"rotation":{"origin":[-1.4048004,7.1452017,16.838835],"angle":-45.0,"axis":"y"}},{"from":[5.934034,-5.4347496,0.0968256],"to":[8.934034,-3.4347496,3.0968256],"faces":{"east":{"uv":[14.0,1.0,13.25,0.5],"tintindex":0,"rotation":0,"texture":"#0"},"south":{"uv":[14.0,2.5,13.25,2.0],"tintindex":0,"rotation":0,"texture":"#0"},"north":{"uv":[14.0,1.5,13.25,1.0],"tintindex":0,"rotation":0,"texture":"#0"},"west":{"uv":[14.0,2.0,13.25,1.5],"tintindex":0,"rotation":0,"texture":"#0"},"up":{"uv":[12.75,7.25,12.0,8.0],"tintindex":0,"rotation":270,"texture":"#0"},"down":{"uv":[12.75,7.25,12.0,6.5],"tintindex":0,"rotation":90,"texture":"#0"}},"rotation":{"origin":[7.434034,-0.031575203,8.0],"angle":45.0,"axis":"x"}},{"from":[-2.4048004,6.1452017,-5.838835],"to":[-0.40480042,8.145202,0.16116524],"faces":{"east":{"uv":[9.5,11.25,8.0,11.75],"tintindex":0,"rotation":0,"texture":"#0"},"south":{"uv":[3.25,14.0,2.75,14.5],"tintindex":0,"rotation":0,"texture":"#0"},"north":{"uv":[14.5,2.5,14.0,3.0],"tintindex":0,"rotation":0,"texture":"#0"},"west":{"uv":[12.5,6.0,11.0,6.5],"tintindex":0,"rotation":0,"texture":"#0"},"up":{"uv":[9.5,12.75,10.0,11.25],"tintindex":0,"rotation":0,"texture":"#0"},"down":{"uv":[10.0,11.25,10.5,12.75],"tintindex":0,"rotation":0,"texture":"#0"}},"rotation":{"origin":[-1.4048004,7.1452017,-0.83883476],"angle":45.0,"axis":"y"}},{"from":[0.43403387,12.145202,1.0],"to":[14.434034,15.145202,15.0],"faces":{"east":{"uv":[11.5,6.5,8.0,7.25],"tintindex":0,"rotation":0,"texture":"#0"},"south":{"uv":[8.0,6.5,11.5,7.25],"tintindex":0,"rotation":0,"texture":"#0"},"north":{"uv":[8.0,6.5,11.5,7.25],"tintindex":0,"rotation":0,"texture":"#0"},"west":{"uv":[11.5,6.5,8.0,7.25],"tintindex":0,"rotation":0,"texture":"#0"},"up":{"uv":[7.5,3.5,4.0,0.0],"tintindex":0,"rotation":0,"texture":"#0"}}},{"from":[0.03085947,19.725151,7.0],"to":[2.0308595,25.725151,9.0],"faces":{"east":{"uv":[8.0,10.25,7.5,11.75],"tintindex":0,"rotation":0,"texture":"#0"},"south":{"uv":[7.5,10.25,7.0,11.75],"tintindex":0,"rotation":0,"texture":"#0"},"north":{"uv":[6.5,10.25,6.0,11.75],"tintindex":0,"rotation":0,"texture":"#0"},"west":{"uv":[7.0,10.25,6.5,11.75],"tintindex":0,"rotation":0,"texture":"#0"},"up":{"uv":[13.75,13.5,14.25,13.0],"tintindex":0,"rotation":0,"texture":"#0"},"down":{"uv":[13.5,13.75,14.0,14.25],"tintindex":0,"rotation":0,"texture":"#0"}},"rotation":{"origin":[7.434034,14.321979,8.0],"angle":45.0,"axis":"z"}},{"from":[15.272869,6.1452017,15.838835],"to":[17.27287,8.145202,21.838835],"faces":{"east":{"uv":[12.5,6.0,11.0,6.5],"tintindex":0,"rotation":0,"texture":"#0"},"south":{"uv":[14.5,2.5,14.0,3.0],"tintindex":0,"rotation":0,"texture":"#0"},"north":{"uv":[3.25,14.0,2.75,14.5],"tintindex":0,"rotation":0,"texture":"#0"},"west":{"uv":[9.5,11.25,8.0,11.75],"tintindex":0,"rotation":0,"texture":"#0"},"up":{"uv":[10.0,11.25,9.5,12.75],"tintindex":0,"rotation":0,"texture":"#0"},"down":{"uv":[10.5,12.75,10.0,11.25],"tintindex":0,"rotation":0,"texture":"#0"}},"rotation":{"origin":[16.27287,7.1452017,16.838835],"angle":45.0,"axis":"y"}},{"from":[6.434034,19.725151,0.5968256],"to":[8.434034,25.725151,2.5968256],"faces":{"east":{"uv":[6.5,10.25,6.0,11.75],"tintindex":0,"rotation":0,"texture":"#0"},"south":{"uv":[8.0,10.25,7.5,11.75],"tintindex":0,"rotation":0,"texture":"#0"},"north":{"uv":[7.0,10.25,6.5,11.75],"tintindex":0,"rotation":0,"texture":"#0"},"west":{"uv":[7.5,10.25,7.0,11.75],"tintindex":0,"rotation":0,"texture":"#0"},"up":{"uv":[13.75,13.5,14.25,13.0],"tintindex":0,"rotation":90,"texture":"#0"},"down":{"uv":[13.5,13.75,14.0,14.25],"tintindex":0,"rotation":270,"texture":"#0"}},"rotation":{"origin":[7.434034,14.321979,8.0],"angle":-45.0,"axis":"x"}},{"from":[5.934034,17.725151,12.903174],"to":[8.934034,19.725151,15.903174],"faces":{"east":{"uv":[13.25,0.5,14.0,1.0],"tintindex":0,"rotation":0,"texture":"#0"},"south":{"uv":[13.25,1.0,14.0,1.5],"tintindex":0,"rotation":0,"texture":"#0"},"north":{"uv":[13.25,2.0,14.0,2.5],"tintindex":0,"rotation":0,"texture":"#0"},"west":{"uv":[13.25,1.5,14.0,2.0],"tintindex":0,"rotation":0,"texture":"#0"},"up":{"uv":[12.75,7.25,12.0,6.5],"tintindex":0,"rotation":90,"texture":"#0"},"down":{"uv":[12.75,7.25,12.0,8.0],"tintindex":0,"rotation":270,"texture":"#0"}},"rotation":{"origin":[7.434034,14.321979,8.0],"angle":45.0,"axis":"x"}},{"from":[-0.46914005,-5.4347496,6.5],"to":[2.5308595,-3.4347496,9.5],"faces":{"east":{"uv":[14.0,2.5,13.25,2.0],"tintindex":0,"rotation":0,"texture":"#0"},"south":{"uv":[14.0,2.0,13.25,1.5],"tintindex":0,"rotation":0,"texture":"#0"},"north":{"uv":[14.0,1.0,13.25,0.5],"tintindex":0,"rotation":0,"texture":"#0"},"west":{"uv":[14.0,1.5,13.25,1.0],"tintindex":0,"rotation":0,"texture":"#0"},"up":{"uv":[12.0,8.0,12.75,7.25],"tintindex":0,"rotation":0,"texture":"#0"},"down":{"uv":[12.0,6.5,12.75,7.25],"tintindex":0,"rotation":0,"texture":"#0"}},"rotation":{"origin":[7.434034,-0.031575203,8.0],"angle":-45.0,"axis":"z"}},{"from":[6.434034,-11.43475,0.5968256],"to":[8.434034,-5.4347496,2.5968256],"faces":{"east":{"uv":[6.5,11.75,6.0,10.25],"tintindex":0,"rotation":0,"texture":"#0"},"south":{"uv":[8.0,11.75,7.5,10.25],"tintindex":0,"rotation":0,"texture":"#0"},"north":{"uv":[7.0,11.75,6.5,10.25],"tintindex":0,"rotation":0,"texture":"#0"},"west":{"uv":[7.5,11.75,7.0,10.25],"tintindex":0,"rotation":0,"texture":"#0"},"up":{"uv":[14.0,13.75,13.5,14.25],"tintindex":0,"rotation":270,"texture":"#0"},"down":{"uv":[14.25,13.5,13.75,13.0],"tintindex":0,"rotation":90,"texture":"#0"}},"rotation":{"origin":[7.434034,-0.031575203,8.0],"angle":45.0,"axis":"x"}},{"from":[-0.56596565,2.1452017,0.0],"to":[15.434034,12.145202,16.0],"faces":{"east":{"uv":[7.5,0.0,11.5,2.5],"tintindex":0,"rotation":0,"texture":"#0"},"south":{"uv":[11.5,0.0,7.5,2.5],"tintindex":0,"rotation":0,"texture":"#0"},"north":{"uv":[11.5,0.0,7.5,2.5],"tintindex":0,"rotation":0,"texture":"#0"},"west":{"uv":[7.5,0.0,11.5,2.5],"tintindex":0,"rotation":0,"texture":"#0"},"up":{"uv":[4.0,4.0,0.0,0.0],"tintindex":0,"rotation":0,"texture":"#0"},"down":{"uv":[4.0,0.0,0.0,4.0],"tintindex":0,"rotation":0,"texture":"#0"}}},{"from":[12.837208,19.725151,7.0],"to":[14.837208,25.725151,9.0],"faces":{"east":{"uv":[6.5,10.25,7.0,11.75],"tintindex":0,"rotation":0,"texture":"#0"},"south":{"uv":[7.0,10.25,7.5,11.75],"tintindex":0,"rotation":0,"texture":"#0"},"north":{"uv":[6.0,10.25,6.5,11.75],"tintindex":0,"rotation":0,"texture":"#0"},"west":{"uv":[7.5,10.25,8.0,11.75],"tintindex":0,"rotation":0,"texture":"#0"},"up":{"uv":[14.25,13.5,13.75,13.0],"tintindex":0,"rotation":0,"texture":"#0"},"down":{"uv":[14.0,13.75,13.5,14.25],"tintindex":0,"rotation":0,"texture":"#0"}},"rotation":{"origin":[7.434034,14.321979,8.0],"angle":-45.0,"axis":"z"}},{"from":[5.934034,15.145202,6.5],"to":[8.934034,17.145203,9.5],"faces":{"east":{"uv":[12.75,11.25,13.5,11.75],"tintindex":0,"rotation":0,"texture":"#0"},"south":{"uv":[12.75,11.75,13.5,12.25],"tintindex":0,"rotation":0,"texture":"#0"},"north":{"uv":[11.5,4.5,12.25,5.0],"tintindex":0,"rotation":0,"texture":"#0"},"west":{"uv":[13.25,0.0,14.0,0.5],"tintindex":0,"rotation":0,"texture":"#0"},"up":{"uv":[12.75,3.75,12.0,3.0],"tintindex":0,"rotation":0,"texture":"#0"},"down":{"uv":[12.75,3.75,12.0,4.5],"tintindex":0,"rotation":0,"texture":"#0"}}},{"from":[12.837208,-11.43475,7.0],"to":[14.837208,-5.4347496,9.0],"faces":{"east":{"uv":[6.5,11.75,7.0,10.25],"tintindex":0,"rotation":0,"texture":"#0"},"south":{"uv":[7.0,11.75,7.5,10.25],"tintindex":0,"rotation":0,"texture":"#0"},"north":{"uv":[6.0,11.75,6.5,10.25],"tintindex":0,"rotation":0,"texture":"#0"},"west":{"uv":[7.5,11.75,8.0,10.25],"tintindex":0,"rotation":0,"texture":"#0"},"up":{"uv":[14.0,14.25,13.5,13.75],"tintindex":0,"rotation":0,"texture":"#0"},"down":{"uv":[14.25,13.0,13.75,13.5],"tintindex":0,"rotation":0,"texture":"#0"}},"rotation":{"origin":[7.434034,-0.031575203,8.0],"angle":45.0,"axis":"z"}},{"from":[6.434034,17.145203,7.0],"to":[8.434034,23.145203,9.0],"faces":{"east":{"uv":[4.5,10.25,5.0,11.75],"tintindex":0,"rotation":0,"texture":"#0"},"south":{"uv":[5.0,10.25,5.5,11.75],"tintindex":0,"rotation":0,"texture":"#0"},"north":{"uv":[4.0,10.25,4.5,11.75],"tintindex":0,"rotation":0,"texture":"#0"},"west":{"uv":[5.5,10.25,6.0,11.75],"tintindex":0,"rotation":0,"texture":"#0"},"up":{"uv":[8.0,7.0,7.5,6.5],"tintindex":0,"rotation":0,"texture":"#0"},"down":{"uv":[13.5,13.75,13.0,14.25],"tintindex":0,"rotation":0,"texture":"#0"}}},{"from":[5.934034,17.725151,0.0968256],"to":[8.934034,19.725151,3.0968256],"faces":{"east":{"uv":[14.0,0.5,13.25,1.0],"tintindex":0,"rotation":0,"texture":"#0"},"south":{"uv":[14.0,2.0,13.25,2.5],"tintindex":0,"rotation":0,"texture":"#0"},"north":{"uv":[14.0,1.0,13.25,1.5],"tintindex":0,"rotation":0,"texture":"#0"},"west":{"uv":[14.0,1.5,13.25,2.0],"tintindex":0,"rotation":0,"texture":"#0"},"up":{"uv":[12.0,7.25,12.75,6.5],"tintindex":0,"rotation":90,"texture":"#0"},"down":{"uv":[12.0,7.25,12.75,8.0],"tintindex":0,"rotation":270,"texture":"#0"}},"rotation":{"origin":[7.434034,14.321979,8.0],"angle":-45.0,"axis":"x"}},{"from":[6.434034,19.725151,13.403174],"to":[8.434034,25.725151,15.403174],"faces":{"east":{"uv":[6.0,10.25,6.5,11.75],"tintindex":0,"rotation":0,"texture":"#0"},"south":{"uv":[6.5,10.25,7.0,11.75],"tintindex":0,"rotation":0,"texture":"#0"},"north":{"uv":[7.5,10.25,8.0,11.75],"tintindex":0,"rotation":0,"texture":"#0"},"west":{"uv":[7.0,10.25,7.5,11.75],"tintindex":0,"rotation":0,"texture":"#0"},"up":{"uv":[14.25,13.5,13.75,13.0],"tintindex":0,"rotation":90,"texture":"#0"},"down":{"uv":[14.0,13.75,13.5,14.25],"tintindex":0,"rotation":270,"texture":"#0"}},"rotation":{"origin":[7.434034,14.321979,8.0],"angle":45.0,"axis":"x"}},{"from":[15.272869,6.1452017,-5.838835],"to":[17.27287,8.145202,0.16116524],"faces":{"east":{"uv":[11.0,6.0,12.5,6.5],"tintindex":0,"rotation":0,"texture":"#0"},"south":{"uv":[2.75,14.0,3.25,14.5],"tintindex":0,"rotation":0,"texture":"#0"},"north":{"uv":[14.0,2.5,14.5,3.0],"tintindex":0,"rotation":0,"texture":"#0"},"west":{"uv":[8.0,11.25,9.5,11.75],"tintindex":0,"rotation":0,"texture":"#0"},"up":{"uv":[10.0,12.75,9.5,11.25],"tintindex":0,"rotation":0,"texture":"#0"},"down":{"uv":[10.5,11.25,10.0,12.75],"tintindex":0,"rotation":0,"texture":"#0"}},"rotation":{"origin":[16.27287,7.1452017,-0.83883476],"angle":-45.0,"axis":"y"}},{"from":[0.03085947,-11.43475,7.0],"to":[2.0308595,-5.4347496,9.0],"faces":{"east":{"uv":[8.0,11.75,7.5,10.25],"tintindex":0,"rotation":0,"texture":"#0"},"south":{"uv":[7.5,11.75,7.0,10.25],"tintindex":0,"rotation":0,"texture":"#0"},"north":{"uv":[6.5,11.75,6.0,10.25],"tintindex":0,"rotation":0,"texture":"#0"},"west":{"uv":[7.0,11.75,6.5,10.25],"tintindex":0,"rotation":0,"texture":"#0"},"up":{"uv":[13.5,14.25,14.0,13.75],"tintindex":0,"rotation":0,"texture":"#0"},"down":{"uv":[13.75,13.0,14.25,13.5],"tintindex":0,"rotation":0,"texture":"#0"}},"rotation":{"origin":[7.434034,-0.031575203,8.0],"angle":-45.0,"axis":"z"}},{"from":[12.337208,-5.4347496,6.5],"to":[15.337208,-3.4347496,9.5],"faces":{"east":{"uv":[13.25,1.5,14.0,1.0],"tintindex":0,"rotation":0,"texture":"#0"},"south":{"uv":[13.25,2.0,14.0,1.5],"tintindex":0,"rotation":0,"texture":"#0"},"north":{"uv":[13.25,1.0,14.0,0.5],"tintindex":0,"rotation":0,"texture":"#0"},"west":{"uv":[13.25,2.5,14.0,2.0],"tintindex":0,"rotation":0,"texture":"#0"},"up":{"uv":[12.75,8.0,12.0,7.25],"tintindex":0,"rotation":0,"texture":"#0"},"down":{"uv":[12.75,6.5,12.0,7.25],"tintindex":0,"rotation":0,"texture":"#0"}},"rotation":{"origin":[7.434034,-0.031575203,8.0],"angle":45.0,"axis":"z"}},{"from":[-2.9048004,5.6452017,0.16116524],"to":[0.09519911,8.645202,2.1611652],"faces":{"east":{"uv":[1.75,13.5,1.25,14.25],"tintindex":0,"rotation":0,"texture":"#0"},"south":{"uv":[13.25,5.25,12.5,6.0],"tintindex":0,"rotation":0,"texture":"#0"},"north":{"uv":[13.25,4.5,12.5,5.25],"tintindex":0,"rotation":0,"texture":"#0"},"west":{"uv":[1.25,13.5,0.75,14.25],"tintindex":0,"rotation":0,"texture":"#0"},"up":{"uv":[1.75,14.0,2.5,13.5],"tintindex":0,"rotation":0,"texture":"#0"},"down":{"uv":[2.5,13.5,3.25,14.0],"tintindex":0,"rotation":0,"texture":"#0"}},"rotation":{"origin":[-1.4048004,7.1452017,-0.83883476],"angle":45.0,"axis":"y"}},{"from":[-0.46914005,17.725151,6.5],"to":[2.5308595,19.725151,9.5],"faces":{"east":{"uv":[14.0,2.0,13.25,2.5],"tintindex":0,"rotation":0,"texture":"#0"},"south":{"uv":[14.0,1.5,13.25,2.0],"tintindex":0,"rotation":0,"texture":"#0"},"north":{"uv":[14.0,0.5,13.25,1.0],"tintindex":0,"rotation":0,"texture":"#0"},"west":{"uv":[14.0,1.0,13.25,1.5],"tintindex":0,"rotation":0,"texture":"#0"},"up":{"uv":[12.0,7.25,12.75,6.5],"tintindex":0,"rotation":0,"texture":"#0"},"down":{"uv":[12.0,7.25,12.75,8.0],"tintindex":0,"rotation":0,"texture":"#0"}},"rotation":{"origin":[7.434034,14.321979,8.0],"angle":45.0,"axis":"z"}},{"from":[6.434034,-11.43475,13.403174],"to":[8.434034,-5.4347496,15.403174],"faces":{"east":{"uv":[6.0,11.75,6.5,10.25],"tintindex":0,"rotation":0,"texture":"#0"},"south":{"uv":[6.5,11.75,7.0,10.25],"tintindex":0,"rotation":0,"texture":"#0"},"north":{"uv":[7.5,11.75,8.0,10.25],"tintindex":0,"rotation":0,"texture":"#0"},"west":{"uv":[7.0,11.75,7.5,10.25],"tintindex":0,"rotation":0,"texture":"#0"},"up":{"uv":[13.5,13.75,14.0,14.25],"tintindex":0,"rotation":270,"texture":"#0"},"down":{"uv":[13.75,13.5,14.25,13.0],"tintindex":0,"rotation":90,"texture":"#0"}},"rotation":{"origin":[7.434034,-0.031575203,8.0],"angle":-45.0,"axis":"x"}},{"from":[5.934034,-2.8547983,6.5],"to":[8.934034,-0.8547983,9.5],"faces":{"east":{"uv":[6.25,13.25,7.0,13.75],"tintindex":0,"rotation":0,"texture":"#0"},"south":{"uv":[7.0,13.25,7.75,13.75],"tintindex":0,"rotation":0,"texture":"#0"},"north":{"uv":[13.25,5.5,14.0,6.0],"tintindex":0,"rotation":0,"texture":"#0"},"west":{"uv":[7.75,13.25,8.5,13.75],"tintindex":0,"rotation":0,"texture":"#0"},"up":{"uv":[12.75,11.75,12.0,11.0],"tintindex":0,"rotation":0,"texture":"#0"},"down":{"uv":[12.75,11.75,12.0,12.5],"tintindex":0,"rotation":0,"texture":"#0"}}},{"from":[14.772869,5.6452017,0.16116524],"to":[17.77287,8.645202,2.1611652],"faces":{"east":{"uv":[0.75,13.5,1.25,14.25],"tintindex":0,"rotation":0,"texture":"#0"},"south":{"uv":[12.5,5.25,13.25,6.0],"tintindex":0,"rotation":0,"texture":"#0"},"north":{"uv":[12.5,4.5,13.25,5.25],"tintindex":0,"rotation":0,"texture":"#0"},"west":{"uv":[1.25,13.5,1.75,14.25],"tintindex":0,"rotation":0,"texture":"#0"},"up":{"uv":[2.5,14.0,1.75,13.5],"tintindex":0,"rotation":0,"texture":"#0"},"down":{"uv":[3.25,13.5,2.5,14.0],"tintindex":0,"rotation":0,"texture":"#0"}},"rotation":{"origin":[16.27287,7.1452017,-0.83883476],"angle":-45.0,"axis":"y"}},{"from":[14.772869,5.6452017,13.838835],"to":[17.77287,8.645202,15.838835],"faces":{"east":{"uv":[1.25,13.5,0.75,14.25],"tintindex":0,"rotation":0,"texture":"#0"},"south":{"uv":[13.25,4.5,12.5,5.25],"tintindex":0,"rotation":0,"texture":"#0"},"north":{"uv":[13.25,5.25,12.5,6.0],"tintindex":0,"rotation":0,"texture":"#0"},"west":{"uv":[1.75,13.5,1.25,14.25],"tintindex":0,"rotation":0,"texture":"#0"},"up":{"uv":[2.5,13.5,1.75,14.0],"tintindex":0,"rotation":0,"texture":"#0"},"down":{"uv":[3.25,14.0,2.5,13.5],"tintindex":0,"rotation":0,"texture":"#0"}},"rotation":{"origin":[16.27287,7.1452017,16.838835],"angle":45.0,"axis":"y"}},{"from":[0.43403387,-0.8547983,1.0],"to":[14.434034,2.1452017,15.0],"faces":{"east":{"uv":[11.5,7.25,8.0,6.5],"tintindex":0,"rotation":0,"texture":"#0"},"south":{"uv":[8.0,7.25,11.5,6.5],"tintindex":0,"rotation":0,"texture":"#0"},"north":{"uv":[8.0,7.25,11.5,6.5],"tintindex":0,"rotation":0,"texture":"#0"},"west":{"uv":[11.5,7.25,8.0,6.5],"tintindex":0,"rotation":0,"texture":"#0"},"down":{"uv":[7.5,0.0,4.0,3.5],"tintindex":0,"rotation":0,"texture":"#0"}}}],"display":{"head":{"rotation":[0.0,0.0,0.0]},"firstperson_righthand":{"rotation":[0.0,0.0,0.0]},"thirdperson_lefthand":{"rotation":[0.0,-0.0,-0.0]},"firstperson_lefthand":{"rotation":[0.0,-0.0,-0.0]},"fixed":{"rotation":[0.0,0.0,0.0]},"ground":{"rotation":[0.0,0.0,0.0]},"thirdperson_righthand":{"rotation":[0.0,0.0,0.0]},"gui":{"rotation":[-150.0,-75.0,-180.0]}}}