{"textures":{"0":"modelengine:entity/ice_zombie"},"elements":[{"from":[4.5,5.0,8.0],"to":[11.5,11.0,8.0],"faces":{"south":{"uv":[7.75,0.0,9.5,1.5],"tintindex":0,"rotation":0,"texture":"#0"},"north":{"uv":[6.0,0.0,7.75,1.5],"tintindex":0,"rotation":0,"texture":"#0"}},"rotation":{"origin":[8.0,8.0,8.0],"angle":22.5,"axis":"z"}}],"display":{"head":{"rotation":[0.0,0.0,0.0]},"firstperson_righthand":{"rotation":[0.0,0.0,0.0]},"thirdperson_lefthand":{"rotation":[0.0,-0.0,-0.0]},"firstperson_lefthand":{"rotation":[0.0,-0.0,-0.0]},"fixed":{"rotation":[0.0,0.0,0.0]},"ground":{"rotation":[0.0,0.0,0.0]},"thirdperson_righthand":{"rotation":[0.0,0.0,0.0]},"gui":{"rotation":[-150.0,-75.0,-180.0]}}}