{"textures":{"0":"modelengine:entity/ice_zombie"},"elements":[{"from":[2.693437,2.7832274,8.882684],"to":[10.693438,11.783227,8.882684],"faces":{"south":{"uv":[11.0,10.0,13.0,12.25],"tintindex":0,"rotation":0,"texture":"#0"},"north":{"uv":[9.0,10.0,11.0,12.25],"tintindex":0,"rotation":0,"texture":"#0"}}}],"display":{"head":{"rotation":[-42.73421,-58.600285,42.73421]},"firstperson_righthand":{"rotation":[-42.73421,-58.600285,42.73421]},"thirdperson_lefthand":{"rotation":[-42.73421,58.600285,-42.73421]},"firstperson_lefthand":{"rotation":[-42.73421,58.600285,-42.73421]},"fixed":{"rotation":[-42.73421,-58.600285,42.73421]},"ground":{"rotation":[-42.73421,-58.600285,42.73421]},"thirdperson_righthand":{"rotation":[-42.73421,-58.600285,42.73421]},"gui":{"rotation":[-129.05144,-8.553216,-95.74837]}}}