{"textures":{"0":"modelengine:entity/ice_zombie"},"elements":[{"from":[4.0,3.0,6.0],"to":[8.0,10.0,10.0],"faces":{"east":{"uv":[0.0,9.0,1.0,10.75],"tintindex":0,"rotation":0,"texture":"#0"},"south":{"uv":[3.0,9.0,4.0,10.75],"tintindex":0,"rotation":0,"texture":"#0"},"north":{"uv":[1.0,9.0,2.0,10.75],"tintindex":0,"rotation":0,"texture":"#0"},"west":{"uv":[2.0,9.0,3.0,10.75],"tintindex":0,"rotation":0,"texture":"#0"},"up":{"uv":[2.0,9.0,1.0,8.0],"tintindex":0,"rotation":0,"texture":"#0"},"down":{"uv":[3.0,8.0,2.0,9.0],"tintindex":0,"rotation":0,"texture":"#0"}}},{"from":[3.5,7.0,5.5],"to":[8.5,11.0,10.5],"faces":{"east":{"uv":[4.0,9.25,5.25,10.25],"tintindex":0,"rotation":0,"texture":"#0"},"south":{"uv":[7.75,9.25,9.0,10.25],"tintindex":0,"rotation":0,"texture":"#0"},"north":{"uv":[5.25,9.25,6.5,10.25],"tintindex":0,"rotation":0,"texture":"#0"},"west":{"uv":[6.5,9.25,7.75,10.25],"tintindex":0,"rotation":0,"texture":"#0"},"up":{"uv":[6.5,9.25,5.25,8.0],"tintindex":0,"rotation":0,"texture":"#0"},"down":{"uv":[7.75,8.0,6.5,9.25],"tintindex":0,"rotation":0,"texture":"#0"}}}],"display":{"head":{"rotation":[0.0,0.0,0.0]},"firstperson_righthand":{"rotation":[0.0,0.0,0.0]},"thirdperson_lefthand":{"rotation":[0.0,-0.0,-0.0]},"firstperson_lefthand":{"rotation":[0.0,-0.0,-0.0]},"fixed":{"rotation":[0.0,0.0,0.0]},"ground":{"rotation":[0.0,0.0,0.0]},"thirdperson_righthand":{"rotation":[0.0,0.0,0.0]},"gui":{"rotation":[-150.0,-75.0,-180.0]}}}