{"textures":{"0":"modelengine:entity/ice_zombie"},"elements":[{"from":[8.0,3.0,6.0],"to":[12.0,8.0,10.0],"faces":{"east":{"uv":[0.0,10.75,1.0,12.0],"tintindex":0,"rotation":0,"texture":"#0"},"south":{"uv":[3.0,10.75,4.0,12.0],"tintindex":0,"rotation":0,"texture":"#0"},"north":{"uv":[1.0,10.75,2.0,12.0],"tintindex":0,"rotation":0,"texture":"#0"},"west":{"uv":[2.0,10.75,3.0,12.0],"tintindex":0,"rotation":0,"texture":"#0"},"up":{"uv":[2.0,9.0,1.0,8.0],"tintindex":0,"rotation":0,"texture":"#0"},"down":{"uv":[3.0,8.0,2.0,9.0],"tintindex":0,"rotation":0,"texture":"#0"}}}],"display":{"head":{"rotation":[0.0,0.0,0.0]},"firstperson_righthand":{"rotation":[0.0,0.0,0.0]},"thirdperson_lefthand":{"rotation":[0.0,-0.0,-0.0]},"firstperson_lefthand":{"rotation":[0.0,-0.0,-0.0]},"fixed":{"rotation":[0.0,0.0,0.0]},"ground":{"rotation":[0.0,0.0,0.0]},"thirdperson_righthand":{"rotation":[0.0,0.0,0.0]},"gui":{"rotation":[-150.0,-75.0,-180.0]}}}