{"textures":{"0":"modelengine:entity/ice_zombie"},"elements":[{"from":[6.0,2.0,8.0],"to":[10.0,8.0,12.0],"faces":{"east":{"uv":[3.0,6.5,2.0,8.0],"tintindex":0,"rotation":0,"texture":"#0"},"south":{"uv":[4.0,6.5,3.0,8.0],"tintindex":0,"rotation":0,"texture":"#0"},"north":{"uv":[2.0,6.5,1.0,8.0],"tintindex":0,"rotation":0,"texture":"#0"},"west":{"uv":[1.0,6.5,0.0,8.0],"tintindex":0,"rotation":0,"texture":"#0"},"up":{"uv":[1.0,5.0,2.0,4.0],"tintindex":0,"rotation":0,"texture":"#0"},"down":{"uv":[2.0,4.0,3.0,5.0],"tintindex":0,"rotation":0,"texture":"#0"}}}],"display":{"head":{"rotation":[0.0,0.0,0.0]},"firstperson_righthand":{"rotation":[0.0,0.0,0.0]},"thirdperson_lefthand":{"rotation":[0.0,-0.0,-0.0]},"firstperson_lefthand":{"rotation":[0.0,-0.0,-0.0]},"fixed":{"rotation":[0.0,0.0,0.0]},"ground":{"rotation":[0.0,0.0,0.0]},"thirdperson_righthand":{"rotation":[0.0,0.0,0.0]},"gui":{"rotation":[-150.0,-75.0,-180.0]}}}