{"textures":{"0":"modelengine:entity/ice_zombie"},"elements":[{"from":[4.0,3.0,8.0],"to":[8.0,8.0,12.0],"faces":{"east":{"uv":[10.0,6.75,11.0,8.0],"tintindex":0,"rotation":0,"texture":"#0"},"south":{"uv":[13.0,6.75,14.0,8.0],"tintindex":0,"rotation":0,"texture":"#0"},"north":{"uv":[11.0,6.75,12.0,8.0],"tintindex":0,"rotation":0,"texture":"#0"},"west":{"uv":[12.0,6.75,13.0,8.0],"tintindex":0,"rotation":0,"texture":"#0"},"up":{"uv":[12.0,5.0,11.0,4.0],"tintindex":0,"rotation":0,"texture":"#0"},"down":{"uv":[13.0,4.0,12.0,5.0],"tintindex":0,"rotation":0,"texture":"#0"}}}],"display":{"head":{"rotation":[0.0,0.0,0.0]},"firstperson_righthand":{"rotation":[0.0,0.0,0.0]},"thirdperson_lefthand":{"rotation":[0.0,-0.0,-0.0]},"firstperson_lefthand":{"rotation":[0.0,-0.0,-0.0]},"fixed":{"rotation":[0.0,0.0,0.0]},"ground":{"rotation":[0.0,0.0,0.0]},"thirdperson_righthand":{"rotation":[0.0,0.0,0.0]},"gui":{"rotation":[-150.0,-75.0,-180.0]}}}