{"textures":{"0":"modelengine:block/copper_golem_1"},"elements":[{"from":[3.4503903,5.153047,5.420234],"to":[11.262969,10.8858595,10.293125],"faces":{"east":{"uv":[0.0,4.25,1.0,5.5],"tintindex":0,"rotation":0,"texture":"#0"},"south":{"uv":[3.75,4.25,5.5,5.5],"tintindex":0,"rotation":0,"texture":"#0"},"north":{"uv":[1.0,4.25,2.75,5.5],"tintindex":0,"rotation":0,"texture":"#0"},"west":{"uv":[2.75,4.25,3.75,5.5],"tintindex":0,"rotation":0,"texture":"#0"},"up":{"uv":[2.75,4.25,1.0,3.25],"tintindex":0,"rotation":0,"texture":"#0"},"down":{"uv":[4.5,3.25,2.75,4.25],"tintindex":0,"rotation":0,"texture":"#0"}}}],"display":{"head":{"rotation":[0.0,0.0,0.0]},"firstperson_righthand":{"rotation":[0.0,0.0,0.0]},"thirdperson_lefthand":{"rotation":[0.0,-0.0,-0.0]},"firstperson_lefthand":{"rotation":[0.0,-0.0,-0.0]},"fixed":{"rotation":[0.0,0.0,0.0]},"ground":{"rotation":[0.0,0.0,0.0]},"thirdperson_righthand":{"rotation":[0.0,0.0,0.0]},"gui":{"rotation":[-150.0,-75.0,-180.0]}}}