{"textures":{"0":"modelengine:block/ostrich"},"elements":[{"from":[3.5,7.5979013,16.582882],"to":[11.5,13.5979,18.582882],"faces":{"east":{"uv":[4.5,10.0,5.0,11.5],"tintindex":0,"rotation":0,"texture":"#0"},"south":{"uv":[7.5,5.0,9.5,6.5],"tintindex":0,"rotation":0,"texture":"#0"},"north":{"uv":[7.5,0.0,9.5,1.5],"tintindex":0,"rotation":0,"texture":"#0"},"west":{"uv":[9.5,10.75,10.0,12.25],"tintindex":0,"rotation":0,"texture":"#0"},"up":{"uv":[9.5,2.0,7.5,1.5],"tintindex":0,"rotation":0,"texture":"#0"},"down":{"uv":[11.5,6.0,9.5,6.5],"tintindex":0,"rotation":0,"texture":"#0"}}},{"from":[2.5,6.5979013,2.582882],"to":[12.5,14.5979,16.582882],"faces":{"east":{"uv":[0.0,3.5,3.5,5.5],"tintindex":0,"rotation":0,"texture":"#0"},"south":{"uv":[0.0,5.5,2.5,7.5],"tintindex":0,"rotation":0,"texture":"#0"},"north":{"uv":[5.0,0.0,7.5,2.0],"tintindex":0,"rotation":0,"texture":"#0"},"west":{"uv":[3.5,3.5,7.0,5.5],"tintindex":0,"rotation":0,"texture":"#0"},"up":{"uv":[2.5,3.5,0.0,0.0],"tintindex":0,"rotation":0,"texture":"#0"},"down":{"uv":[5.0,0.0,2.5,3.5],"tintindex":0,"rotation":0,"texture":"#0"}}}],"display":{"head":{"rotation":[0.0,0.0,0.0]},"firstperson_righthand":{"rotation":[0.0,0.0,0.0]},"thirdperson_lefthand":{"rotation":[0.0,-0.0,-0.0]},"firstperson_lefthand":{"rotation":[0.0,-0.0,-0.0]},"fixed":{"rotation":[0.0,0.0,0.0]},"ground":{"rotation":[0.0,0.0,0.0]},"thirdperson_righthand":{"rotation":[0.0,0.0,0.0]},"gui":{"rotation":[-150.0,-75.0,-180.0]}}}