{"textures":{"0":"modelengine:block/ostrich"},"elements":[{"from":[5.0,6.25,4.0],"to":[10.0,10.25,8.0],"faces":{"east":{"uv":[10.25,6.5,11.25,7.5],"tintindex":0,"rotation":0,"texture":"#0"},"south":{"uv":[8.25,9.75,9.5,10.75],"tintindex":0,"rotation":0,"texture":"#0"},"north":{"uv":[7.0,9.5,8.25,10.5],"tintindex":0,"rotation":0,"texture":"#0"},"west":{"uv":[7.0,10.5,8.0,11.5],"tintindex":0,"rotation":0,"texture":"#0"},"up":{"uv":[10.75,10.75,9.5,9.75],"tintindex":0,"rotation":0,"texture":"#0"},"down":{"uv":[1.25,10.0,0.0,11.0],"tintindex":0,"rotation":0,"texture":"#0"}}},{"from":[4.0,5.25,7.0],"to":[11.0,11.25,10.0],"faces":{"east":{"uv":[10.25,2.0,11.0,3.5],"tintindex":0,"rotation":0,"texture":"#0"},"south":{"uv":[8.5,6.5,10.25,8.0],"tintindex":0,"rotation":0,"texture":"#0"},"north":{"uv":[3.25,8.5,5.0,10.0],"tintindex":0,"rotation":0,"texture":"#0"},"west":{"uv":[10.25,4.25,11.0,5.75],"tintindex":0,"rotation":0,"texture":"#0"},"up":{"uv":[10.25,9.75,8.5,9.0],"tintindex":0,"rotation":0,"texture":"#0"},"down":{"uv":[11.0,3.5,9.25,4.25],"tintindex":0,"rotation":0,"texture":"#0"}}}],"display":{"head":{"rotation":[0.0,0.0,0.0]},"firstperson_righthand":{"rotation":[0.0,0.0,0.0]},"thirdperson_lefthand":{"rotation":[0.0,-0.0,-0.0]},"firstperson_lefthand":{"rotation":[0.0,-0.0,-0.0]},"fixed":{"rotation":[0.0,0.0,0.0]},"ground":{"rotation":[0.0,0.0,0.0]},"thirdperson_righthand":{"rotation":[0.0,0.0,0.0]},"gui":{"rotation":[-150.0,-75.0,-180.0]}}}