{"textures":{"0":"modelengine:block/ostrich"},"elements":[{"from":[5.0,6.0999994,4.0],"to":[10.0,16.599998,8.0],"faces":{"east":{"uv":[6.0,8.25,7.0,11.0],"tintindex":0,"rotation":0,"texture":"#0"},"south":{"uv":[6.25,5.5,7.5,8.25],"tintindex":0,"rotation":0,"texture":"#0"},"north":{"uv":[5.0,5.5,6.25,8.25],"tintindex":0,"rotation":0,"texture":"#0"},"west":{"uv":[2.25,8.5,3.25,11.25],"tintindex":0,"rotation":0,"texture":"#0"},"up":{"uv":[4.5,11.0,3.25,10.0],"tintindex":0,"rotation":0,"texture":"#0"},"down":{"uv":[11.25,8.0,10.0,9.0],"tintindex":0,"rotation":0,"texture":"#0"}}}],"display":{"head":{"rotation":[0.0,0.0,0.0]},"firstperson_righthand":{"rotation":[0.0,0.0,0.0]},"thirdperson_lefthand":{"rotation":[0.0,-0.0,-0.0]},"firstperson_lefthand":{"rotation":[0.0,-0.0,-0.0]},"fixed":{"rotation":[0.0,0.0,0.0]},"ground":{"rotation":[0.0,0.0,0.0]},"thirdperson_righthand":{"rotation":[0.0,0.0,0.0]},"gui":{"rotation":[-150.0,-75.0,-180.0]}}}