{"textures":{"0":"modelengine:block/ostrich"},"elements":[{"from":[4.65,13.1,4.75],"to":[10.4,15.1,9.0],"faces":{"east":{"uv":[10.75,10.25,11.75,10.75],"tintindex":0,"rotation":0,"texture":"#0"},"south":{"uv":[10.0,10.75,11.5,11.25],"tintindex":0,"rotation":0,"texture":"#0"},"north":{"uv":[10.25,7.5,11.75,8.0],"tintindex":0,"rotation":0,"texture":"#0"},"west":{"uv":[11.0,2.0,12.0,2.5],"tintindex":0,"rotation":0,"texture":"#0"},"up":{"uv":[10.0,9.0,8.5,8.0],"tintindex":0,"rotation":0,"texture":"#0"},"down":{"uv":[1.5,9.0,0.0,10.0],"tintindex":0,"rotation":0,"texture":"#0"}}},{"from":[5.0,6.1000004,8.0],"to":[10.0,18.1,12.0],"faces":{"east":{"uv":[7.5,6.5,8.5,9.5],"tintindex":0,"rotation":0,"texture":"#0"},"south":{"uv":[3.75,5.5,5.0,8.5],"tintindex":0,"rotation":0,"texture":"#0"},"north":{"uv":[2.5,5.5,3.75,8.5],"tintindex":0,"rotation":0,"texture":"#0"},"west":{"uv":[5.0,8.25,6.0,11.25],"tintindex":0,"rotation":0,"texture":"#0"},"up":{"uv":[11.5,1.0,10.25,0.0],"tintindex":0,"rotation":0,"texture":"#0"},"down":{"uv":[11.5,1.0,10.25,2.0],"tintindex":0,"rotation":0,"texture":"#0"}}}],"display":{"head":{"rotation":[0.0,0.0,0.0]},"firstperson_righthand":{"rotation":[0.0,0.0,0.0]},"thirdperson_lefthand":{"rotation":[0.0,-0.0,-0.0]},"firstperson_lefthand":{"rotation":[0.0,-0.0,-0.0]},"fixed":{"rotation":[0.0,0.0,0.0]},"ground":{"rotation":[0.0,0.0,0.0]},"thirdperson_righthand":{"rotation":[0.0,0.0,0.0]},"gui":{"rotation":[-150.0,-75.0,-180.0]}}}