{"textures":{"0":"modelengine:block/ostrich"},"elements":[{"from":[6.7000003,-0.9,4.2749996],"to":[9.0,5.9,4.325],"faces":{"east":{"uv":[0.75,11.0,1.0,12.75],"tintindex":0,"rotation":0,"texture":"#0"},"south":{"uv":[9.5,0.0,10.25,1.75],"tintindex":0,"rotation":0,"texture":"#0"},"north":{"uv":[1.5,9.0,2.25,10.75],"tintindex":0,"rotation":0,"texture":"#0"},"west":{"uv":[1.0,11.0,1.25,12.75],"tintindex":0,"rotation":0,"texture":"#0"},"up":{"uv":[3.25,11.5,2.5,11.25],"tintindex":0,"rotation":0,"texture":"#0"},"down":{"uv":[12.0,2.5,11.25,2.75],"tintindex":0,"rotation":0,"texture":"#0"}},"rotation":{"origin":[3.6000004,-2.6000004,11.5],"angle":22.5,"axis":"x"}}],"display":{"head":{"rotation":[0.0,0.0,0.0]},"firstperson_righthand":{"rotation":[0.0,0.0,0.0]},"thirdperson_lefthand":{"rotation":[0.0,-0.0,-0.0]},"firstperson_lefthand":{"rotation":[0.0,-0.0,-0.0]},"fixed":{"rotation":[0.0,0.0,0.0]},"ground":{"rotation":[0.0,0.0,0.0]},"thirdperson_righthand":{"rotation":[0.0,0.0,0.0]},"gui":{"rotation":[-150.0,-75.0,-180.0]}}}