{"textures":{"0":"modelengine:block/ostrich"},"elements":[{"from":[6.9500003,2.1000004,13.450001],"to":[9.25,6.9,13.5],"faces":{"east":{"uv":[7.0,8.25,7.25,9.5],"tintindex":0,"rotation":0,"texture":"#0"},"south":{"uv":[8.0,10.75,8.75,12.0],"tintindex":0,"rotation":0,"texture":"#0"},"north":{"uv":[1.25,10.75,2.0,12.0],"tintindex":0,"rotation":0,"texture":"#0"},"west":{"uv":[7.25,8.25,7.5,9.5],"tintindex":0,"rotation":0,"texture":"#0"},"up":{"uv":[11.0,6.0,10.25,5.75],"tintindex":0,"rotation":0,"texture":"#0"},"down":{"uv":[11.75,5.75,11.0,6.0],"tintindex":0,"rotation":0,"texture":"#0"}},"rotation":{"origin":[3.8500004,-6.2,6.1],"angle":-22.5,"axis":"x"}}],"display":{"head":{"rotation":[0.0,0.0,0.0]},"firstperson_righthand":{"rotation":[0.0,0.0,0.0]},"thirdperson_lefthand":{"rotation":[0.0,-0.0,-0.0]},"firstperson_lefthand":{"rotation":[0.0,-0.0,-0.0]},"fixed":{"rotation":[0.0,0.0,0.0]},"ground":{"rotation":[0.0,0.0,0.0]},"thirdperson_righthand":{"rotation":[0.0,0.0,0.0]},"gui":{"rotation":[-150.0,-75.0,-180.0]}}}