{"textures":{"0":"modelengine:block/ostrich"},"elements":[{"from":[7.0,5.5979013,6.582882],"to":[8.0,11.5979,15.582882],"faces":{"east":{"uv":[5.0,2.0,7.25,3.5],"tintindex":0,"rotation":0,"texture":"#0"},"south":{"uv":[3.75,11.0,4.0,12.5],"tintindex":0,"rotation":0,"texture":"#0"},"north":{"uv":[3.5,11.0,3.75,12.5],"tintindex":0,"rotation":0,"texture":"#0"},"west":{"uv":[7.0,3.5,9.25,5.0],"tintindex":0,"rotation":0,"texture":"#0"},"up":{"uv":[2.25,13.0,2.0,10.75],"tintindex":0,"rotation":0,"texture":"#0"},"down":{"uv":[0.25,11.0,0.0,13.25],"tintindex":0,"rotation":0,"texture":"#0"}}}],"display":{"head":{"rotation":[0.0,0.0,0.0]},"firstperson_righthand":{"rotation":[0.0,0.0,0.0]},"thirdperson_lefthand":{"rotation":[0.0,-0.0,-0.0]},"firstperson_lefthand":{"rotation":[0.0,-0.0,-0.0]},"fixed":{"rotation":[0.0,0.0,0.0]},"ground":{"rotation":[0.0,0.0,0.0]},"thirdperson_righthand":{"rotation":[0.0,0.0,0.0]},"gui":{"rotation":[-150.0,-75.0,-180.0]}}}