{"textures":{"0":"modelengine:block/ostrich"},"elements":[{"from":[6.6000004,7.85,5.85],"to":[9.1,7.85,8.1],"faces":{"up":{"uv":[11.75,4.75,11.0,4.25],"tintindex":0,"rotation":0,"texture":"#0"},"down":{"uv":[11.75,4.75,11.0,5.25],"tintindex":0,"rotation":0,"texture":"#0"}}}],"display":{"head":{"rotation":[0.0,0.0,0.0]},"firstperson_righthand":{"rotation":[0.0,0.0,0.0]},"thirdperson_lefthand":{"rotation":[0.0,-0.0,-0.0]},"firstperson_lefthand":{"rotation":[0.0,-0.0,-0.0]},"fixed":{"rotation":[0.0,0.0,0.0]},"ground":{"rotation":[0.0,0.0,0.0]},"thirdperson_righthand":{"rotation":[0.0,0.0,0.0]},"gui":{"rotation":[-150.0,-75.0,-180.0]}}}