{"textures":{"0":"modelengine:block/ostrich"},"elements":[{"from":[6.85,2.1000004,13.200001],"to":[9.15,6.9,13.25],"faces":{"east":{"uv":[6.75,11.0,7.0,12.25],"tintindex":0,"rotation":0,"texture":"#0"},"south":{"uv":[10.75,9.0,11.5,10.25],"tintindex":0,"rotation":0,"texture":"#0"},"north":{"uv":[8.75,10.75,9.5,12.0],"tintindex":0,"rotation":0,"texture":"#0"},"west":{"uv":[2.25,11.25,2.5,12.5],"tintindex":0,"rotation":0,"texture":"#0"},"up":{"uv":[12.0,3.0,11.25,2.75],"tintindex":0,"rotation":0,"texture":"#0"},"down":{"uv":[12.0,3.0,11.25,3.25],"tintindex":0,"rotation":0,"texture":"#0"}},"rotation":{"origin":[-0.25,-6.2,5.85],"angle":-22.5,"axis":"x"}}],"display":{"head":{"rotation":[0.0,0.0,0.0]},"firstperson_righthand":{"rotation":[0.0,0.0,0.0]},"thirdperson_lefthand":{"rotation":[0.0,-0.0,-0.0]},"firstperson_lefthand":{"rotation":[0.0,-0.0,-0.0]},"fixed":{"rotation":[0.0,0.0,0.0]},"ground":{"rotation":[0.0,0.0,0.0]},"thirdperson_righthand":{"rotation":[0.0,0.0,0.0]},"gui":{"rotation":[-150.0,-75.0,-180.0]}}}