{"textures":{"0":"modelengine:block/ostrich"},"elements":[{"from":[8.25,5.5979013,6.582882],"to":[9.25,11.5979,15.582882],"faces":{"east":{"uv":[7.25,2.0,9.5,3.5],"tintindex":0,"rotation":0,"texture":"#0"},"south":{"uv":[4.25,11.0,4.5,12.5],"tintindex":0,"rotation":0,"texture":"#0"},"north":{"uv":[4.0,11.0,4.25,12.5],"tintindex":0,"rotation":0,"texture":"#0"},"west":{"uv":[0.0,7.5,2.25,9.0],"tintindex":0,"rotation":0,"texture":"#0"},"up":{"uv":[0.5,13.25,0.25,11.0],"tintindex":0,"rotation":0,"texture":"#0"},"down":{"uv":[0.75,11.0,0.5,13.25],"tintindex":0,"rotation":0,"texture":"#0"}}}],"display":{"head":{"rotation":[0.0,0.0,0.0]},"firstperson_righthand":{"rotation":[0.0,0.0,0.0]},"thirdperson_lefthand":{"rotation":[0.0,-0.0,-0.0]},"firstperson_lefthand":{"rotation":[0.0,-0.0,-0.0]},"fixed":{"rotation":[0.0,0.0,0.0]},"ground":{"rotation":[0.0,0.0,0.0]},"thirdperson_righthand":{"rotation":[0.0,0.0,0.0]},"gui":{"rotation":[-150.0,-75.0,-180.0]}}}