{"textures":{"0":"modelengine:block/baby_penguin"},"elements":[{"from":[3.8600001,1.79,4.55],"to":[12.139999,11.45,11.45],"faces":{"east":{"uv":[0.0,2.5,1.75,5.0],"tintindex":0,"rotation":0,"texture":"#0"},"south":{"uv":[2.0,0.0,4.0,2.5],"tintindex":0,"rotation":0,"texture":"#0"},"north":{"uv":[0.0,0.0,2.0,2.5],"tintindex":0,"rotation":0,"texture":"#0"},"west":{"uv":[1.75,2.5,3.5,5.0],"tintindex":0,"rotation":0,"texture":"#0"},"up":{"uv":[5.5,4.25,3.5,2.5],"tintindex":0,"rotation":0,"texture":"#0"},"down":{"uv":[6.0,0.0,4.0,1.75],"tintindex":0,"rotation":0,"texture":"#0"}}}],"display":{"head":{"rotation":[0.0,0.0,0.0]},"firstperson_righthand":{"rotation":[0.0,0.0,0.0]},"thirdperson_lefthand":{"rotation":[0.0,-0.0,-0.0]},"firstperson_lefthand":{"rotation":[0.0,-0.0,-0.0]},"fixed":{"rotation":[0.0,0.0,0.0]},"ground":{"rotation":[0.0,0.0,0.0]},"thirdperson_righthand":{"rotation":[0.0,0.0,0.0]},"gui":{"rotation":[-150.0,-75.0,-180.0]}}}