{"textures":{"1":"modelengine:block/baby_penguin_egg"},"elements":[{"from":[4.0,8.0,4.0],"to":[12.0,20.0,12.0],"faces":{"east":{"uv":[4.0,0.0,0.0,6.0],"tintindex":0,"rotation":0,"texture":"#1"},"south":{"uv":[0.0,0.0,4.0,6.0],"tintindex":0,"rotation":0,"texture":"#1"},"north":{"uv":[0.0,0.0,4.0,6.0],"tintindex":0,"rotation":0,"texture":"#1"},"west":{"uv":[4.0,0.0,0.0,6.0],"tintindex":0,"rotation":0,"texture":"#1"},"up":{"uv":[12.0,4.0,8.0,0.0],"tintindex":0,"rotation":0,"texture":"#1"},"down":{"uv":[12.0,4.0,8.0,8.0],"tintindex":0,"rotation":0,"texture":"#1"}}}],"display":{"head":{"rotation":[0.0,0.0,0.0]},"firstperson_righthand":{"rotation":[0.0,0.0,0.0]},"thirdperson_lefthand":{"rotation":[0.0,-0.0,-0.0]},"firstperson_lefthand":{"rotation":[0.0,-0.0,-0.0]},"fixed":{"rotation":[0.0,0.0,0.0]},"ground":{"rotation":[0.0,0.0,0.0]},"thirdperson_righthand":{"rotation":[0.0,0.0,0.0]},"gui":{"rotation":[-150.0,-75.0,-180.0]}}}