{"textures":{"0":"modelengine:block/baby_penguin"},"elements":[{"from":[8.69,6.62,7.31],"to":[10.76,8.69,8.0],"faces":{"east":{"uv":[5.75,6.25,6.0,6.75],"tintindex":0,"rotation":0,"texture":"#0"},"south":{"uv":[1.0,7.5,1.5,8.0],"tintindex":0,"rotation":0,"texture":"#0"},"north":{"uv":[0.5,7.5,1.0,8.0],"tintindex":0,"rotation":0,"texture":"#0"},"west":{"uv":[1.5,7.5,1.75,8.0],"tintindex":0,"rotation":0,"texture":"#0"},"up":{"uv":[6.0,4.25,5.5,4.0],"tintindex":0,"rotation":0,"texture":"#0"},"down":{"uv":[8.0,4.5,7.5,4.75],"tintindex":0,"rotation":0,"texture":"#0"}}},{"from":[5.24,6.62,7.31],"to":[7.31,8.69,8.0],"faces":{"east":{"uv":[3.75,7.5,4.0,8.0],"tintindex":0,"rotation":0,"texture":"#0"},"south":{"uv":[2.5,7.5,3.0,8.0],"tintindex":0,"rotation":0,"texture":"#0"},"north":{"uv":[7.5,1.0,8.0,1.5],"tintindex":0,"rotation":0,"texture":"#0"},"west":{"uv":[7.5,4.75,7.75,5.25],"tintindex":0,"rotation":0,"texture":"#0"},"up":{"uv":[5.5,7.75,5.0,7.5],"tintindex":0,"rotation":0,"texture":"#0"},"down":{"uv":[8.0,5.25,7.5,5.5],"tintindex":0,"rotation":0,"texture":"#0"}}}],"display":{"head":{"rotation":[0.0,0.0,0.0]},"firstperson_righthand":{"rotation":[0.0,0.0,0.0]},"thirdperson_lefthand":{"rotation":[0.0,-0.0,-0.0]},"firstperson_lefthand":{"rotation":[0.0,-0.0,-0.0]},"fixed":{"rotation":[0.0,0.0,0.0]},"ground":{"rotation":[0.0,0.0,0.0]},"thirdperson_righthand":{"rotation":[0.0,0.0,0.0]},"gui":{"rotation":[-150.0,-75.0,-180.0]}}}