{"textures":{"0":"modelengine:block/baby_penguin"},"elements":[{"from":[11.2775,10.070001,5.0675],"to":[11.2775,12.14,9.38],"faces":{"east":{"uv":[7.0,1.5,8.0,2.0],"tintindex":0,"rotation":0,"texture":"#0"},"west":{"uv":[7.0,2.0,8.0,2.5],"tintindex":0,"rotation":0,"texture":"#0"}}},{"from":[8.8625,12.83,5.24],"to":[9.8975,12.83,9.5525],"faces":{"up":{"uv":[7.0,8.25,6.75,7.25],"tintindex":0,"rotation":0,"texture":"#0"},"down":{"uv":[7.25,7.25,7.0,8.25],"tintindex":0,"rotation":0,"texture":"#0"}},"rotation":{"origin":[8.0,9.38,8.0],"angle":-45.0,"axis":"z"}},{"from":[6.1025,12.83,5.24],"to":[7.1375,12.83,9.5525],"faces":{"up":{"uv":[6.5,8.25,6.25,7.25],"tintindex":0,"rotation":0,"texture":"#0"},"down":{"uv":[6.75,7.25,6.5,8.25],"tintindex":0,"rotation":0,"texture":"#0"}},"rotation":{"origin":[8.0,9.38,8.0],"angle":45.0,"axis":"z"}},{"from":[4.895,8.0,5.24],"to":[11.105,11.45,10.76],"faces":{"east":{"uv":[5.5,3.25,7.0,4.0],"tintindex":0,"rotation":0,"texture":"#0"},"south":{"uv":[6.0,4.0,7.5,4.75],"tintindex":0,"rotation":0,"texture":"#0"},"north":{"uv":[4.0,1.75,5.5,2.5],"tintindex":0,"rotation":0,"texture":"#0"},"west":{"uv":[6.0,4.75,7.5,5.5],"tintindex":0,"rotation":0,"texture":"#0"},"up":{"uv":[7.0,3.25,5.5,1.75],"tintindex":0,"rotation":0,"texture":"#0"},"down":{"uv":[7.5,0.0,6.0,1.5],"tintindex":0,"rotation":0,"texture":"#0"}}},{"from":[4.7225,5.585,-2.6949997],"to":[11.2775,7.6549997,-2.6949997],"faces":{"south":{"uv":[5.75,6.75,7.5,7.25],"tintindex":0,"rotation":0,"texture":"#0"},"north":{"uv":[6.75,5.5,8.5,6.0],"tintindex":0,"rotation":0,"texture":"#0"}},"rotation":{"origin":[8.0,-3.04,8.0],"angle":45.0,"axis":"x"}},{"from":[4.7225,10.070001,5.0675],"to":[4.7225,12.14,9.38],"faces":{"east":{"uv":[7.0,2.5,8.0,3.0],"tintindex":0,"rotation":0,"texture":"#0"},"west":{"uv":[7.0,3.0,8.0,3.5],"tintindex":0,"rotation":0,"texture":"#0"}}},{"from":[4.7225,10.070001,5.0675],"to":[11.2775,12.14,5.0675],"faces":{"south":{"uv":[4.0,6.75,5.75,7.25],"tintindex":0,"rotation":0,"texture":"#0"},"north":{"uv":[4.0,6.25,5.75,6.75],"tintindex":0,"rotation":0,"texture":"#0"}}},{"from":[9.8975,12.5195,5.24],"to":[10.9325,12.5195,9.5525],"faces":{"up":{"uv":[7.75,1.0,7.5,0.0],"tintindex":0,"rotation":0,"texture":"#0"},"down":{"uv":[0.5,7.5,0.25,8.5],"tintindex":0,"rotation":0,"texture":"#0"}},"rotation":{"origin":[8.0,9.38,8.0],"angle":-22.5,"axis":"z"}},{"from":[4.7225,4.55,-3.7299995],"to":[11.2775,6.62,-3.7299995],"faces":{"south":{"uv":[0.0,7.0,1.75,7.5],"tintindex":0,"rotation":0,"texture":"#0"},"north":{"uv":[6.75,6.0,8.5,6.5],"tintindex":0,"rotation":0,"texture":"#0"}},"rotation":{"origin":[8.0,-3.04,8.0],"angle":45.0,"axis":"x"}},{"from":[5.0675,12.5195,5.24],"to":[6.1025,12.5195,9.5525],"faces":{"up":{"uv":[7.5,8.25,7.25,7.25],"tintindex":0,"rotation":0,"texture":"#0"},"down":{"uv":[0.25,7.5,0.0,8.5],"tintindex":0,"rotation":0,"texture":"#0"}},"rotation":{"origin":[8.0,9.38,8.0],"angle":22.5,"axis":"z"}}],"display":{"head":{"rotation":[0.0,0.0,0.0]},"firstperson_righthand":{"rotation":[0.0,0.0,0.0]},"thirdperson_lefthand":{"rotation":[0.0,-0.0,-0.0]},"firstperson_lefthand":{"rotation":[0.0,-0.0,-0.0]},"fixed":{"rotation":[0.0,0.0,0.0]},"ground":{"rotation":[0.0,0.0,0.0]},"thirdperson_righthand":{"rotation":[0.0,0.0,0.0]},"gui":{"rotation":[-150.0,-75.0,-180.0]}}}