{"textures":{"0":"modelengine:block/baby_penguin"},"elements":[{"from":[8.0,1.4449997,5.585],"to":[8.690001,9.724999,10.415],"faces":{"east":{"uv":[0.0,5.0,1.25,7.0],"tintindex":0,"rotation":0,"texture":"#0"},"south":{"uv":[4.0,7.25,4.25,9.25],"tintindex":0,"rotation":0,"texture":"#0"},"north":{"uv":[2.25,7.0,2.5,9.0],"tintindex":0,"rotation":0,"texture":"#0"},"west":{"uv":[1.25,5.0,2.5,7.0],"tintindex":0,"rotation":0,"texture":"#0"},"up":{"uv":[4.75,8.5,4.5,7.25],"tintindex":0,"rotation":0,"texture":"#0"},"down":{"uv":[5.0,7.25,4.75,8.5],"tintindex":0,"rotation":0,"texture":"#0"}}}],"display":{"head":{"rotation":[0.0,0.0,0.0]},"firstperson_righthand":{"rotation":[0.0,0.0,0.0]},"thirdperson_lefthand":{"rotation":[0.0,-0.0,-0.0]},"firstperson_lefthand":{"rotation":[0.0,-0.0,-0.0]},"fixed":{"rotation":[0.0,0.0,0.0]},"ground":{"rotation":[0.0,0.0,0.0]},"thirdperson_righthand":{"rotation":[0.0,0.0,0.0]},"gui":{"rotation":[-150.0,-75.0,-180.0]}}}