{"textures":{"0":"modelengine:block/baby_penguin"},"elements":[{"from":[6.275,7.31,4.55],"to":[9.725,8.0,9.38],"faces":{"east":{"uv":[7.0,3.75,8.25,4.0],"tintindex":0,"rotation":0,"texture":"#0"},"south":{"uv":[7.5,4.25,8.25,4.5],"tintindex":0,"rotation":0,"texture":"#0"},"north":{"uv":[7.5,4.0,8.25,4.25],"tintindex":0,"rotation":0,"texture":"#0"},"west":{"uv":[5.0,7.25,6.25,7.5],"tintindex":0,"rotation":0,"texture":"#0"},"up":{"uv":[3.25,7.5,2.5,6.25],"tintindex":0,"rotation":0,"texture":"#0"},"down":{"uv":[4.0,6.25,3.25,7.5],"tintindex":0,"rotation":0,"texture":"#0"}}}],"display":{"head":{"rotation":[0.0,0.0,0.0]},"firstperson_righthand":{"rotation":[0.0,0.0,0.0]},"thirdperson_lefthand":{"rotation":[0.0,-0.0,-0.0]},"firstperson_lefthand":{"rotation":[0.0,-0.0,-0.0]},"fixed":{"rotation":[0.0,0.0,0.0]},"ground":{"rotation":[0.0,0.0,0.0]},"thirdperson_righthand":{"rotation":[0.0,0.0,0.0]},"gui":{"rotation":[-150.0,-75.0,-180.0]}}}