{"textures":{"0":"modelengine:block/baby_penguin"},"elements":[{"from":[7.655,7.3100004,6.62],"to":[8.345,8.0,8.0],"faces":{"east":{"uv":[7.75,4.75,8.0,5.0],"tintindex":0,"rotation":0,"texture":"#0"},"south":{"uv":[5.0,7.75,5.25,8.0],"tintindex":0,"rotation":0,"texture":"#0"},"north":{"uv":[3.5,7.75,3.75,8.0],"tintindex":0,"rotation":0,"texture":"#0"},"west":{"uv":[7.75,5.0,8.0,5.25],"tintindex":0,"rotation":0,"texture":"#0"},"up":{"uv":[5.5,8.0,5.25,7.75],"tintindex":0,"rotation":0,"texture":"#0"},"down":{"uv":[5.75,7.75,5.5,8.0],"tintindex":0,"rotation":0,"texture":"#0"}}}],"display":{"head":{"rotation":[0.0,0.0,0.0]},"firstperson_righthand":{"rotation":[0.0,0.0,0.0]},"thirdperson_lefthand":{"rotation":[0.0,-0.0,-0.0]},"firstperson_lefthand":{"rotation":[0.0,-0.0,-0.0]},"fixed":{"rotation":[0.0,0.0,0.0]},"ground":{"rotation":[0.0,0.0,0.0]},"thirdperson_righthand":{"rotation":[0.0,0.0,0.0]},"gui":{"rotation":[-150.0,-75.0,-180.0]}}}