{"textures":{"0":"modelengine:block/baby_penguin"},"elements":[{"from":[7.655,6.62,5.9300003],"to":[8.345,8.0,6.62],"faces":{"east":{"uv":[7.75,0.25,8.0,0.5],"tintindex":0,"rotation":0,"texture":"#0"},"south":{"uv":[7.75,0.5,8.0,0.75],"tintindex":0,"rotation":0,"texture":"#0"},"north":{"uv":[7.75,0.0,8.0,0.25],"tintindex":0,"rotation":0,"texture":"#0"},"west":{"uv":[7.75,0.75,8.0,1.0],"tintindex":0,"rotation":0,"texture":"#0"},"up":{"uv":[3.25,8.0,3.0,7.75],"tintindex":0,"rotation":0,"texture":"#0"},"down":{"uv":[3.5,7.75,3.25,8.0],"tintindex":0,"rotation":0,"texture":"#0"}}},{"from":[7.655,8.0,5.9300003],"to":[8.345,8.690001,8.0],"faces":{"east":{"uv":[5.5,7.5,6.0,7.75],"tintindex":0,"rotation":0,"texture":"#0"},"south":{"uv":[7.5,7.5,7.75,7.75],"tintindex":0,"rotation":0,"texture":"#0"},"north":{"uv":[6.75,1.5,7.0,1.75],"tintindex":0,"rotation":0,"texture":"#0"},"west":{"uv":[7.5,6.75,8.0,7.0],"tintindex":0,"rotation":0,"texture":"#0"},"up":{"uv":[6.25,8.0,6.0,7.5],"tintindex":0,"rotation":0,"texture":"#0"},"down":{"uv":[7.75,7.0,7.5,7.5],"tintindex":0,"rotation":0,"texture":"#0"}}}],"display":{"head":{"rotation":[0.0,0.0,0.0]},"firstperson_righthand":{"rotation":[0.0,0.0,0.0]},"thirdperson_lefthand":{"rotation":[0.0,-0.0,-0.0]},"firstperson_lefthand":{"rotation":[0.0,-0.0,-0.0]},"fixed":{"rotation":[0.0,0.0,0.0]},"ground":{"rotation":[0.0,0.0,0.0]},"thirdperson_righthand":{"rotation":[0.0,0.0,0.0]},"gui":{"rotation":[-150.0,-75.0,-180.0]}}}