{"textures":{"0":"modelengine:block/baby_penguin"},"elements":[{"from":[7.31,1.1000004,5.585],"to":[8.0,9.38,10.415],"faces":{"east":{"uv":[3.5,4.25,4.75,6.25],"tintindex":0,"rotation":0,"texture":"#0"},"south":{"uv":[2.0,7.0,2.25,9.0],"tintindex":0,"rotation":0,"texture":"#0"},"north":{"uv":[1.75,7.0,2.0,9.0],"tintindex":0,"rotation":0,"texture":"#0"},"west":{"uv":[4.75,4.25,6.0,6.25],"tintindex":0,"rotation":0,"texture":"#0"},"up":{"uv":[3.5,6.25,3.25,5.0],"tintindex":0,"rotation":0,"texture":"#0"},"down":{"uv":[4.5,7.25,4.25,8.5],"tintindex":0,"rotation":0,"texture":"#0"}}}],"display":{"head":{"rotation":[0.0,0.0,0.0]},"firstperson_righthand":{"rotation":[0.0,0.0,0.0]},"thirdperson_lefthand":{"rotation":[0.0,-0.0,-0.0]},"firstperson_lefthand":{"rotation":[0.0,-0.0,-0.0]},"fixed":{"rotation":[0.0,0.0,0.0]},"ground":{"rotation":[0.0,0.0,0.0]},"thirdperson_righthand":{"rotation":[0.0,0.0,0.0]},"gui":{"rotation":[-150.0,-75.0,-180.0]}}}