{"textures":{"0":"modelengine:block/baby_penguin"},"elements":[{"from":[6.4475,7.31,4.55],"to":[9.8975,8.0,9.38],"faces":{"east":{"uv":[6.75,6.5,8.0,6.75],"tintindex":0,"rotation":0,"texture":"#0"},"south":{"uv":[3.0,7.5,3.75,7.75],"tintindex":0,"rotation":0,"texture":"#0"},"north":{"uv":[6.0,1.5,6.75,1.75],"tintindex":0,"rotation":0,"texture":"#0"},"west":{"uv":[7.0,3.5,8.25,3.75],"tintindex":0,"rotation":0,"texture":"#0"},"up":{"uv":[3.25,6.25,2.5,5.0],"tintindex":0,"rotation":0,"texture":"#0"},"down":{"uv":[6.75,5.5,6.0,6.75],"tintindex":0,"rotation":0,"texture":"#0"}}}],"display":{"head":{"rotation":[0.0,0.0,0.0]},"firstperson_righthand":{"rotation":[0.0,0.0,0.0]},"thirdperson_lefthand":{"rotation":[0.0,-0.0,-0.0]},"firstperson_lefthand":{"rotation":[0.0,-0.0,-0.0]},"fixed":{"rotation":[0.0,0.0,0.0]},"ground":{"rotation":[0.0,0.0,0.0]},"thirdperson_righthand":{"rotation":[0.0,0.0,0.0]},"gui":{"rotation":[-150.0,-75.0,-180.0]}}}