{"textures":{"0":"modelengine:entity/nether_wastes_enderman"},"elements":[{"from":[12.0,10.0,5.0],"to":[12.0,15.0,6.0],"faces":{"east":{"uv":[8.0,7.5,8.25,8.75],"tintindex":0,"rotation":0,"texture":"#0"},"west":{"uv":[8.0,7.5,8.25,8.75],"tintindex":0,"rotation":0,"texture":"#0"}}},{"from":[4.0,8.0,6.0],"to":[12.0,16.0,11.0],"faces":{"east":{"uv":[8.0,4.75,9.25,6.75],"tintindex":0,"rotation":0,"texture":"#0"},"south":{"uv":[12.5,4.75,14.5,6.75],"tintindex":0,"rotation":0,"texture":"#0"},"north":{"uv":[9.25,4.75,11.25,6.75],"tintindex":0,"rotation":0,"texture":"#0"},"west":{"uv":[11.25,4.75,12.5,6.75],"tintindex":0,"rotation":0,"texture":"#0"},"up":{"uv":[11.25,4.75,9.25,3.5],"tintindex":0,"rotation":0,"texture":"#0"},"down":{"uv":[13.25,3.5,11.25,4.75],"tintindex":0,"rotation":0,"texture":"#0"}}},{"from":[4.0,10.0,5.0],"to":[12.0,15.0,5.0],"faces":{"south":{"uv":[8.25,7.5,10.25,8.75],"tintindex":0,"rotation":0,"texture":"#0"},"north":{"uv":[8.25,7.5,10.25,8.75],"tintindex":0,"rotation":0,"texture":"#0"}}},{"from":[4.0,10.0,5.0],"to":[4.0,15.0,6.0],"faces":{"east":{"uv":[8.25,7.5,8.0,8.75],"tintindex":0,"rotation":0,"texture":"#0"},"west":{"uv":[8.25,7.5,8.0,8.75],"tintindex":0,"rotation":0,"texture":"#0"}}}],"display":{"head":{"rotation":[0.0,0.0,0.0]},"firstperson_righthand":{"rotation":[0.0,0.0,0.0]},"thirdperson_lefthand":{"rotation":[0.0,-0.0,-0.0]},"firstperson_lefthand":{"rotation":[0.0,-0.0,-0.0]},"fixed":{"rotation":[0.0,0.0,0.0]},"ground":{"rotation":[0.0,0.0,0.0]},"thirdperson_righthand":{"rotation":[0.0,0.0,0.0]},"gui":{"rotation":[-150.0,-75.0,-180.0]}}}