{"textures":{"0":"modelengine:entity/nether_wastes_enderman"},"elements":[{"from":[4.5,8.0,4.5],"to":[11.5,14.0,11.5],"faces":{"east":{"uv":[8.0,1.75,9.75,3.25],"tintindex":0,"rotation":0,"texture":"#0"},"south":{"uv":[13.25,1.75,15.0,3.25],"tintindex":0,"rotation":0,"texture":"#0"},"north":{"uv":[9.75,1.75,11.5,3.25],"tintindex":0,"rotation":0,"texture":"#0"},"west":{"uv":[11.5,1.75,13.25,3.25],"tintindex":0,"rotation":0,"texture":"#0"},"up":{"uv":[11.5,1.75,9.75,0.0],"tintindex":0,"rotation":0,"texture":"#0"},"down":{"uv":[13.25,0.0,11.5,1.75],"tintindex":0,"rotation":0,"texture":"#0"}}}],"display":{"head":{"rotation":[0.0,0.0,0.0]},"firstperson_righthand":{"rotation":[0.0,0.0,0.0]},"thirdperson_lefthand":{"rotation":[0.0,-0.0,-0.0]},"firstperson_lefthand":{"rotation":[0.0,-0.0,-0.0]},"fixed":{"rotation":[0.0,0.0,0.0]},"ground":{"rotation":[0.0,0.0,0.0]},"thirdperson_righthand":{"rotation":[0.0,0.0,0.0]},"gui":{"rotation":[-150.0,-75.0,-180.0]}}}