{"textures":{"0":"modelengine:entity/nether_wastes_enderman"},"elements":[{"from":[12.0,11.0,6.5],"to":[14.0,14.0,8.5],"faces":{"east":{"uv":[0.0,0.5,0.5,1.25],"tintindex":0,"rotation":0,"texture":"#0"},"south":{"uv":[1.5,0.5,2.0,1.25],"tintindex":0,"rotation":0,"texture":"#0"},"north":{"uv":[0.5,0.5,1.0,1.25],"tintindex":0,"rotation":0,"texture":"#0"},"west":{"uv":[1.0,0.5,1.5,1.25],"tintindex":0,"rotation":0,"texture":"#0"},"up":{"uv":[1.0,0.5,0.5,0.0],"tintindex":0,"rotation":0,"texture":"#0"},"down":{"uv":[1.5,0.0,1.0,0.5],"tintindex":0,"rotation":0,"texture":"#0"}}},{"from":[4.0,8.0,3.5],"to":[12.0,15.0,11.5],"faces":{"east":{"uv":[0.0,2.0,2.0,3.75],"tintindex":0,"rotation":0,"texture":"#0"},"south":{"uv":[6.0,2.0,8.0,3.75],"tintindex":0,"rotation":0,"texture":"#0"},"north":{"uv":[2.0,2.0,4.0,3.75],"tintindex":0,"rotation":0,"texture":"#0"},"west":{"uv":[4.0,2.0,6.0,3.75],"tintindex":0,"rotation":0,"texture":"#0"},"up":{"uv":[4.0,2.0,2.0,0.0],"tintindex":0,"rotation":0,"texture":"#0"},"down":{"uv":[6.0,0.0,4.0,2.0],"tintindex":0,"rotation":0,"texture":"#0"}}},{"from":[2.0,11.0,6.5],"to":[4.0,14.0,8.5],"faces":{"east":{"uv":[6.0,0.5,6.5,1.25],"tintindex":0,"rotation":0,"texture":"#0"},"south":{"uv":[7.5,0.5,8.0,1.25],"tintindex":0,"rotation":0,"texture":"#0"},"north":{"uv":[6.5,0.5,7.0,1.25],"tintindex":0,"rotation":0,"texture":"#0"},"west":{"uv":[7.0,0.5,7.5,1.25],"tintindex":0,"rotation":0,"texture":"#0"},"up":{"uv":[7.0,0.5,6.5,0.0],"tintindex":0,"rotation":0,"texture":"#0"},"down":{"uv":[7.5,0.0,7.0,0.5],"tintindex":0,"rotation":0,"texture":"#0"}}},{"from":[2.0,14.0,6.5],"to":[3.0,15.0,8.5],"faces":{"east":{"uv":[6.0,1.75,6.5,2.0],"tintindex":0,"rotation":0,"texture":"#0"},"south":{"uv":[7.25,1.75,7.5,2.0],"tintindex":0,"rotation":0,"texture":"#0"},"north":{"uv":[6.5,1.75,6.75,2.0],"tintindex":0,"rotation":0,"texture":"#0"},"west":{"uv":[6.75,1.75,7.25,2.0],"tintindex":0,"rotation":0,"texture":"#0"},"up":{"uv":[6.75,1.75,6.5,1.25],"tintindex":0,"rotation":0,"texture":"#0"},"down":{"uv":[7.0,1.25,6.75,1.75],"tintindex":0,"rotation":0,"texture":"#0"}}},{"from":[13.0,14.0,6.5],"to":[14.0,15.0,8.5],"faces":{"east":{"uv":[0.0,1.75,0.5,2.0],"tintindex":0,"rotation":0,"texture":"#0"},"south":{"uv":[1.25,1.75,1.5,2.0],"tintindex":0,"rotation":0,"texture":"#0"},"north":{"uv":[0.5,1.75,0.75,2.0],"tintindex":0,"rotation":0,"texture":"#0"},"west":{"uv":[0.75,1.75,1.25,2.0],"tintindex":0,"rotation":0,"texture":"#0"},"up":{"uv":[0.75,1.75,0.5,1.25],"tintindex":0,"rotation":0,"texture":"#0"},"down":{"uv":[1.0,1.25,0.75,1.75],"tintindex":0,"rotation":0,"texture":"#0"}}}],"display":{"head":{"rotation":[0.0,0.0,0.0]},"firstperson_righthand":{"rotation":[0.0,0.0,0.0]},"thirdperson_lefthand":{"rotation":[0.0,-0.0,-0.0]},"firstperson_lefthand":{"rotation":[0.0,-0.0,-0.0]},"fixed":{"rotation":[0.0,0.0,0.0]},"ground":{"rotation":[0.0,0.0,0.0]},"thirdperson_righthand":{"rotation":[0.0,0.0,0.0]},"gui":{"rotation":[-150.0,-75.0,-180.0]}}}