{"textures":{"0":"modelengine:entity/nether_wastes_enderman"},"elements":[{"from":[7.5,-7.0,7.5],"to":[8.5,9.0,8.5],"faces":{"east":{"uv":[4.0,4.5,4.5,12.5],"tintindex":0,"rotation":0,"texture":"#0"},"south":{"uv":[5.5,4.5,6.0,12.5],"tintindex":0,"rotation":0,"texture":"#0"},"north":{"uv":[4.5,4.5,5.0,12.5],"tintindex":0,"rotation":0,"texture":"#0"},"west":{"uv":[5.0,4.5,5.5,12.5],"tintindex":0,"rotation":0,"texture":"#0"},"up":{"uv":[5.0,4.5,4.5,4.0],"tintindex":0,"rotation":0,"texture":"#0"},"down":{"uv":[5.5,4.0,5.0,4.5],"tintindex":0,"rotation":0,"texture":"#0"}}}],"display":{"head":{"rotation":[0.0,0.0,0.0]},"firstperson_righthand":{"rotation":[0.0,0.0,0.0]},"thirdperson_lefthand":{"rotation":[0.0,-0.0,-0.0]},"firstperson_lefthand":{"rotation":[0.0,-0.0,-0.0]},"fixed":{"rotation":[0.0,0.0,0.0]},"ground":{"rotation":[0.0,0.0,0.0]},"thirdperson_righthand":{"rotation":[0.0,0.0,0.0]},"gui":{"rotation":[-150.0,-75.0,-180.0]}}}