{"textures":{"0":"modelengine:block/moobloom_white"},"elements":[{"from":[2.0,1.0,-2.0],"to":[14.0,11.0,16.0],"faces":{"east":{"uv":[3.0,0.0,5.25,1.25],"tintindex":0,"rotation":0,"texture":"#0"},"south":{"uv":[1.5,4.5,3.0,5.75],"tintindex":0,"rotation":0,"texture":"#0"},"north":{"uv":[0.0,4.5,1.5,5.75],"tintindex":0,"rotation":0,"texture":"#0"},"west":{"uv":[3.0,1.25,5.25,2.5],"tintindex":0,"rotation":0,"texture":"#0"},"up":{"uv":[1.5,2.25,0.0,0.0],"tintindex":0,"rotation":0,"texture":"#0"},"down":{"uv":[3.0,0.0,1.5,2.25],"tintindex":0,"rotation":0,"texture":"#0"}}}],"display":{"head":{"rotation":[0.0,0.0,0.0]},"firstperson_righthand":{"rotation":[0.0,0.0,0.0]},"thirdperson_lefthand":{"rotation":[0.0,-0.0,-0.0]},"firstperson_lefthand":{"rotation":[0.0,-0.0,-0.0]},"fixed":{"rotation":[0.0,0.0,0.0]},"ground":{"rotation":[0.0,0.0,0.0]},"thirdperson_righthand":{"rotation":[0.0,0.0,0.0]},"gui":{"rotation":[-150.0,-75.0,-180.0]}}}