{"textures":{"0":"modelengine:block/moobloom_white"},"elements":[{"from":[11.5,7.5,8.0],"to":[11.5,14.5,13.0],"faces":{"east":{"uv":[10.625,0.0,11.25,0.875],"tintindex":0,"rotation":0,"texture":"#0"},"west":{"uv":[11.25,0.0,10.625,0.875],"tintindex":0,"rotation":0,"texture":"#0"}},"rotation":{"origin":[9.0,3.0,8.0],"angle":45.0,"axis":"y"}},{"from":[10.5,7.5,-2.0],"to":[10.5,14.5,3.0],"faces":{"east":{"uv":[10.625,0.0,11.25,0.875],"tintindex":0,"rotation":0,"texture":"#0"},"west":{"uv":[11.25,0.0,10.625,0.875],"tintindex":0,"rotation":0,"texture":"#0"}},"rotation":{"origin":[9.0,3.0,9.0],"angle":45.0,"axis":"y"}},{"from":[3.5,7.5,5.0],"to":[3.5,14.5,10.0],"faces":{"east":{"uv":[10.625,0.0,11.25,0.875],"tintindex":0,"rotation":0,"texture":"#0"},"west":{"uv":[11.25,0.0,10.625,0.875],"tintindex":0,"rotation":0,"texture":"#0"}},"rotation":{"origin":[9.0,3.0,8.0],"angle":45.0,"axis":"y"}},{"from":[-0.5,7.5,4.0],"to":[-0.5,14.5,9.0],"faces":{"east":{"uv":[10.625,0.0,11.25,0.875],"tintindex":0,"rotation":0,"texture":"#0"},"west":{"uv":[11.25,0.0,10.625,0.875],"tintindex":0,"rotation":0,"texture":"#0"}},"rotation":{"origin":[7.0,3.0,9.0],"angle":-45.0,"axis":"y"}},{"from":[10.5,7.5,2.0],"to":[10.5,14.5,7.0],"faces":{"east":{"uv":[10.625,0.0,11.25,0.875],"tintindex":0,"rotation":0,"texture":"#0"},"west":{"uv":[11.25,0.0,10.625,0.875],"tintindex":0,"rotation":0,"texture":"#0"}},"rotation":{"origin":[7.0,3.0,8.0],"angle":-45.0,"axis":"y"}},{"from":[8.5,7.5,10.0],"to":[8.5,14.5,15.0],"faces":{"east":{"uv":[10.625,0.0,11.25,0.875],"tintindex":0,"rotation":0,"texture":"#0"},"west":{"uv":[11.25,0.0,10.625,0.875],"tintindex":0,"rotation":0,"texture":"#0"}},"rotation":{"origin":[8.0,3.0,8.0],"angle":-45.0,"axis":"y"}}],"display":{"head":{"rotation":[0.0,0.0,0.0]},"firstperson_righthand":{"rotation":[0.0,0.0,0.0]},"thirdperson_lefthand":{"rotation":[0.0,-0.0,-0.0]},"firstperson_lefthand":{"rotation":[0.0,-0.0,-0.0]},"fixed":{"rotation":[0.0,0.0,0.0]},"ground":{"rotation":[0.0,0.0,0.0]},"thirdperson_righthand":{"rotation":[0.0,0.0,0.0]},"gui":{"rotation":[-150.0,-75.0,-180.0]}}}