{"textures":{"0":"modelengine:block/moobloom_white"},"elements":[{"from":[12.5,7.5,7.0],"to":[12.5,15.5,13.0],"faces":{"east":{"uv":[8.875,0.875,8.25,1.75],"tintindex":0,"rotation":0,"texture":"#0"},"west":{"uv":[8.25,0.875,8.875,1.75],"tintindex":0,"rotation":0,"texture":"#0"}},"rotation":{"origin":[10.0,3.0,8.0],"angle":45.0,"axis":"y"}},{"from":[0.25,7.5,2.0],"to":[0.25,15.5,8.0],"faces":{"east":{"uv":[8.25,0.875,8.875,1.75],"tintindex":0,"rotation":0,"texture":"#0"},"west":{"uv":[8.875,0.875,8.25,1.75],"tintindex":0,"rotation":0,"texture":"#0"}},"rotation":{"origin":[7.75,3.0,8.0],"angle":-45.0,"axis":"y"}},{"from":[4.25,7.5,4.0],"to":[4.25,15.5,10.0],"faces":{"east":{"uv":[8.875,0.875,8.25,1.75],"tintindex":0,"rotation":0,"texture":"#0"},"west":{"uv":[8.25,0.875,8.875,1.75],"tintindex":0,"rotation":0,"texture":"#0"}},"rotation":{"origin":[9.75,3.0,8.0],"angle":45.0,"axis":"y"}},{"from":[8.25,7.5,9.0],"to":[8.25,15.5,15.0],"faces":{"east":{"uv":[8.25,0.875,8.875,1.75],"tintindex":0,"rotation":0,"texture":"#0"},"west":{"uv":[8.875,0.875,8.25,1.75],"tintindex":0,"rotation":0,"texture":"#0"}},"rotation":{"origin":[7.75,3.0,8.0],"angle":-45.0,"axis":"y"}},{"from":[11.25,7.5,-4.0],"to":[11.25,15.5,2.0],"faces":{"east":{"uv":[8.875,0.875,8.25,1.75],"tintindex":0,"rotation":0,"texture":"#0"},"west":{"uv":[8.25,0.875,8.875,1.75],"tintindex":0,"rotation":0,"texture":"#0"}},"rotation":{"origin":[9.75,3.0,8.0],"angle":45.0,"axis":"y"}},{"from":[11.25,7.5,1.0],"to":[11.25,15.5,7.0],"faces":{"east":{"uv":[8.875,0.875,8.25,1.75],"tintindex":0,"rotation":0,"texture":"#0"},"west":{"uv":[8.25,0.875,8.875,1.75],"tintindex":0,"rotation":0,"texture":"#0"}},"rotation":{"origin":[7.75,3.0,8.0],"angle":-45.0,"axis":"y"}}],"display":{"head":{"rotation":[0.0,0.0,0.0]},"firstperson_righthand":{"rotation":[0.0,0.0,0.0]},"thirdperson_lefthand":{"rotation":[0.0,-0.0,-0.0]},"firstperson_lefthand":{"rotation":[0.0,-0.0,-0.0]},"fixed":{"rotation":[0.0,0.0,0.0]},"ground":{"rotation":[0.0,0.0,0.0]},"thirdperson_righthand":{"rotation":[0.0,0.0,0.0]},"gui":{"rotation":[-150.0,-75.0,-180.0]}}}