{"textures":{"0":"modelengine:block/moobloom_white"},"elements":[{"from":[-0.75,7.5,10.0],"to":[-0.75,14.5,15.0],"faces":{"east":{"uv":[11.875,0.0,12.5,0.875],"tintindex":0,"rotation":0,"texture":"#0"},"west":{"uv":[12.5,0.0,11.875,0.875],"tintindex":0,"rotation":0,"texture":"#0"}},"rotation":{"origin":[8.75,2.0,21.0],"angle":-45.0,"axis":"y"}},{"from":[17.25,7.5,8.0],"to":[17.25,14.5,13.0],"faces":{"east":{"uv":[11.875,0.0,12.5,0.875],"tintindex":0,"rotation":0,"texture":"#0"},"west":{"uv":[12.5,0.0,11.875,0.875],"tintindex":0,"rotation":0,"texture":"#0"}},"rotation":{"origin":[9.75,2.0,20.0],"angle":45.0,"axis":"y"}}],"display":{"head":{"rotation":[0.0,0.0,0.0]},"firstperson_righthand":{"rotation":[0.0,0.0,0.0]},"thirdperson_lefthand":{"rotation":[0.0,-0.0,-0.0]},"firstperson_lefthand":{"rotation":[0.0,-0.0,-0.0]},"fixed":{"rotation":[0.0,0.0,0.0]},"ground":{"rotation":[0.0,0.0,0.0]},"thirdperson_righthand":{"rotation":[0.0,0.0,0.0]},"gui":{"rotation":[-150.0,-75.0,-180.0]}}}