{"textures":{"0":"modelengine:block/moobloom_white"},"elements":[{"from":[4.0,4.0,2.0],"to":[12.0,12.0,8.0],"faces":{"east":{"uv":[6.5,5.5,7.25,6.5],"tintindex":0,"rotation":0,"texture":"#0"},"south":{"uv":[5.25,3.0,6.25,4.0],"tintindex":0,"rotation":0,"texture":"#0"},"north":{"uv":[5.25,2.0,6.25,3.0],"tintindex":0,"rotation":0,"texture":"#0"},"west":{"uv":[6.5,6.5,7.25,7.5],"tintindex":0,"rotation":0,"texture":"#0"},"up":{"uv":[7.75,0.75,6.75,0.0],"tintindex":0,"rotation":0,"texture":"#0"},"down":{"uv":[7.75,0.75,6.75,1.5],"tintindex":0,"rotation":0,"texture":"#0"}}}],"display":{"head":{"rotation":[0.0,0.0,0.0]},"firstperson_righthand":{"rotation":[0.0,0.0,0.0]},"thirdperson_lefthand":{"rotation":[0.0,-0.0,-0.0]},"firstperson_lefthand":{"rotation":[0.0,-0.0,-0.0]},"fixed":{"rotation":[0.0,0.0,0.0]},"ground":{"rotation":[0.0,0.0,0.0]},"thirdperson_righthand":{"rotation":[0.0,0.0,0.0]},"gui":{"rotation":[-150.0,-75.0,-180.0]}}}