{"textures":{"0":"modelengine:block/moobloom_white"},"elements":[{"from":[3.0,10.0,4.0],"to":[4.0,13.0,5.0],"faces":{"east":{"uv":[3.875,7.75,4.0,8.125],"tintindex":0,"rotation":0,"texture":"#0"},"south":{"uv":[4.0,7.75,4.125,8.125],"tintindex":0,"rotation":0,"texture":"#0"},"north":{"uv":[3.75,7.75,3.875,8.125],"tintindex":0,"rotation":0,"texture":"#0"},"west":{"uv":[4.125,7.75,4.25,8.125],"tintindex":0,"rotation":0,"texture":"#0"},"up":{"uv":[4.625,7.875,4.5,7.75],"tintindex":0,"rotation":0,"texture":"#0"},"down":{"uv":[4.75,7.75,4.625,7.875],"tintindex":0,"rotation":0,"texture":"#0"}}},{"from":[4.0,4.0,2.0],"to":[12.0,12.0,8.0],"faces":{"east":{"uv":[5.25,4.0,6.0,5.0],"tintindex":0,"rotation":0,"texture":"#0"},"south":{"uv":[5.25,1.0,6.25,2.0],"tintindex":0,"rotation":0,"texture":"#0"},"north":{"uv":[5.25,0.0,6.25,1.0],"tintindex":0,"rotation":0,"texture":"#0"},"west":{"uv":[6.25,3.0,7.0,4.0],"tintindex":0,"rotation":0,"texture":"#0"},"up":{"uv":[7.5,4.75,6.5,4.0],"tintindex":0,"rotation":0,"texture":"#0"},"down":{"uv":[7.5,4.75,6.5,5.5],"tintindex":0,"rotation":0,"texture":"#0"}}},{"from":[12.0,10.0,4.0],"to":[13.0,13.0,5.0],"faces":{"east":{"uv":[7.125,7.5,7.25,7.875],"tintindex":0,"rotation":0,"texture":"#0"},"south":{"uv":[3.5,7.75,3.625,8.125],"tintindex":0,"rotation":0,"texture":"#0"},"north":{"uv":[7.0,7.5,7.125,7.875],"tintindex":0,"rotation":0,"texture":"#0"},"west":{"uv":[3.625,7.75,3.75,8.125],"tintindex":0,"rotation":0,"texture":"#0"},"up":{"uv":[4.375,7.875,4.25,7.75],"tintindex":0,"rotation":0,"texture":"#0"},"down":{"uv":[4.5,7.75,4.375,7.875],"tintindex":0,"rotation":0,"texture":"#0"}}}],"display":{"head":{"rotation":[0.0,0.0,0.0]},"firstperson_righthand":{"rotation":[0.0,0.0,0.0]},"thirdperson_lefthand":{"rotation":[0.0,-0.0,-0.0]},"firstperson_lefthand":{"rotation":[0.0,-0.0,-0.0]},"fixed":{"rotation":[0.0,0.0,0.0]},"ground":{"rotation":[0.0,0.0,0.0]},"thirdperson_righthand":{"rotation":[0.0,0.0,0.0]},"gui":{"rotation":[-150.0,-75.0,-180.0]}}}