{"textures":{"0":"modelengine:block/moobloom_white"},"elements":[{"from":[6.0,-4.0,7.0],"to":[10.0,8.0,11.0],"faces":{"east":{"uv":[2.5,5.75,3.0,7.25],"tintindex":0,"rotation":0,"texture":"#0"},"south":{"uv":[6.0,4.0,6.5,5.5],"tintindex":0,"rotation":0,"texture":"#0"},"north":{"uv":[2.0,5.75,2.5,7.25],"tintindex":0,"rotation":0,"texture":"#0"},"west":{"uv":[6.0,5.5,6.5,7.0],"tintindex":0,"rotation":0,"texture":"#0"},"up":{"uv":[8.25,2.0,7.75,1.5],"tintindex":0,"rotation":0,"texture":"#0"},"down":{"uv":[8.25,1.0,7.75,1.5],"tintindex":0,"rotation":0,"texture":"#0"}}}],"display":{"head":{"rotation":[0.0,0.0,0.0]},"firstperson_righthand":{"rotation":[0.0,0.0,0.0]},"thirdperson_lefthand":{"rotation":[0.0,-0.0,-0.0]},"firstperson_lefthand":{"rotation":[0.0,-0.0,-0.0]},"fixed":{"rotation":[0.0,0.0,0.0]},"ground":{"rotation":[0.0,0.0,0.0]},"thirdperson_righthand":{"rotation":[0.0,0.0,0.0]},"gui":{"rotation":[-150.0,-75.0,-180.0]}}}