{"textures":{"0":"modelengine:block/skr_barebone"},"elements":[{"from":[5.0,6.0750523,4.345351],"to":[11.0,7.0750523,11.595351],"faces":{"east":{"uv":[7.0,2.5,8.75,2.75],"tintindex":0,"rotation":0,"texture":"#0"},"south":{"uv":[7.25,6.75,8.75,7.0],"tintindex":0,"rotation":0,"texture":"#0"},"north":{"uv":[7.25,6.5,8.75,6.75],"tintindex":0,"rotation":0,"texture":"#0"},"west":{"uv":[7.0,2.75,8.75,3.0],"tintindex":0,"rotation":0,"texture":"#0"},"up":{"uv":[5.5,1.75,4.0,0.0],"tintindex":0,"rotation":0,"texture":"#0"},"down":{"uv":[5.5,1.75,4.0,3.5],"tintindex":0,"rotation":0,"texture":"#0"}},"rotation":{"origin":[8.0,-0.5,5.25],"angle":-22.5,"axis":"x"}}],"display":{"head":{"rotation":[0.0,0.0,0.0]},"firstperson_righthand":{"rotation":[0.0,0.0,0.0]},"thirdperson_lefthand":{"rotation":[0.0,-0.0,-0.0]},"firstperson_lefthand":{"rotation":[0.0,-0.0,-0.0]},"fixed":{"rotation":[0.0,0.0,0.0]},"ground":{"rotation":[0.0,0.0,0.0]},"thirdperson_righthand":{"rotation":[0.0,0.0,0.0]},"gui":{"rotation":[-150.0,-75.0,-180.0]}}}