{"textures":{"1":"modelengine:block/skr_berserker"},"elements":[{"from":[10.005,20.75,5.125],"to":[10.005,23.25,6.625],"faces":{"east":{"uv":[5.0,6.5,5.75,7.75],"tintindex":0,"rotation":0,"texture":"#1"},"west":{"uv":[5.75,6.75,6.5,8.0],"tintindex":0,"rotation":0,"texture":"#1"}}},{"from":[5.5,20.75,5.125],"to":[10.5,23.25,5.125],"faces":{"south":{"uv":[4.5,0.0,7.0,1.25],"tintindex":0,"rotation":0,"texture":"#1"},"north":{"uv":[2.5,4.0,5.0,5.25],"tintindex":0,"rotation":0,"texture":"#1"}}},{"from":[5.995,20.75,5.125],"to":[5.995,23.25,6.625],"faces":{"east":{"uv":[3.5,6.5,4.25,7.75],"tintindex":0,"rotation":0,"texture":"#1"},"west":{"uv":[4.25,6.5,5.0,7.75],"tintindex":0,"rotation":0,"texture":"#1"}}}],"display":{"head":{"rotation":[0.0,0.0,0.0]},"firstperson_righthand":{"rotation":[0.0,0.0,0.0]},"thirdperson_lefthand":{"rotation":[0.0,-0.0,-0.0]},"firstperson_lefthand":{"rotation":[0.0,-0.0,-0.0]},"fixed":{"rotation":[0.0,0.0,0.0]},"ground":{"rotation":[0.0,0.0,0.0]},"thirdperson_righthand":{"rotation":[0.0,0.0,0.0]},"gui":{"rotation":[-150.0,-75.0,-180.0]}}}