{"textures":{"1":"modelengine:block/skr_berserker"},"elements":[{"from":[8.0,2.6875,0.625],"to":[8.0,6.6875,7.625],"faces":{"east":{"uv":[0.0,5.0,1.75,6.0],"tintindex":0,"rotation":0,"texture":"#1"},"west":{"uv":[5.0,3.25,6.75,4.25],"tintindex":0,"rotation":0,"texture":"#1"}}},{"from":[7.75,5.6875,1.125],"to":[8.25,7.6875,3.125],"faces":{"east":{"uv":[4.5,3.25,5.0,3.75],"tintindex":0,"rotation":0,"texture":"#1"},"south":{"uv":[3.5,6.0,3.75,6.5],"tintindex":0,"rotation":0,"texture":"#1"},"north":{"uv":[4.75,5.25,5.0,5.75],"tintindex":0,"rotation":0,"texture":"#1"},"west":{"uv":[3.75,5.25,4.25,5.75],"tintindex":0,"rotation":0,"texture":"#1"},"up":{"uv":[2.25,8.0,2.0,7.5],"tintindex":0,"rotation":0,"texture":"#1"},"down":{"uv":[7.75,2.0,7.5,2.5],"tintindex":0,"rotation":0,"texture":"#1"}}},{"from":[7.5,7.4375,0.125],"to":[8.5,8.4375,14.125],"faces":{"east":{"uv":[6.75,3.25,10.25,3.5],"tintindex":0,"rotation":0,"texture":"#1"},"south":{"uv":[4.75,3.75,5.0,4.0],"tintindex":0,"rotation":0,"texture":"#1"},"north":{"uv":[4.5,3.75,4.75,4.0],"tintindex":0,"rotation":0,"texture":"#1"},"west":{"uv":[6.75,3.5,10.25,3.75],"tintindex":0,"rotation":0,"texture":"#1"},"up":{"uv":[6.75,10.25,6.5,6.75],"tintindex":0,"rotation":0,"texture":"#1"},"down":{"uv":[7.0,6.75,6.75,10.25],"tintindex":0,"rotation":0,"texture":"#1"}}},{"from":[7.5,3.6875,0.125],"to":[8.5,5.6875,6.125],"faces":{"east":{"uv":[6.75,3.75,8.25,4.25],"tintindex":0,"rotation":0,"texture":"#1"},"south":{"uv":[7.5,2.5,7.75,3.0],"tintindex":0,"rotation":0,"texture":"#1"},"north":{"uv":[2.25,7.5,2.5,8.0],"tintindex":0,"rotation":0,"texture":"#1"},"west":{"uv":[0.0,7.0,1.5,7.5],"tintindex":0,"rotation":0,"texture":"#1"},"up":{"uv":[1.75,8.5,1.5,7.0],"tintindex":0,"rotation":0,"texture":"#1"},"down":{"uv":[2.0,7.0,1.75,8.5],"tintindex":0,"rotation":0,"texture":"#1"}}}],"display":{"head":{"rotation":[0.0,0.0,0.0]},"firstperson_righthand":{"rotation":[0.0,0.0,0.0]},"thirdperson_lefthand":{"rotation":[0.0,-0.0,-0.0]},"firstperson_lefthand":{"rotation":[0.0,-0.0,-0.0]},"fixed":{"rotation":[0.0,0.0,0.0]},"ground":{"rotation":[0.0,0.0,0.0]},"thirdperson_righthand":{"rotation":[0.0,0.0,0.0]},"gui":{"rotation":[-150.0,-75.0,-180.0]}}}