{"textures":{"0":"modelengine:block/skr_barebone"},"elements":[{"from":[7.0,-3.5,7.0],"to":[9.0,8.5,9.0],"faces":{"east":{"uv":[1.5,5.5,2.0,8.5],"tintindex":0,"rotation":0,"texture":"#0"},"south":{"uv":[2.0,5.5,2.5,8.5],"tintindex":0,"rotation":0,"texture":"#0"},"north":{"uv":[1.0,5.5,1.5,8.5],"tintindex":0,"rotation":0,"texture":"#0"},"west":{"uv":[2.5,5.5,3.0,8.5],"tintindex":0,"rotation":0,"texture":"#0"},"up":{"uv":[5.5,8.0,5.0,7.5],"tintindex":0,"rotation":0,"texture":"#0"},"down":{"uv":[6.0,7.5,5.5,8.0],"tintindex":0,"rotation":0,"texture":"#0"}}}],"display":{"head":{"rotation":[0.0,0.0,0.0]},"firstperson_righthand":{"rotation":[0.0,0.0,0.0]},"thirdperson_lefthand":{"rotation":[0.0,-0.0,-0.0]},"firstperson_lefthand":{"rotation":[0.0,-0.0,-0.0]},"fixed":{"rotation":[0.0,0.0,0.0]},"ground":{"rotation":[0.0,0.0,0.0]},"thirdperson_righthand":{"rotation":[0.0,0.0,0.0]},"gui":{"rotation":[-150.0,-75.0,-180.0]}}}