{"textures":{"0":"modelengine:block/iceologer"},"elements":[{"from":[3.0,-12.0,7.0],"to":[13.0,8.0,8.0],"faces":{"east":{"uv":[6.75,0.0,6.875,2.5],"tintindex":0,"rotation":0,"texture":"#0"},"south":{"uv":[1.25,0.0,2.5,2.5],"tintindex":0,"rotation":0,"texture":"#0"},"north":{"uv":[0.0,0.0,1.25,2.5],"tintindex":0,"rotation":0,"texture":"#0"},"west":{"uv":[4.5,6.75,4.625,9.25],"tintindex":0,"rotation":0,"texture":"#0"},"up":{"uv":[8.25,5.625,7.0,5.5],"tintindex":0,"rotation":0,"texture":"#0"},"down":{"uv":[8.25,5.625,7.0,5.75],"tintindex":0,"rotation":0,"texture":"#0"}}}],"display":{"head":{"rotation":[0.0,0.0,0.0]},"firstperson_righthand":{"rotation":[0.0,0.0,0.0]},"thirdperson_lefthand":{"rotation":[0.0,-0.0,-0.0]},"firstperson_lefthand":{"rotation":[0.0,-0.0,-0.0]},"fixed":{"rotation":[0.0,0.0,0.0]},"ground":{"rotation":[0.0,0.0,0.0]},"thirdperson_righthand":{"rotation":[0.0,0.0,0.0]},"gui":{"rotation":[-150.0,-75.0,-180.0]}}}