{"textures":{"0":"modelengine:block/iceologer"},"elements":[{"from":[6.0,-4.0,6.0],"to":[10.0,8.0,10.0],"faces":{"east":{"uv":[2.5,6.375,3.0,7.875],"tintindex":0,"rotation":0,"texture":"#0"},"south":{"uv":[6.5,5.125,7.0,6.625],"tintindex":0,"rotation":0,"texture":"#0"},"north":{"uv":[2.0,6.375,2.5,7.875],"tintindex":0,"rotation":0,"texture":"#0"},"west":{"uv":[3.0,6.625,3.5,8.125],"tintindex":0,"rotation":0,"texture":"#0"},"up":{"uv":[7.375,1.5,6.875,1.0],"tintindex":0,"rotation":0,"texture":"#0"},"down":{"uv":[7.375,1.5,6.875,2.0],"tintindex":0,"rotation":0,"texture":"#0"}}}],"display":{"head":{"rotation":[0.0,0.0,0.0]},"firstperson_righthand":{"rotation":[0.0,0.0,0.0]},"thirdperson_lefthand":{"rotation":[0.0,-0.0,-0.0]},"firstperson_lefthand":{"rotation":[0.0,-0.0,-0.0]},"fixed":{"rotation":[0.0,0.0,0.0]},"ground":{"rotation":[0.0,0.0,0.0]},"thirdperson_righthand":{"rotation":[0.0,0.0,0.0]},"gui":{"rotation":[-150.0,-75.0,-180.0]}}}