{"textures":{"0":"modelengine:block/iceologer"},"elements":[{"from":[7.0,-2.0,6.0],"to":[11.0,10.0,10.0],"faces":{"east":{"uv":[1.0,6.25,1.5,7.75],"tintindex":0,"rotation":0,"texture":"#0"},"south":{"uv":[1.5,6.25,2.0,7.75],"tintindex":0,"rotation":0,"texture":"#0"},"north":{"uv":[0.5,6.25,1.0,7.75],"tintindex":0,"rotation":0,"texture":"#0"},"west":{"uv":[6.25,1.5,6.75,3.0],"tintindex":0,"rotation":0,"texture":"#0"},"up":{"uv":[7.375,0.5,6.875,0.0],"tintindex":0,"rotation":0,"texture":"#0"},"down":{"uv":[7.375,0.5,6.875,1.0],"tintindex":0,"rotation":0,"texture":"#0"}}}],"display":{"head":{"rotation":[0.0,0.0,0.0]},"firstperson_righthand":{"rotation":[0.0,0.0,0.0]},"thirdperson_lefthand":{"rotation":[0.0,-0.0,-0.0]},"firstperson_lefthand":{"rotation":[0.0,-0.0,-0.0]},"fixed":{"rotation":[0.0,0.0,0.0]},"ground":{"rotation":[0.0,0.0,0.0]},"thirdperson_righthand":{"rotation":[0.0,0.0,0.0]},"gui":{"rotation":[-150.0,-75.0,-180.0]}}}