{"textures":{"0":"modelengine:creepers/savannah_creeper"},"elements":[{"from":[3.0,10.0,4.0],"to":[13.0,12.0,10.0],"faces":{"east":{"uv":[6.0,1.5,7.5,2.0],"tintindex":0,"rotation":0,"texture":"#0"},"south":{"uv":[11.5,1.5,14.0,2.0],"tintindex":0,"rotation":0,"texture":"#0"},"north":{"uv":[7.5,1.5,10.0,2.0],"tintindex":0,"rotation":0,"texture":"#0"},"west":{"uv":[10.0,1.5,11.5,2.0],"tintindex":0,"rotation":0,"texture":"#0"},"up":{"uv":[10.0,1.5,7.5,0.0],"tintindex":0,"rotation":0,"texture":"#0"},"down":{"uv":[12.5,0.0,10.0,1.5],"tintindex":0,"rotation":0,"texture":"#0"}},"rotation":{"origin":[8.0,10.0,4.0],"angle":-22.5,"axis":"x"}},{"from":[4.0,8.0,4.0],"to":[12.0,14.0,12.0],"faces":{"east":{"uv":[6.0,8.0,8.0,9.5],"tintindex":0,"rotation":0,"texture":"#0"},"south":{"uv":[12.0,8.0,14.0,9.5],"tintindex":0,"rotation":0,"texture":"#0"},"north":{"uv":[8.0,8.0,10.0,9.5],"tintindex":0,"rotation":0,"texture":"#0"},"west":{"uv":[10.0,8.0,12.0,9.5],"tintindex":0,"rotation":0,"texture":"#0"},"up":{"uv":[10.0,8.0,8.0,6.0],"tintindex":0,"rotation":0,"texture":"#0"},"down":{"uv":[12.0,6.0,10.0,8.0],"tintindex":0,"rotation":0,"texture":"#0"}}}],"display":{"head":{"rotation":[0.0,0.0,0.0]},"firstperson_righthand":{"rotation":[0.0,0.0,0.0]},"thirdperson_lefthand":{"rotation":[0.0,-0.0,-0.0]},"firstperson_lefthand":{"rotation":[0.0,-0.0,-0.0]},"fixed":{"rotation":[0.0,0.0,0.0]},"ground":{"rotation":[0.0,0.0,0.0]},"thirdperson_righthand":{"rotation":[0.0,0.0,0.0]},"gui":{"rotation":[-150.0,-75.0,-180.0]}}}