{"textures":{"0":"modelengine:creepers/savannah_creeper"},"elements":[{"from":[4.0,8.0,4.0],"to":[12.0,16.0,12.0],"faces":{"east":{"uv":[6.0,4.0,8.0,6.0],"tintindex":0,"rotation":0,"texture":"#0"},"south":{"uv":[12.0,4.0,14.0,6.0],"tintindex":0,"rotation":0,"texture":"#0"},"north":{"uv":[8.0,4.0,10.0,6.0],"tintindex":0,"rotation":0,"texture":"#0"},"west":{"uv":[10.0,4.0,12.0,6.0],"tintindex":0,"rotation":0,"texture":"#0"},"up":{"uv":[10.0,4.0,8.0,2.0],"tintindex":0,"rotation":0,"texture":"#0"},"down":{"uv":[12.0,2.0,10.0,4.0],"tintindex":0,"rotation":0,"texture":"#0"}}}],"display":{"head":{"rotation":[0.0,0.0,0.0]},"firstperson_righthand":{"rotation":[0.0,0.0,0.0]},"thirdperson_lefthand":{"rotation":[0.0,-0.0,-0.0]},"firstperson_lefthand":{"rotation":[0.0,-0.0,-0.0]},"fixed":{"rotation":[0.0,0.0,0.0]},"ground":{"rotation":[0.0,0.0,0.0]},"thirdperson_righthand":{"rotation":[0.0,0.0,0.0]},"gui":{"rotation":[-150.0,-75.0,-180.0]}}}