{"textures":{"2":"modelengine:entity/creeper_armor_3"},"elements":[{"from":[14.0,18.0,14.0],"to":[2.0,6.0,2.0],"faces":{"east":{"uv":[4.0,8.0,6.0,6.0],"tintindex":0,"rotation":0,"texture":"#2"},"south":{"uv":[2.0,8.0,4.0,6.0],"tintindex":0,"rotation":0,"texture":"#2"},"north":{"uv":[6.0,8.0,8.0,6.0],"tintindex":0,"rotation":0,"texture":"#2"},"west":{"uv":[0.0,8.0,2.0,6.0],"tintindex":0,"rotation":0,"texture":"#2"},"up":{"uv":[4.0,4.0,6.0,6.0],"tintindex":0,"rotation":0,"texture":"#2"},"down":{"uv":[2.0,6.0,4.0,4.0],"tintindex":0,"rotation":0,"texture":"#2"}}},{"from":[2.0,6.0,2.0],"to":[14.0,18.0,14.0],"faces":{"east":{"uv":[0.0,6.0,2.0,8.0],"tintindex":0,"rotation":0,"texture":"#2"},"south":{"uv":[6.0,6.0,8.0,8.0],"tintindex":0,"rotation":0,"texture":"#2"},"north":{"uv":[2.0,6.0,4.0,8.0],"tintindex":0,"rotation":0,"texture":"#2"},"west":{"uv":[4.0,6.0,6.0,8.0],"tintindex":0,"rotation":0,"texture":"#2"},"up":{"uv":[4.0,6.0,2.0,4.0],"tintindex":0,"rotation":0,"texture":"#2"},"down":{"uv":[6.0,4.0,4.0,6.0],"tintindex":0,"rotation":0,"texture":"#2"}}}],"display":{"head":{"rotation":[0.0,0.0,0.0]},"firstperson_righthand":{"rotation":[0.0,0.0,0.0]},"thirdperson_lefthand":{"rotation":[0.0,-0.0,-0.0]},"firstperson_lefthand":{"rotation":[0.0,-0.0,-0.0]},"fixed":{"rotation":[0.0,0.0,0.0]},"ground":{"rotation":[0.0,0.0,0.0]},"thirdperson_righthand":{"rotation":[0.0,0.0,0.0]},"gui":{"rotation":[-150.0,-75.0,-180.0]}}}