{"textures":{"2":"modelengine:entity/creeper_armor_3"},"elements":[{"from":[13.0,10.0,13.0],"to":[4.0,1.0,5.0],"faces":{"east":{"uv":[5.75,11.75,6.75,10.5],"tintindex":0,"rotation":0,"texture":"#2"},"south":{"uv":[4.5,11.75,5.75,10.5],"tintindex":0,"rotation":0,"texture":"#2"},"north":{"uv":[6.75,11.75,8.0,10.5],"tintindex":0,"rotation":0,"texture":"#2"},"west":{"uv":[3.5,11.75,4.5,10.5],"tintindex":0,"rotation":0,"texture":"#2"},"up":{"uv":[5.75,9.5,7.0,10.5],"tintindex":0,"rotation":0,"texture":"#2"},"down":{"uv":[4.5,10.5,5.75,9.5],"tintindex":0,"rotation":0,"texture":"#2"}}},{"from":[4.0,1.0,5.0],"to":[13.0,10.0,13.0],"faces":{"east":{"uv":[3.5,10.5,4.5,11.75],"tintindex":0,"rotation":0,"texture":"#2"},"south":{"uv":[6.75,10.5,8.0,11.75],"tintindex":0,"rotation":0,"texture":"#2"},"north":{"uv":[4.5,10.5,5.75,11.75],"tintindex":0,"rotation":0,"texture":"#2"},"west":{"uv":[5.75,10.5,6.75,11.75],"tintindex":0,"rotation":0,"texture":"#2"},"up":{"uv":[5.75,10.5,4.5,9.5],"tintindex":0,"rotation":0,"texture":"#2"},"down":{"uv":[7.0,9.5,5.75,10.5],"tintindex":0,"rotation":0,"texture":"#2"}}}],"display":{"head":{"rotation":[0.0,0.0,0.0]},"firstperson_righthand":{"rotation":[0.0,0.0,0.0]},"thirdperson_lefthand":{"rotation":[0.0,-0.0,-0.0]},"firstperson_lefthand":{"rotation":[0.0,-0.0,-0.0]},"fixed":{"rotation":[0.0,0.0,0.0]},"ground":{"rotation":[0.0,0.0,0.0]},"thirdperson_righthand":{"rotation":[0.0,0.0,0.0]},"gui":{"rotation":[-150.0,-75.0,-180.0]}}}