{"textures":{"2":"modelengine:entity/creeper_armor_3"},"elements":[{"from":[3.0,1.0,5.0],"to":[12.0,10.0,13.0],"faces":{"east":{"uv":[0.0,9.0,1.0,10.25],"tintindex":0,"rotation":0,"texture":"#2"},"south":{"uv":[3.25,9.0,4.5,10.25],"tintindex":0,"rotation":0,"texture":"#2"},"north":{"uv":[1.0,9.0,2.25,10.25],"tintindex":0,"rotation":0,"texture":"#2"},"west":{"uv":[2.25,9.0,3.25,10.25],"tintindex":0,"rotation":0,"texture":"#2"},"up":{"uv":[2.25,9.0,1.0,8.0],"tintindex":0,"rotation":0,"texture":"#2"},"down":{"uv":[3.5,8.0,2.25,9.0],"tintindex":0,"rotation":0,"texture":"#2"}}},{"from":[12.0,10.0,13.0],"to":[3.0,1.0,5.0],"faces":{"east":{"uv":[2.25,10.25,3.25,9.0],"tintindex":0,"rotation":0,"texture":"#2"},"south":{"uv":[1.0,10.25,2.25,9.0],"tintindex":0,"rotation":0,"texture":"#2"},"north":{"uv":[3.25,10.25,4.5,9.0],"tintindex":0,"rotation":0,"texture":"#2"},"west":{"uv":[0.0,10.25,1.0,9.0],"tintindex":0,"rotation":0,"texture":"#2"},"up":{"uv":[2.25,8.0,3.5,9.0],"tintindex":0,"rotation":0,"texture":"#2"},"down":{"uv":[1.0,9.0,2.25,8.0],"tintindex":0,"rotation":0,"texture":"#2"}}}],"display":{"head":{"rotation":[0.0,0.0,0.0]},"firstperson_righthand":{"rotation":[0.0,0.0,0.0]},"thirdperson_lefthand":{"rotation":[0.0,-0.0,-0.0]},"firstperson_lefthand":{"rotation":[0.0,-0.0,-0.0]},"fixed":{"rotation":[0.0,0.0,0.0]},"ground":{"rotation":[0.0,0.0,0.0]},"thirdperson_righthand":{"rotation":[0.0,0.0,0.0]},"gui":{"rotation":[-150.0,-75.0,-180.0]}}}