{"textures":{"0":"modelengine:creepers/savannah_creeper"},"elements":[{"from":[6.0,3.0,5.0],"to":[11.0,8.0,9.0],"faces":{"east":{"uv":[3.5,10.5,4.5,11.75],"tintindex":0,"rotation":0,"texture":"#0"},"south":{"uv":[6.75,10.5,8.0,11.75],"tintindex":0,"rotation":0,"texture":"#0"},"north":{"uv":[4.5,10.5,5.75,11.75],"tintindex":0,"rotation":0,"texture":"#0"},"west":{"uv":[5.75,10.5,6.75,11.75],"tintindex":0,"rotation":0,"texture":"#0"},"up":{"uv":[5.75,10.5,4.5,9.5],"tintindex":0,"rotation":0,"texture":"#0"},"down":{"uv":[7.0,9.5,5.75,10.5],"tintindex":0,"rotation":0,"texture":"#0"}}}],"display":{"head":{"rotation":[0.0,0.0,0.0]},"firstperson_righthand":{"rotation":[0.0,0.0,0.0]},"thirdperson_lefthand":{"rotation":[0.0,-0.0,-0.0]},"firstperson_lefthand":{"rotation":[0.0,-0.0,-0.0]},"fixed":{"rotation":[0.0,0.0,0.0]},"ground":{"rotation":[0.0,0.0,0.0]},"thirdperson_righthand":{"rotation":[0.0,0.0,0.0]},"gui":{"rotation":[-150.0,-75.0,-180.0]}}}