{"textures":{"0":"modelengine:entity/white_dolphin"},"elements":[{"from":[7.5,11.25,5.0],"to":[8.5,15.25,11.0],"faces":{"east":{"uv":[8.5,6.25,10.0,7.25],"tintindex":0,"rotation":0,"texture":"#0"},"south":{"uv":[11.75,6.25,12.0,7.25],"tintindex":0,"rotation":0,"texture":"#0"},"north":{"uv":[10.0,6.25,10.25,7.25],"tintindex":0,"rotation":0,"texture":"#0"},"west":{"uv":[10.25,6.25,11.75,7.25],"tintindex":0,"rotation":0,"texture":"#0"},"up":{"uv":[10.25,6.25,10.0,4.75],"tintindex":0,"rotation":0,"texture":"#0"},"down":{"uv":[10.5,4.75,10.25,6.25],"tintindex":0,"rotation":0,"texture":"#0"}}},{"from":[3.5,4.0,3.0],"to":[12.5,12.0,19.0],"faces":{"east":{"uv":[0.0,7.5,4.0,9.5],"tintindex":0,"rotation":0,"texture":"#0"},"south":{"uv":[10.25,7.5,12.5,9.5],"tintindex":0,"rotation":0,"texture":"#0"},"north":{"uv":[4.0,7.5,6.25,9.5],"tintindex":0,"rotation":0,"texture":"#0"},"west":{"uv":[6.25,7.5,10.25,9.5],"tintindex":0,"rotation":0,"texture":"#0"},"up":{"uv":[6.25,7.5,4.0,3.5],"tintindex":0,"rotation":0,"texture":"#0"},"down":{"uv":[8.5,3.5,6.25,7.5],"tintindex":0,"rotation":0,"texture":"#0"}}}],"display":{"head":{"rotation":[0.0,0.0,0.0]},"firstperson_righthand":{"rotation":[0.0,0.0,0.0]},"thirdperson_lefthand":{"rotation":[0.0,-0.0,-0.0]},"firstperson_lefthand":{"rotation":[0.0,-0.0,-0.0]},"fixed":{"rotation":[0.0,0.0,0.0]},"ground":{"rotation":[0.0,0.0,0.0]},"thirdperson_righthand":{"rotation":[0.0,0.0,0.0]},"gui":{"rotation":[-150.0,-75.0,-180.0]}}}