{"textures":{"0":"modelengine:entity/white_dolphin"},"elements":[{"from":[3.5,4.0,2.0],"to":[12.5,12.0,8.0],"faces":{"east":{"uv":[0.0,1.5,1.5,3.5],"tintindex":0,"rotation":0,"texture":"#0"},"south":{"uv":[5.25,1.5,7.5,3.5],"tintindex":0,"rotation":0,"texture":"#0"},"north":{"uv":[1.5,1.5,3.75,3.5],"tintindex":0,"rotation":0,"texture":"#0"},"west":{"uv":[3.75,1.5,5.25,3.5],"tintindex":0,"rotation":0,"texture":"#0"},"up":{"uv":[3.75,1.5,1.5,0.0],"tintindex":0,"rotation":0,"texture":"#0"},"down":{"uv":[6.0,0.0,3.75,1.5],"tintindex":0,"rotation":0,"texture":"#0"}}},{"from":[7.0,5.0,-1.0],"to":[9.0,7.0,2.0],"faces":{"east":{"uv":[0.0,4.25,0.75,4.75],"tintindex":0,"rotation":0,"texture":"#0"},"south":{"uv":[2.0,4.25,2.5,4.75],"tintindex":0,"rotation":0,"texture":"#0"},"north":{"uv":[0.75,4.25,1.25,4.75],"tintindex":0,"rotation":0,"texture":"#0"},"west":{"uv":[1.25,4.25,2.0,4.75],"tintindex":0,"rotation":0,"texture":"#0"},"up":{"uv":[1.25,4.25,0.75,3.5],"tintindex":0,"rotation":0,"texture":"#0"},"down":{"uv":[1.75,3.5,1.25,4.25],"tintindex":0,"rotation":0,"texture":"#0"}}}],"display":{"head":{"rotation":[0.0,0.0,0.0]},"firstperson_righthand":{"rotation":[0.0,0.0,0.0]},"thirdperson_lefthand":{"rotation":[0.0,-0.0,-0.0]},"firstperson_lefthand":{"rotation":[0.0,-0.0,-0.0]},"fixed":{"rotation":[0.0,0.0,0.0]},"ground":{"rotation":[0.0,0.0,0.0]},"thirdperson_righthand":{"rotation":[0.0,0.0,0.0]},"gui":{"rotation":[-150.0,-75.0,-180.0]}}}