{"textures":{"0":"modelengine:entity/white_dolphin"},"elements":[{"from":[2.0,7.5,5.5],"to":[8.0,8.5,11.5],"faces":{"east":{"uv":[9.5,1.5,11.0,1.75],"tintindex":0,"rotation":0,"texture":"#0"},"south":{"uv":[14.0,1.5,15.5,1.75],"tintindex":0,"rotation":0,"texture":"#0"},"north":{"uv":[11.0,1.5,12.5,1.75],"tintindex":0,"rotation":0,"texture":"#0"},"west":{"uv":[12.5,1.5,14.0,1.75],"tintindex":0,"rotation":0,"texture":"#0"},"up":{"uv":[12.5,1.5,11.0,0.0],"tintindex":0,"rotation":0,"texture":"#0"},"down":{"uv":[14.0,0.0,12.5,1.5],"tintindex":0,"rotation":0,"texture":"#0"}}}],"display":{"head":{"rotation":[0.0,0.0,0.0]},"firstperson_righthand":{"rotation":[0.0,0.0,0.0]},"thirdperson_lefthand":{"rotation":[0.0,-0.0,-0.0]},"firstperson_lefthand":{"rotation":[0.0,-0.0,-0.0]},"fixed":{"rotation":[0.0,0.0,0.0]},"ground":{"rotation":[0.0,0.0,0.0]},"thirdperson_righthand":{"rotation":[0.0,0.0,0.0]},"gui":{"rotation":[-150.0,-75.0,-180.0]}}}