{"textures":{"0":"modelengine:entity/white_dolphin"},"elements":[{"from":[3.0,6.5,7.0],"to":[13.0,8.5,13.0],"faces":{"east":{"uv":[0.0,15.0,1.5,15.5],"tintindex":0,"rotation":0,"texture":"#0"},"south":{"uv":[5.5,15.0,8.0,15.5],"tintindex":0,"rotation":0,"texture":"#0"},"north":{"uv":[1.5,15.0,4.0,15.5],"tintindex":0,"rotation":0,"texture":"#0"},"west":{"uv":[4.0,15.0,5.5,15.5],"tintindex":0,"rotation":0,"texture":"#0"},"up":{"uv":[4.0,15.0,1.5,13.5],"tintindex":0,"rotation":0,"texture":"#0"},"down":{"uv":[6.5,13.5,4.0,15.0],"tintindex":0,"rotation":0,"texture":"#0"}}}],"display":{"head":{"rotation":[0.0,0.0,0.0]},"firstperson_righthand":{"rotation":[0.0,0.0,0.0]},"thirdperson_lefthand":{"rotation":[0.0,-0.0,-0.0]},"firstperson_lefthand":{"rotation":[0.0,-0.0,-0.0]},"fixed":{"rotation":[0.0,0.0,0.0]},"ground":{"rotation":[0.0,0.0,0.0]},"thirdperson_righthand":{"rotation":[0.0,0.0,0.0]},"gui":{"rotation":[-150.0,-75.0,-180.0]}}}