{"textures":{"0":"modelengine:entity/white_dolphin"},"elements":[{"from":[6.0,5.5,7.0],"to":[10.0,10.5,18.0],"faces":{"east":{"uv":[0.0,12.25,2.75,13.5],"tintindex":0,"rotation":0,"texture":"#0"},"south":{"uv":[6.5,12.25,7.5,13.5],"tintindex":0,"rotation":0,"texture":"#0"},"north":{"uv":[2.75,12.25,3.75,13.5],"tintindex":0,"rotation":0,"texture":"#0"},"west":{"uv":[3.75,12.25,6.5,13.5],"tintindex":0,"rotation":0,"texture":"#0"},"up":{"uv":[3.75,12.25,2.75,9.5],"tintindex":0,"rotation":0,"texture":"#0"},"down":{"uv":[4.75,9.5,3.75,12.25],"tintindex":0,"rotation":0,"texture":"#0"}}}],"display":{"head":{"rotation":[0.0,0.0,0.0]},"firstperson_righthand":{"rotation":[0.0,0.0,0.0]},"thirdperson_lefthand":{"rotation":[0.0,-0.0,-0.0]},"firstperson_lefthand":{"rotation":[0.0,-0.0,-0.0]},"fixed":{"rotation":[0.0,0.0,0.0]},"ground":{"rotation":[0.0,0.0,0.0]},"thirdperson_righthand":{"rotation":[0.0,0.0,0.0]},"gui":{"rotation":[-150.0,-75.0,-180.0]}}}