{"textures":{"0":"modelengine:block/great_hunger"},"elements":[{"from":[3.0,6.99,1.0],"to":[13.0,8.99,13.0],"faces":{"east":{"uv":[8.0,1.5,9.5,1.75],"tintindex":0,"rotation":0,"texture":"#0"},"south":{"uv":[12.25,1.5,13.5,1.75],"tintindex":0,"rotation":0,"texture":"#0"},"north":{"uv":[9.5,1.5,10.75,1.75],"tintindex":0,"rotation":0,"texture":"#0"},"west":{"uv":[10.75,1.5,12.25,1.75],"tintindex":0,"rotation":0,"texture":"#0"},"up":{"uv":[10.75,1.5,9.5,0.0],"tintindex":0,"rotation":0,"texture":"#0"},"down":{"uv":[12.0,0.0,10.75,1.5],"tintindex":0,"rotation":0,"texture":"#0"}}}],"display":{"head":{"rotation":[0.0,0.0,0.0]},"firstperson_righthand":{"rotation":[0.0,0.0,0.0]},"thirdperson_lefthand":{"rotation":[0.0,-0.0,-0.0]},"firstperson_lefthand":{"rotation":[0.0,-0.0,-0.0]},"fixed":{"rotation":[0.0,0.0,0.0]},"ground":{"rotation":[0.0,0.0,0.0]},"thirdperson_righthand":{"rotation":[0.0,0.0,0.0]},"gui":{"rotation":[-150.0,-75.0,-180.0]}}}