{"textures":{"0":"modelengine:block/great_hunger"},"elements":[{"from":[1.0,13.0,-8.0],"to":[15.0,13.0,10.0],"faces":{"east":{"uv":[0.0,5.25,2.25,5.875],"tintindex":0,"rotation":0,"texture":"#0"},"south":{"uv":[6.25,5.25,8.0,5.875],"tintindex":0,"rotation":0,"texture":"#0"},"north":{"uv":[2.25,5.25,4.0,5.875],"tintindex":0,"rotation":0,"texture":"#0"},"west":{"uv":[4.0,5.25,6.25,5.875],"tintindex":0,"rotation":0,"texture":"#0"},"up":{"uv":[4.0,5.25,2.25,3.0],"tintindex":0,"rotation":0,"texture":"#0"},"down":{"uv":[4.0,3.0,2.25,5.25],"tintindex":0,"rotation":0,"texture":"#0"}}},{"from":[1.0,8.0,10.0],"to":[15.0,13.0,10.0],"faces":{"east":{"uv":[0.0,5.25,2.25,5.875],"tintindex":0,"rotation":0,"texture":"#0"},"south":{"uv":[6.25,5.25,8.0,5.875],"tintindex":0,"rotation":0,"texture":"#0"},"north":{"uv":[8.0,5.25,6.25,5.875],"tintindex":0,"rotation":0,"texture":"#0"},"west":{"uv":[4.0,5.25,6.25,5.875],"tintindex":0,"rotation":0,"texture":"#0"},"up":{"uv":[4.0,5.25,2.25,3.0],"tintindex":0,"rotation":0,"texture":"#0"},"down":{"uv":[5.75,3.0,4.0,5.25],"tintindex":0,"rotation":0,"texture":"#0"}}},{"from":[0.75,9.75,-8.25],"to":[15.25,13.25,10.25],"faces":{"east":{"uv":[0.0,8.125,2.25,8.5],"tintindex":0,"rotation":0,"texture":"#0"},"south":{"uv":[6.25,8.125,8.0,8.5],"tintindex":0,"rotation":0,"texture":"#0"},"north":{"uv":[2.25,8.125,4.0,8.5],"tintindex":0,"rotation":0,"texture":"#0"},"west":{"uv":[4.0,8.125,6.25,8.5],"tintindex":0,"rotation":0,"texture":"#0"},"up":{"uv":[4.0,8.125,2.25,5.875],"tintindex":0,"rotation":0,"texture":"#0"},"down":{"uv":[5.75,5.875,4.0,8.125],"tintindex":0,"rotation":0,"texture":"#0"}}},{"from":[1.0,8.0,-8.0],"to":[15.0,13.0,-8.0],"faces":{"east":{"uv":[0.0,5.25,2.25,5.875],"tintindex":0,"rotation":0,"texture":"#0"},"south":{"uv":[4.0,5.25,2.25,5.875],"tintindex":0,"rotation":0,"texture":"#0"},"north":{"uv":[2.25,5.25,4.0,5.875],"tintindex":0,"rotation":0,"texture":"#0"},"west":{"uv":[4.0,5.25,6.25,5.875],"tintindex":0,"rotation":0,"texture":"#0"},"up":{"uv":[4.0,5.25,2.25,3.0],"tintindex":0,"rotation":0,"texture":"#0"},"down":{"uv":[5.75,3.0,4.0,5.25],"tintindex":0,"rotation":0,"texture":"#0"}}},{"from":[15.0,8.0,-8.0],"to":[15.0,13.0,10.0],"faces":{"east":{"uv":[0.0,5.25,2.25,5.875],"tintindex":0,"rotation":0,"texture":"#0"},"south":{"uv":[6.25,5.25,8.0,5.875],"tintindex":0,"rotation":0,"texture":"#0"},"north":{"uv":[2.25,5.25,4.0,5.875],"tintindex":0,"rotation":0,"texture":"#0"},"west":{"uv":[10.25,5.25,8.0,5.875],"tintindex":0,"rotation":0,"texture":"#0"},"up":{"uv":[4.0,5.25,2.25,3.0],"tintindex":0,"rotation":0,"texture":"#0"},"down":{"uv":[5.75,3.0,4.0,5.25],"tintindex":0,"rotation":0,"texture":"#0"}}},{"from":[1.0,8.0,-8.0],"to":[1.0,13.0,10.0],"faces":{"east":{"uv":[8.0,5.25,10.25,5.875],"tintindex":0,"rotation":0,"texture":"#0"},"south":{"uv":[6.25,5.25,8.0,5.875],"tintindex":0,"rotation":0,"texture":"#0"},"north":{"uv":[2.25,5.25,4.0,5.875],"tintindex":0,"rotation":0,"texture":"#0"},"west":{"uv":[4.0,5.25,6.25,5.875],"tintindex":0,"rotation":0,"texture":"#0"},"up":{"uv":[4.0,5.25,2.25,3.0],"tintindex":0,"rotation":0,"texture":"#0"},"down":{"uv":[5.75,3.0,4.0,5.25],"tintindex":0,"rotation":0,"texture":"#0"}}}],"display":{"head":{"rotation":[0.0,0.0,0.0]},"firstperson_righthand":{"rotation":[0.0,0.0,0.0]},"thirdperson_lefthand":{"rotation":[0.0,-0.0,-0.0]},"firstperson_lefthand":{"rotation":[0.0,-0.0,-0.0]},"fixed":{"rotation":[0.0,0.0,0.0]},"ground":{"rotation":[0.0,0.0,0.0]},"thirdperson_righthand":{"rotation":[0.0,0.0,0.0]},"gui":{"rotation":[-150.0,-75.0,-180.0]}}}