{"textures":{"0":"modelengine:block/great_hunger"},"elements":[{"from":[6.0,5.0,6.0],"to":[10.0,9.0,10.0],"faces":{"east":{"uv":[8.0,2.25,8.5,2.75],"tintindex":0,"rotation":0,"texture":"#0"},"south":{"uv":[9.5,2.25,10.0,2.75],"tintindex":0,"rotation":0,"texture":"#0"},"north":{"uv":[8.5,2.25,9.0,2.75],"tintindex":0,"rotation":0,"texture":"#0"},"west":{"uv":[9.0,2.25,9.5,2.75],"tintindex":0,"rotation":0,"texture":"#0"},"up":{"uv":[9.0,2.25,8.5,1.75],"tintindex":0,"rotation":0,"texture":"#0"},"down":{"uv":[9.5,1.75,9.0,2.25],"tintindex":0,"rotation":0,"texture":"#0"}}}],"display":{"head":{"rotation":[0.0,0.0,0.0]},"firstperson_righthand":{"rotation":[0.0,0.0,0.0]},"thirdperson_lefthand":{"rotation":[0.0,-0.0,-0.0]},"firstperson_lefthand":{"rotation":[0.0,-0.0,-0.0]},"fixed":{"rotation":[0.0,0.0,0.0]},"ground":{"rotation":[0.0,0.0,0.0]},"thirdperson_righthand":{"rotation":[0.0,0.0,0.0]},"gui":{"rotation":[-150.0,-75.0,-180.0]}}}