{"textures":{"0":"modelengine:block/great_hunger"},"elements":[{"from":[1.0,4.0,-6.0],"to":[15.0,10.0,-6.0],"faces":{"east":{"uv":[0.0,2.25,2.25,3.0],"tintindex":0,"rotation":0,"texture":"#0"},"south":{"uv":[4.0,2.25,2.25,3.0],"tintindex":0,"rotation":0,"texture":"#0"},"north":{"uv":[2.25,2.25,4.0,3.0],"tintindex":0,"rotation":0,"texture":"#0"},"west":{"uv":[4.0,2.25,6.25,3.0],"tintindex":0,"rotation":0,"texture":"#0"},"up":{"uv":[4.0,2.25,2.25,0.0],"tintindex":0,"rotation":0,"texture":"#0"},"down":{"uv":[5.75,0.0,4.0,2.25],"tintindex":0,"rotation":0,"texture":"#0"}}},{"from":[1.0,4.0,12.0],"to":[15.0,10.0,12.0],"faces":{"east":{"uv":[0.0,2.25,2.25,3.0],"tintindex":0,"rotation":0,"texture":"#0"},"south":{"uv":[6.25,2.25,8.0,3.0],"tintindex":0,"rotation":0,"texture":"#0"},"north":{"uv":[6.25,2.25,8.0,3.0],"tintindex":0,"rotation":0,"texture":"#0"},"west":{"uv":[4.0,2.25,6.25,3.0],"tintindex":0,"rotation":0,"texture":"#0"},"up":{"uv":[4.0,2.25,2.25,0.0],"tintindex":0,"rotation":0,"texture":"#0"},"down":{"uv":[5.75,0.0,4.0,2.25],"tintindex":0,"rotation":0,"texture":"#0"}}},{"from":[1.0,4.0,-6.0],"to":[15.0,4.0,12.0],"faces":{"east":{"uv":[0.0,2.25,2.25,3.0],"tintindex":0,"rotation":0,"texture":"#0"},"south":{"uv":[6.25,2.25,8.0,3.0],"tintindex":0,"rotation":0,"texture":"#0"},"north":{"uv":[2.25,2.25,4.0,3.0],"tintindex":0,"rotation":0,"texture":"#0"},"west":{"uv":[4.0,2.25,6.25,3.0],"tintindex":0,"rotation":0,"texture":"#0"},"up":{"uv":[5.75,2.25,4.0,0.0],"tintindex":0,"rotation":0,"texture":"#0"},"down":{"uv":[5.75,0.0,4.0,2.25],"tintindex":0,"rotation":0,"texture":"#0"}}},{"from":[1.0,4.0,-6.0],"to":[1.0,10.0,12.0],"faces":{"east":{"uv":[6.25,2.25,4.0,3.0],"tintindex":0,"rotation":0,"texture":"#0"},"south":{"uv":[6.25,2.25,8.0,3.0],"tintindex":0,"rotation":0,"texture":"#0"},"north":{"uv":[2.25,2.25,4.0,3.0],"tintindex":0,"rotation":0,"texture":"#0"},"west":{"uv":[4.0,2.25,6.25,3.0],"tintindex":0,"rotation":0,"texture":"#0"},"up":{"uv":[4.0,2.25,2.25,0.0],"tintindex":0,"rotation":0,"texture":"#0"},"down":{"uv":[5.75,0.0,4.0,2.25],"tintindex":0,"rotation":0,"texture":"#0"}}},{"from":[15.0,4.0,-6.0],"to":[15.0,10.0,12.0],"faces":{"east":{"uv":[0.0,2.25,2.25,3.0],"tintindex":0,"rotation":0,"texture":"#0"},"south":{"uv":[6.25,2.25,8.0,3.0],"tintindex":0,"rotation":0,"texture":"#0"},"north":{"uv":[2.25,2.25,4.0,3.0],"tintindex":0,"rotation":0,"texture":"#0"},"west":{"uv":[2.25,2.25,0.0,3.0],"tintindex":0,"rotation":0,"texture":"#0"},"up":{"uv":[4.0,2.25,2.25,0.0],"tintindex":0,"rotation":0,"texture":"#0"},"down":{"uv":[5.75,0.0,4.0,2.25],"tintindex":0,"rotation":0,"texture":"#0"}}}],"display":{"head":{"rotation":[0.0,0.0,0.0]},"firstperson_righthand":{"rotation":[0.0,0.0,0.0]},"thirdperson_lefthand":{"rotation":[0.0,-0.0,-0.0]},"firstperson_lefthand":{"rotation":[0.0,-0.0,-0.0]},"fixed":{"rotation":[0.0,0.0,0.0]},"ground":{"rotation":[0.0,0.0,0.0]},"thirdperson_righthand":{"rotation":[0.0,0.0,0.0]},"gui":{"rotation":[-150.0,-75.0,-180.0]}}}