{"textures":{"0":"modelengine:block/baby_crab"},"elements":[{"from":[4.96,9.77,4.46],"to":[11.04,10.95,4.46],"faces":{"south":{"uv":[10.5,0.0,13.5,0.5],"tintindex":0,"rotation":0,"texture":"#0"},"north":{"uv":[10.5,0.0,13.5,0.5],"tintindex":0,"rotation":0,"texture":"#0"}}},{"from":[3.87,6.23,4.46],"to":[12.13,9.77,11.54],"faces":{"east":{"uv":[4.0,4.0,7.5,6.0],"tintindex":0,"rotation":0,"texture":"#0"},"south":{"uv":[4.0,2.0,8.0,4.0],"tintindex":0,"rotation":0,"texture":"#0"},"north":{"uv":[4.0,0.0,8.0,2.0],"tintindex":0,"rotation":0,"texture":"#0"},"west":{"uv":[4.0,6.0,7.5,8.0],"tintindex":0,"rotation":0,"texture":"#0"},"up":{"uv":[4.0,3.5,0.0,0.0],"tintindex":0,"rotation":0,"texture":"#0"},"down":{"uv":[4.0,3.5,0.0,7.0],"tintindex":0,"rotation":0,"texture":"#0"}}},{"from":[5.6400003,5.05,2.5425],"to":[10.36,8.0,2.5425],"faces":{"south":{"uv":[7.5,7.5,10.0,9.0],"tintindex":0,"rotation":0,"texture":"#0"},"north":{"uv":[7.5,6.0,10.0,7.5],"tintindex":0,"rotation":0,"texture":"#0"}},"rotation":{"origin":[8.0,3.87,8.0],"angle":22.5,"axis":"x"}}],"display":{"head":{"rotation":[0.0,0.0,0.0]},"firstperson_righthand":{"rotation":[0.0,0.0,0.0]},"thirdperson_lefthand":{"rotation":[0.0,-0.0,-0.0]},"firstperson_lefthand":{"rotation":[0.0,-0.0,-0.0]},"fixed":{"rotation":[0.0,0.0,0.0]},"ground":{"rotation":[0.0,0.0,0.0]},"thirdperson_righthand":{"rotation":[0.0,0.0,0.0]},"gui":{"rotation":[-150.0,-75.0,-180.0]}}}