{"textures":{"0":"modelengine:block/baby_crab"},"elements":[{"from":[3.2800002,6.2299995,9.0325],"to":[8.295,8.442499,9.0325],"faces":{"south":{"uv":[10.0,7.0,12.5,8.0],"tintindex":0,"rotation":0,"texture":"#0"},"north":{"uv":[10.0,6.0,12.5,7.0],"tintindex":0,"rotation":0,"texture":"#0"}}},{"from":[3.2800002,6.2299995,5.7875],"to":[8.295,8.442499,5.7875],"faces":{"south":{"uv":[10.0,9.0,12.5,10.0],"tintindex":0,"rotation":0,"texture":"#0"},"north":{"uv":[10.0,8.0,12.5,9.0],"tintindex":0,"rotation":0,"texture":"#0"}}},{"from":[8.295,6.2299995,5.7875],"to":[8.295,8.442499,9.0325],"faces":{"east":{"uv":[2.5,7.0,4.0,8.0],"tintindex":0,"rotation":0,"texture":"#0"},"west":{"uv":[8.0,3.0,9.5,4.0],"tintindex":0,"rotation":0,"texture":"#0"}}},{"from":[3.2800002,6.2299995,5.7875],"to":[8.295,6.2299995,9.0325],"faces":{"up":{"uv":[2.5,10.5,0.0,9.0],"tintindex":0,"rotation":0,"texture":"#0"},"down":{"uv":[10.0,9.0,7.5,10.5],"tintindex":0,"rotation":0,"texture":"#0"}}},{"from":[3.2800002,6.2299995,5.7875],"to":[3.2800002,8.442499,9.0325],"faces":{"east":{"uv":[10.5,1.0,12.0,2.0],"tintindex":0,"rotation":0,"texture":"#0"},"west":{"uv":[10.5,2.0,12.0,3.0],"tintindex":0,"rotation":0,"texture":"#0"}}}],"display":{"head":{"rotation":[0.0,0.0,0.0]},"firstperson_righthand":{"rotation":[0.0,0.0,0.0]},"thirdperson_lefthand":{"rotation":[0.0,-0.0,-0.0]},"firstperson_lefthand":{"rotation":[0.0,-0.0,-0.0]},"fixed":{"rotation":[0.0,0.0,0.0]},"ground":{"rotation":[0.0,0.0,0.0]},"thirdperson_righthand":{"rotation":[0.0,0.0,0.0]},"gui":{"rotation":[-150.0,-75.0,-180.0]}}}