{"textures":{"0":"modelengine:block/baby_crab"},"elements":[{"from":[8.0,8.0,7.41],"to":[9.77,8.0,8.59],"faces":{"up":{"uv":[13.0,4.5,12.0,4.0],"tintindex":0,"rotation":0,"texture":"#0"},"down":{"uv":[5.5,12.0,4.5,12.5],"tintindex":0,"rotation":0,"texture":"#0"}}},{"from":[10.2125,2.61625,7.41],"to":[10.2125,5.56625,8.59],"faces":{"east":{"uv":[0.0,12.0,0.5,13.5],"tintindex":0,"rotation":0,"texture":"#0"},"west":{"uv":[0.5,12.0,1.0,13.5],"tintindex":0,"rotation":0,"texture":"#0"}},"rotation":{"origin":[3.87,5.64,5.05],"angle":22.5,"axis":"z"}}],"display":{"head":{"rotation":[0.0,0.0,0.0]},"firstperson_righthand":{"rotation":[0.0,0.0,0.0]},"thirdperson_lefthand":{"rotation":[0.0,-0.0,-0.0]},"firstperson_lefthand":{"rotation":[0.0,-0.0,-0.0]},"fixed":{"rotation":[0.0,0.0,0.0]},"ground":{"rotation":[0.0,0.0,0.0]},"thirdperson_righthand":{"rotation":[0.0,0.0,0.0]},"gui":{"rotation":[-150.0,-75.0,-180.0]}}}