{"textures":{"0":"modelengine:block/baby_crab"},"elements":[{"from":[10.2125,2.61625,7.41],"to":[10.2125,5.56625,8.59],"faces":{"east":{"uv":[11.0,11.5,11.5,13.0],"tintindex":0,"rotation":0,"texture":"#0"},"west":{"uv":[11.5,11.5,12.0,13.0],"tintindex":0,"rotation":0,"texture":"#0"}},"rotation":{"origin":[3.87,5.64,8.0],"angle":22.5,"axis":"z"}},{"from":[8.0,8.0,7.41],"to":[9.77,8.0,8.59],"faces":{"up":{"uv":[4.5,12.5,3.5,12.0],"tintindex":0,"rotation":0,"texture":"#0"},"down":{"uv":[13.0,3.5,12.0,4.0],"tintindex":0,"rotation":0,"texture":"#0"}}}],"display":{"head":{"rotation":[0.0,0.0,0.0]},"firstperson_righthand":{"rotation":[0.0,0.0,0.0]},"thirdperson_lefthand":{"rotation":[0.0,-0.0,-0.0]},"firstperson_lefthand":{"rotation":[0.0,-0.0,-0.0]},"fixed":{"rotation":[0.0,0.0,0.0]},"ground":{"rotation":[0.0,0.0,0.0]},"thirdperson_righthand":{"rotation":[0.0,0.0,0.0]},"gui":{"rotation":[-150.0,-75.0,-180.0]}}}