{"textures":{"0":"modelengine:block/baby_crab"},"elements":[{"from":[8.885,6.9674997,6.8199997],"to":[11.835,8.0,9.18],"faces":{"east":{"uv":[12.0,4.5,13.0,5.0],"tintindex":0,"rotation":0,"texture":"#0"},"south":{"uv":[12.0,1.0,13.5,1.5],"tintindex":0,"rotation":0,"texture":"#0"},"north":{"uv":[1.0,12.0,2.5,12.5],"tintindex":0,"rotation":0,"texture":"#0"},"west":{"uv":[12.0,5.0,13.0,5.5],"tintindex":0,"rotation":0,"texture":"#0"},"up":{"uv":[8.0,11.5,6.5,10.5],"tintindex":0,"rotation":0,"texture":"#0"},"down":{"uv":[9.5,10.5,8.0,11.5],"tintindex":0,"rotation":0,"texture":"#0"}}},{"from":[8.737499,7.41,6.6724997],"to":[11.9825,9.032499,9.3275],"faces":{"east":{"uv":[3.0,11.0,4.5,12.0],"tintindex":0,"rotation":0,"texture":"#0"},"south":{"uv":[4.5,11.0,6.0,12.0],"tintindex":0,"rotation":0,"texture":"#0"},"north":{"uv":[1.5,11.0,3.0,12.0],"tintindex":0,"rotation":0,"texture":"#0"},"west":{"uv":[6.0,11.5,7.5,12.5],"tintindex":0,"rotation":0,"texture":"#0"},"up":{"uv":[11.5,11.5,10.0,10.0],"tintindex":0,"rotation":0,"texture":"#0"},"down":{"uv":[1.5,10.5,0.0,12.0],"tintindex":0,"rotation":0,"texture":"#0"}}}],"display":{"head":{"rotation":[0.0,0.0,0.0]},"firstperson_righthand":{"rotation":[0.0,0.0,0.0]},"thirdperson_lefthand":{"rotation":[0.0,-0.0,-0.0]},"firstperson_lefthand":{"rotation":[0.0,-0.0,-0.0]},"fixed":{"rotation":[0.0,0.0,0.0]},"ground":{"rotation":[0.0,0.0,0.0]},"thirdperson_righthand":{"rotation":[0.0,0.0,0.0]},"gui":{"rotation":[-150.0,-75.0,-180.0]}}}