{"textures":{"0":"modelengine:block/baby_crab"},"elements":[{"from":[2.1000004,8.0,9.18],"to":[7.4100003,10.95,9.18],"faces":{"south":{"uv":[8.0,1.5,10.5,3.0],"tintindex":0,"rotation":0,"texture":"#0"},"north":{"uv":[8.0,0.0,10.5,1.5],"tintindex":0,"rotation":0,"texture":"#0"}}},{"from":[7.4100003,8.0,5.6400003],"to":[7.4100003,10.95,9.18],"faces":{"east":{"uv":[10.0,3.0,12.0,4.5],"tintindex":0,"rotation":0,"texture":"#0"},"west":{"uv":[10.0,4.5,12.0,6.0],"tintindex":0,"rotation":0,"texture":"#0"}}},{"from":[2.1000004,8.0,5.6400003],"to":[2.1000004,10.95,9.18],"faces":{"east":{"uv":[2.5,9.5,4.5,11.0],"tintindex":0,"rotation":0,"texture":"#0"},"west":{"uv":[4.5,9.5,6.5,11.0],"tintindex":0,"rotation":0,"texture":"#0"}}},{"from":[2.1000004,10.95,5.6400003],"to":[7.4100003,10.95,9.18],"faces":{"up":{"uv":[2.5,9.0,0.0,7.0],"tintindex":0,"rotation":0,"texture":"#0"},"down":{"uv":[10.0,4.0,7.5,6.0],"tintindex":0,"rotation":0,"texture":"#0"}}},{"from":[2.1000004,8.0,5.6400003],"to":[7.4100003,10.95,5.6400003],"faces":{"south":{"uv":[5.0,8.0,7.5,9.5],"tintindex":0,"rotation":0,"texture":"#0"},"north":{"uv":[2.5,8.0,5.0,9.5],"tintindex":0,"rotation":0,"texture":"#0"}}}],"display":{"head":{"rotation":[0.0,0.0,0.0]},"firstperson_righthand":{"rotation":[0.0,0.0,0.0]},"thirdperson_lefthand":{"rotation":[0.0,-0.0,-0.0]},"firstperson_lefthand":{"rotation":[0.0,-0.0,-0.0]},"fixed":{"rotation":[0.0,0.0,0.0]},"ground":{"rotation":[0.0,0.0,0.0]},"thirdperson_righthand":{"rotation":[0.0,0.0,0.0]},"gui":{"rotation":[-150.0,-75.0,-180.0]}}}