{"textures":{"0":"modelengine:block/baby_crab"},"elements":[{"from":[5.7875,2.61625,7.41],"to":[5.7875,5.56625,8.59],"faces":{"east":{"uv":[9.5,10.5,10.0,12.0],"tintindex":0,"rotation":0,"texture":"#0"},"west":{"uv":[7.5,11.5,8.0,13.0],"tintindex":0,"rotation":0,"texture":"#0"}},"rotation":{"origin":[12.13,5.64,10.95],"angle":-22.5,"axis":"z"}},{"from":[6.23,8.0,7.41],"to":[8.0,8.0,8.59],"faces":{"up":{"uv":[7.5,10.0,6.5,9.5],"tintindex":0,"rotation":0,"texture":"#0"},"down":{"uv":[7.5,10.0,6.5,10.5],"tintindex":0,"rotation":0,"texture":"#0"}}}],"display":{"head":{"rotation":[0.0,0.0,0.0]},"firstperson_righthand":{"rotation":[0.0,0.0,0.0]},"thirdperson_lefthand":{"rotation":[0.0,-0.0,-0.0]},"firstperson_lefthand":{"rotation":[0.0,-0.0,-0.0]},"fixed":{"rotation":[0.0,0.0,0.0]},"ground":{"rotation":[0.0,0.0,0.0]},"thirdperson_righthand":{"rotation":[0.0,0.0,0.0]},"gui":{"rotation":[-150.0,-75.0,-180.0]}}}