{"textures":{"1":"modelengine:block/skr_skirmisher"},"elements":[{"from":[8.0,5.5,-8.0],"to":[8.0,10.5,-2.0],"faces":{"east":{"uv":[4.5,0.0,6.0,1.25],"tintindex":0,"rotation":0,"texture":"#1"},"west":{"uv":[4.5,1.25,6.0,2.5],"tintindex":0,"rotation":0,"texture":"#1"}}},{"from":[7.5,7.5,-5.0],"to":[8.5,8.5,21.0],"faces":{"east":{"uv":[4.5,2.5,11.0,2.75],"tintindex":0,"rotation":0,"texture":"#1"},"south":{"uv":[4.5,3.25,4.75,3.5],"tintindex":0,"rotation":0,"texture":"#1"},"north":{"uv":[4.5,3.0,4.75,3.25],"tintindex":0,"rotation":0,"texture":"#1"},"west":{"uv":[4.5,2.75,11.0,3.0],"tintindex":0,"rotation":0,"texture":"#1"},"up":{"uv":[0.25,11.5,0.0,5.0],"tintindex":0,"rotation":0,"texture":"#1"},"down":{"uv":[0.5,5.0,0.25,11.5],"tintindex":0,"rotation":0,"texture":"#1"}}},{"from":[5.5,8.0,-8.0],"to":[10.5,8.0,-2.0],"faces":{"up":{"uv":[3.75,5.5,2.5,4.0],"tintindex":0,"rotation":0,"texture":"#1"},"down":{"uv":[5.0,4.0,3.75,5.5],"tintindex":0,"rotation":0,"texture":"#1"}}}],"display":{"head":{"rotation":[0.0,0.0,0.0]},"firstperson_righthand":{"rotation":[0.0,0.0,0.0]},"thirdperson_lefthand":{"rotation":[0.0,-0.0,-0.0]},"firstperson_lefthand":{"rotation":[0.0,-0.0,-0.0]},"fixed":{"rotation":[0.0,0.0,0.0]},"ground":{"rotation":[0.0,0.0,0.0]},"thirdperson_righthand":{"rotation":[0.0,0.0,0.0]},"gui":{"rotation":[-150.0,-75.0,-180.0]}}}