{"textures":{"1":"modelengine:block/skr_skirmisher"},"elements":[{"from":[7.0,2.0,3.0],"to":[8.0,12.0,13.0],"faces":{"east":{"uv":[0.0,0.0,2.5,2.5],"tintindex":0,"rotation":0,"texture":"#1"},"south":{"uv":[0.75,5.0,1.0,7.5],"tintindex":0,"rotation":0,"texture":"#1"},"north":{"uv":[0.5,5.0,0.75,7.5],"tintindex":0,"rotation":0,"texture":"#1"},"west":{"uv":[0.0,2.5,2.5,5.0],"tintindex":0,"rotation":0,"texture":"#1"},"up":{"uv":[1.25,7.5,1.0,5.0],"tintindex":0,"rotation":0,"texture":"#1"},"down":{"uv":[1.5,5.0,1.25,7.5],"tintindex":0,"rotation":0,"texture":"#1"}}},{"from":[6.25,3.0,4.0],"to":[7.25,11.0,12.0],"faces":{"east":{"uv":[2.5,0.0,4.5,2.0],"tintindex":0,"rotation":0,"texture":"#1"},"south":{"uv":[1.75,5.0,2.0,7.0],"tintindex":0,"rotation":0,"texture":"#1"},"north":{"uv":[1.5,5.0,1.75,7.0],"tintindex":0,"rotation":0,"texture":"#1"},"west":{"uv":[2.5,2.0,4.5,4.0],"tintindex":0,"rotation":0,"texture":"#1"},"up":{"uv":[2.25,7.0,2.0,5.0],"tintindex":0,"rotation":0,"texture":"#1"},"down":{"uv":[2.5,5.0,2.25,7.0],"tintindex":0,"rotation":0,"texture":"#1"}}}],"display":{"head":{"rotation":[0.0,0.0,0.0]},"firstperson_righthand":{"rotation":[0.0,0.0,0.0]},"thirdperson_lefthand":{"rotation":[0.0,-0.0,-0.0]},"firstperson_lefthand":{"rotation":[0.0,-0.0,-0.0]},"fixed":{"rotation":[0.0,0.0,0.0]},"ground":{"rotation":[0.0,0.0,0.0]},"thirdperson_righthand":{"rotation":[0.0,0.0,0.0]},"gui":{"rotation":[-150.0,-75.0,-180.0]}}}