{"textures":{"0":"modelengine:block/skr_barebone"},"elements":[{"from":[4.0,7.0,-0.25],"to":[12.0,13.0,7.75],"faces":{"east":{"uv":[2.0,1.5,4.0,3.0],"tintindex":0,"rotation":0,"texture":"#0"},"south":{"uv":[2.0,3.0,4.0,4.5],"tintindex":0,"rotation":0,"texture":"#0"},"north":{"uv":[2.0,0.0,4.0,1.5],"tintindex":0,"rotation":0,"texture":"#0"},"west":{"uv":[0.0,4.0,2.0,5.5],"tintindex":0,"rotation":0,"texture":"#0"},"up":{"uv":[2.0,2.0,0.0,0.0],"tintindex":0,"rotation":0,"texture":"#0"},"down":{"uv":[2.0,2.0,0.0,4.0],"tintindex":0,"rotation":0,"texture":"#0"}}},{"from":[5.0,7.0750523,3.3453512],"to":[6.0,8.075052,10.595351],"faces":{"east":{"uv":[7.0,7.0,8.75,7.25],"tintindex":0,"rotation":0,"texture":"#0"},"south":{"uv":[9.5,4.75,9.75,5.0],"tintindex":0,"rotation":0,"texture":"#0"},"north":{"uv":[4.75,9.5,5.0,9.75],"tintindex":0,"rotation":0,"texture":"#0"},"west":{"uv":[7.25,3.5,9.0,3.75],"tintindex":0,"rotation":0,"texture":"#0"},"up":{"uv":[7.5,5.5,7.25,3.75],"tintindex":0,"rotation":0,"texture":"#0"},"down":{"uv":[7.25,7.25,7.0,9.0],"tintindex":0,"rotation":0,"texture":"#0"}},"rotation":{"origin":[8.0,-1.5,4.25],"angle":-22.5,"axis":"x"}},{"from":[10.0,7.0750523,3.3453512],"to":[11.0,8.075052,10.595351],"faces":{"east":{"uv":[7.0,3.0,8.75,3.25],"tintindex":0,"rotation":0,"texture":"#0"},"south":{"uv":[9.5,4.5,9.75,4.75],"tintindex":0,"rotation":0,"texture":"#0"},"north":{"uv":[4.5,9.5,4.75,9.75],"tintindex":0,"rotation":0,"texture":"#0"},"west":{"uv":[7.0,3.25,8.75,3.5],"tintindex":0,"rotation":0,"texture":"#0"},"up":{"uv":[7.25,5.25,7.0,3.5],"tintindex":0,"rotation":0,"texture":"#0"},"down":{"uv":[7.25,5.25,7.0,7.0],"tintindex":0,"rotation":0,"texture":"#0"}},"rotation":{"origin":[8.0,-1.5,4.25],"angle":-22.5,"axis":"x"}},{"from":[6.0,7.0750523,3.3453512],"to":[10.0,8.075052,4.345351],"faces":{"east":{"uv":[5.0,9.5,5.25,9.75],"tintindex":0,"rotation":0,"texture":"#0"},"south":{"uv":[7.25,7.5,8.25,7.75],"tintindex":0,"rotation":0,"texture":"#0"},"north":{"uv":[7.5,5.25,8.5,5.5],"tintindex":0,"rotation":0,"texture":"#0"},"west":{"uv":[9.5,5.0,9.75,5.25],"tintindex":0,"rotation":0,"texture":"#0"},"up":{"uv":[5.0,8.0,4.0,7.75],"tintindex":0,"rotation":0,"texture":"#0"},"down":{"uv":[8.25,7.75,7.25,8.0],"tintindex":0,"rotation":0,"texture":"#0"}},"rotation":{"origin":[8.0,-1.5,4.25],"angle":-22.5,"axis":"x"}}],"display":{"head":{"rotation":[0.0,0.0,0.0]},"firstperson_righthand":{"rotation":[0.0,0.0,0.0]},"thirdperson_lefthand":{"rotation":[0.0,-0.0,-0.0]},"firstperson_lefthand":{"rotation":[0.0,-0.0,-0.0]},"fixed":{"rotation":[0.0,0.0,0.0]},"ground":{"rotation":[0.0,0.0,0.0]},"thirdperson_righthand":{"rotation":[0.0,0.0,0.0]},"gui":{"rotation":[-150.0,-75.0,-180.0]}}}