{"textures":{"1":"modelengine:block/skr_arbalist"},"elements":[{"from":[5.5,-7.0,7.01],"to":[10.5,-6.0,9.01],"faces":{"east":{"uv":[8.5,8.5,9.0,8.75],"tintindex":0,"rotation":0,"texture":"#1"},"south":{"uv":[7.25,8.5,8.5,8.75],"tintindex":0,"rotation":0,"texture":"#1"},"north":{"uv":[1.75,6.0,3.0,6.25],"tintindex":0,"rotation":0,"texture":"#1"},"west":{"uv":[0.0,8.75,0.5,9.0],"tintindex":0,"rotation":0,"texture":"#1"},"up":{"uv":[9.25,3.75,8.0,3.25],"tintindex":0,"rotation":0,"texture":"#1"},"down":{"uv":[9.25,3.75,8.0,4.25],"tintindex":0,"rotation":0,"texture":"#1"}}},{"from":[7.0,2.0,7.0],"to":[9.0,10.0,8.0],"faces":{"east":{"uv":[4.5,8.0,4.75,10.0],"tintindex":0,"rotation":0,"texture":"#1"},"south":{"uv":[2.75,6.75,3.25,8.75],"tintindex":0,"rotation":0,"texture":"#1"},"north":{"uv":[2.25,6.75,2.75,8.75],"tintindex":0,"rotation":0,"texture":"#1"},"west":{"uv":[5.75,8.0,6.0,10.0],"tintindex":0,"rotation":0,"texture":"#1"},"up":{"uv":[7.0,8.75,6.5,8.5],"tintindex":0,"rotation":0,"texture":"#1"},"down":{"uv":[9.0,8.0,8.5,8.25],"tintindex":0,"rotation":0,"texture":"#1"}}},{"from":[7.0,-8.0,8.0],"to":[9.0,0.0,9.0],"faces":{"east":{"uv":[6.0,8.0,6.25,10.0],"tintindex":0,"rotation":0,"texture":"#1"},"south":{"uv":[3.75,6.75,4.25,8.75],"tintindex":0,"rotation":0,"texture":"#1"},"north":{"uv":[3.25,6.75,3.75,8.75],"tintindex":0,"rotation":0,"texture":"#1"},"west":{"uv":[7.0,8.25,7.25,10.25],"tintindex":0,"rotation":0,"texture":"#1"},"up":{"uv":[2.75,9.0,2.25,8.75],"tintindex":0,"rotation":0,"texture":"#1"},"down":{"uv":[3.25,8.75,2.75,9.0],"tintindex":0,"rotation":0,"texture":"#1"}}},{"from":[6.0,-10.0,8.0],"to":[10.0,-7.0,8.0],"faces":{"south":{"uv":[8.0,2.5,9.0,3.25],"tintindex":0,"rotation":0,"texture":"#1"},"north":{"uv":[8.0,1.75,9.0,2.5],"tintindex":0,"rotation":0,"texture":"#1"}}},{"from":[6.5,-8.0,7.0],"to":[9.5,2.0,8.0],"faces":{"east":{"uv":[6.25,6.75,6.5,9.25],"tintindex":0,"rotation":0,"texture":"#1"},"south":{"uv":[0.0,6.0,0.75,8.5],"tintindex":0,"rotation":0,"texture":"#1"},"north":{"uv":[5.75,4.25,6.5,6.75],"tintindex":0,"rotation":0,"texture":"#1"},"west":{"uv":[4.25,8.0,4.5,10.5],"tintindex":0,"rotation":0,"texture":"#1"},"up":{"uv":[0.75,8.75,0.0,8.5],"tintindex":0,"rotation":0,"texture":"#1"},"down":{"uv":[9.25,7.25,8.5,7.5],"tintindex":0,"rotation":0,"texture":"#1"}}},{"from":[6.5,-7.01,6.0],"to":[9.5,-7.01,7.0],"faces":{"up":{"uv":[9.25,7.75,8.5,7.5],"tintindex":0,"rotation":0,"texture":"#1"},"down":{"uv":[9.25,7.75,8.5,8.0],"tintindex":0,"rotation":0,"texture":"#1"}}}],"display":{"head":{"rotation":[0.0,0.0,0.0]},"firstperson_righthand":{"rotation":[0.0,0.0,0.0]},"thirdperson_lefthand":{"rotation":[0.0,-0.0,-0.0]},"firstperson_lefthand":{"rotation":[0.0,-0.0,-0.0]},"fixed":{"rotation":[0.0,0.0,0.0]},"ground":{"rotation":[0.0,0.0,0.0]},"thirdperson_righthand":{"rotation":[0.0,0.0,0.0]},"gui":{"rotation":[-150.0,-75.0,-180.0]}}}