{"textures":{"1":"modelengine:block/skr_arbalist"},"elements":[{"from":[-4.0,8.0,14.0],"to":[8.0,8.0,16.0],"faces":{"up":{"uv":[9.5,5.25,6.5,4.75],"tintindex":0,"rotation":0,"texture":"#1"},"down":{"uv":[9.5,5.25,6.5,5.75],"tintindex":0,"rotation":0,"texture":"#1"}},"rotation":{"origin":[2.0,8.0,14.0],"angle":22.5,"axis":"x"}},{"from":[1.0,8.25,2.5],"to":[3.0,13.25,13.5],"faces":{"east":{"uv":[3.0,5.0,5.75,6.25],"tintindex":0,"rotation":0,"texture":"#1"},"south":{"uv":[5.75,6.75,6.25,8.0],"tintindex":0,"rotation":0,"texture":"#1"},"north":{"uv":[4.25,6.75,4.75,8.0],"tintindex":0,"rotation":0,"texture":"#1"},"west":{"uv":[5.5,0.0,8.25,1.25],"tintindex":0,"rotation":0,"texture":"#1"},"up":{"uv":[7.0,8.5,6.5,5.75],"tintindex":0,"rotation":0,"texture":"#1"},"down":{"uv":[2.25,6.75,1.75,9.5],"tintindex":0,"rotation":0,"texture":"#1"}}},{"from":[-4.0,7.75,2.0],"to":[8.0,8.75,14.0],"faces":{"east":{"uv":[7.0,6.0,10.0,6.25],"tintindex":0,"rotation":0,"texture":"#1"},"south":{"uv":[7.0,6.25,10.0,6.5],"tintindex":0,"rotation":0,"texture":"#1"},"north":{"uv":[7.0,5.75,10.0,6.0],"tintindex":0,"rotation":0,"texture":"#1"},"west":{"uv":[7.0,6.5,10.0,6.75],"tintindex":0,"rotation":0,"texture":"#1"},"up":{"uv":[3.0,3.0,0.0,0.0],"tintindex":0,"rotation":0,"texture":"#1"},"down":{"uv":[3.0,3.0,0.0,6.0],"tintindex":0,"rotation":0,"texture":"#1"}}},{"from":[-6.0,8.0,2.0],"to":[-4.0,8.0,14.0],"faces":{"up":{"uv":[1.25,9.0,0.75,6.0],"tintindex":0,"rotation":0,"texture":"#1"},"down":{"uv":[1.75,6.0,1.25,9.0],"tintindex":0,"rotation":0,"texture":"#1"}},"rotation":{"origin":[-4.0,8.0,8.0],"angle":22.5,"axis":"z"}},{"from":[-4.0,8.0,0.0],"to":[8.0,8.0,2.0],"faces":{"up":{"uv":[4.75,6.75,1.75,6.25],"tintindex":0,"rotation":0,"texture":"#1"},"down":{"uv":[9.5,4.25,6.5,4.75],"tintindex":0,"rotation":0,"texture":"#1"}},"rotation":{"origin":[2.0,8.0,2.0],"angle":-22.5,"axis":"x"}},{"from":[8.0,8.0,2.0],"to":[10.0,8.0,14.0],"faces":{"up":{"uv":[5.25,9.25,4.75,6.25],"tintindex":0,"rotation":0,"texture":"#1"},"down":{"uv":[5.75,6.25,5.25,9.25],"tintindex":0,"rotation":0,"texture":"#1"}},"rotation":{"origin":[8.0,8.0,8.0],"angle":-22.5,"axis":"z"}},{"from":[-3.0,8.75,3.0],"to":[7.0,11.75,13.0],"faces":{"east":{"uv":[5.5,2.0,8.0,2.75],"tintindex":0,"rotation":0,"texture":"#1"},"south":{"uv":[5.5,2.75,8.0,3.5],"tintindex":0,"rotation":0,"texture":"#1"},"north":{"uv":[5.5,1.25,8.0,2.0],"tintindex":0,"rotation":0,"texture":"#1"},"west":{"uv":[5.5,3.5,8.0,4.25],"tintindex":0,"rotation":0,"texture":"#1"},"up":{"uv":[5.5,2.5,3.0,0.0],"tintindex":0,"rotation":0,"texture":"#1"},"down":{"uv":[5.5,2.5,3.0,5.0],"tintindex":0,"rotation":0,"texture":"#1"}}}],"display":{"head":{"rotation":[0.0,0.0,0.0]},"firstperson_righthand":{"rotation":[0.0,0.0,0.0]},"thirdperson_lefthand":{"rotation":[0.0,-0.0,-0.0]},"firstperson_lefthand":{"rotation":[0.0,-0.0,-0.0]},"fixed":{"rotation":[0.0,0.0,0.0]},"ground":{"rotation":[0.0,0.0,0.0]},"thirdperson_righthand":{"rotation":[0.0,0.0,0.0]},"gui":{"rotation":[-150.0,-75.0,-180.0]}}}