{"textures":{"1":"modelengine:block/skr_arbalist"},"elements":[{"from":[7.5,7.5,7.5],"to":[15.5,8.5,7.5],"faces":{"south":{"uv":[8.25,0.25,10.25,0.5],"tintindex":0,"rotation":0,"texture":"#1"},"north":{"uv":[8.25,0.0,10.25,0.25],"tintindex":0,"rotation":0,"texture":"#1"}}}],"display":{"head":{"rotation":[0.0,0.0,0.0]},"firstperson_righthand":{"rotation":[0.0,0.0,0.0]},"thirdperson_lefthand":{"rotation":[0.0,-0.0,-0.0]},"firstperson_lefthand":{"rotation":[0.0,-0.0,-0.0]},"fixed":{"rotation":[0.0,0.0,0.0]},"ground":{"rotation":[0.0,0.0,0.0]},"thirdperson_righthand":{"rotation":[0.0,0.0,0.0]},"gui":{"rotation":[-150.0,-75.0,-180.0]}}}