{"textures":{"1":"modelengine:block/skr_arbalist"},"elements":[{"from":[2.5,9.75,7.5],"to":[3.5,11.75,8.5],"faces":{"east":{"uv":[0.5,8.75,0.75,9.25],"tintindex":0,"rotation":0,"texture":"#1"},"south":{"uv":[6.5,8.75,6.75,9.25],"tintindex":0,"rotation":0,"texture":"#1"},"north":{"uv":[5.5,4.25,5.75,4.75],"tintindex":0,"rotation":0,"texture":"#1"},"west":{"uv":[6.75,8.75,7.0,9.25],"tintindex":0,"rotation":0,"texture":"#1"},"up":{"uv":[5.75,5.0,5.5,4.75],"tintindex":0,"rotation":0,"texture":"#1"},"down":{"uv":[9.0,8.25,8.75,8.5],"tintindex":0,"rotation":0,"texture":"#1"}},"rotation":{"origin":[3.0,10.75,8.0],"angle":22.5,"axis":"z"}},{"from":[2.0,7.0,7.0],"to":[8.0,8.0,9.0],"faces":{"east":{"uv":[3.25,8.75,3.75,9.0],"tintindex":0,"rotation":0,"texture":"#1"},"south":{"uv":[7.25,8.25,8.75,8.5],"tintindex":0,"rotation":0,"texture":"#1"},"north":{"uv":[8.25,1.0,9.75,1.25],"tintindex":0,"rotation":0,"texture":"#1"},"west":{"uv":[3.75,8.75,4.25,9.0],"tintindex":0,"rotation":0,"texture":"#1"},"up":{"uv":[8.5,7.25,7.0,6.75],"tintindex":0,"rotation":0,"texture":"#1"},"down":{"uv":[8.5,7.25,7.0,7.75],"tintindex":0,"rotation":0,"texture":"#1"}},"rotation":{"origin":[9.0,7.75,8.0],"angle":-22.5,"axis":"z"}}],"display":{"head":{"rotation":[0.0,0.0,0.0]},"firstperson_righthand":{"rotation":[0.0,0.0,0.0]},"thirdperson_lefthand":{"rotation":[0.0,-0.0,-0.0]},"firstperson_lefthand":{"rotation":[0.0,-0.0,-0.0]},"fixed":{"rotation":[0.0,0.0,0.0]},"ground":{"rotation":[0.0,0.0,0.0]},"thirdperson_righthand":{"rotation":[0.0,0.0,0.0]},"gui":{"rotation":[-150.0,-75.0,-180.0]}}}