{"textures":{"1":"modelengine:block/skr_arbalist"},"elements":[{"from":[12.5,9.75,7.5],"to":[13.5,11.75,8.5],"faces":{"east":{"uv":[8.5,8.75,8.75,9.25],"tintindex":0,"rotation":0,"texture":"#1"},"south":{"uv":[8.75,8.75,9.0,9.25],"tintindex":0,"rotation":0,"texture":"#1"},"north":{"uv":[8.25,8.75,8.5,9.25],"tintindex":0,"rotation":0,"texture":"#1"},"west":{"uv":[0.0,9.0,0.25,9.5],"tintindex":0,"rotation":0,"texture":"#1"},"up":{"uv":[0.5,9.25,0.25,9.0],"tintindex":0,"rotation":0,"texture":"#1"},"down":{"uv":[1.0,9.0,0.75,9.25],"tintindex":0,"rotation":0,"texture":"#1"}},"rotation":{"origin":[13.0,10.75,8.0],"angle":-22.5,"axis":"z"}},{"from":[8.0,7.0,7.0],"to":[14.0,8.0,9.0],"faces":{"east":{"uv":[7.25,8.75,7.75,9.0],"tintindex":0,"rotation":0,"texture":"#1"},"south":{"uv":[8.5,7.0,10.0,7.25],"tintindex":0,"rotation":0,"texture":"#1"},"north":{"uv":[8.5,6.75,10.0,7.0],"tintindex":0,"rotation":0,"texture":"#1"},"west":{"uv":[7.75,8.75,8.25,9.0],"tintindex":0,"rotation":0,"texture":"#1"},"up":{"uv":[8.5,8.25,7.0,7.75],"tintindex":0,"rotation":0,"texture":"#1"},"down":{"uv":[9.5,1.25,8.0,1.75],"tintindex":0,"rotation":0,"texture":"#1"}},"rotation":{"origin":[7.0,7.75,8.0],"angle":22.5,"axis":"z"}}],"display":{"head":{"rotation":[0.0,0.0,0.0]},"firstperson_righthand":{"rotation":[0.0,0.0,0.0]},"thirdperson_lefthand":{"rotation":[0.0,-0.0,-0.0]},"firstperson_lefthand":{"rotation":[0.0,-0.0,-0.0]},"fixed":{"rotation":[0.0,0.0,0.0]},"ground":{"rotation":[0.0,0.0,0.0]},"thirdperson_righthand":{"rotation":[0.0,0.0,0.0]},"gui":{"rotation":[-150.0,-75.0,-180.0]}}}