{"textures":{"0":"modelengine:block/monkey"},"elements":[{"from":[3.5,4.0,5.5],"to":[12.5,12.0,10.5],"faces":{"east":{"uv":[8.0,3.0,9.25,7.0],"tintindex":0,"rotation":0,"texture":"#0"},"south":{"uv":[12.75,3.0,15.0,7.0],"tintindex":0,"rotation":0,"texture":"#0"},"north":{"uv":[9.25,3.0,11.5,7.0],"tintindex":0,"rotation":0,"texture":"#0"},"west":{"uv":[11.5,3.0,12.75,7.0],"tintindex":0,"rotation":0,"texture":"#0"},"up":{"uv":[11.5,3.0,9.25,0.5],"tintindex":0,"rotation":0,"texture":"#0"},"down":{"uv":[13.75,0.5,11.5,3.0],"tintindex":0,"rotation":0,"texture":"#0"}}}],"display":{"head":{"rotation":[0.0,0.0,0.0]},"firstperson_righthand":{"rotation":[0.0,0.0,0.0]},"thirdperson_lefthand":{"rotation":[0.0,-0.0,-0.0]},"firstperson_lefthand":{"rotation":[0.0,-0.0,-0.0]},"fixed":{"rotation":[0.0,0.0,0.0]},"ground":{"rotation":[0.0,0.0,0.0]},"thirdperson_righthand":{"rotation":[0.0,0.0,0.0]},"gui":{"rotation":[-150.0,-75.0,-180.0]}}}