{"textures":{"0":"modelengine:block/monkey"},"elements":[{"from":[8.0,1.5,6.5],"to":[10.0,8.5,9.5],"faces":{"east":{"uv":[0.0,8.5,0.75,12.0],"tintindex":0,"rotation":0,"texture":"#0"},"south":{"uv":[2.0,8.5,2.5,12.0],"tintindex":0,"rotation":0,"texture":"#0"},"north":{"uv":[0.75,8.5,1.25,12.0],"tintindex":0,"rotation":0,"texture":"#0"},"west":{"uv":[1.25,8.5,2.0,12.0],"tintindex":0,"rotation":0,"texture":"#0"},"up":{"uv":[1.25,8.5,0.75,7.0],"tintindex":0,"rotation":0,"texture":"#0"},"down":{"uv":[1.75,7.0,1.25,8.5],"tintindex":0,"rotation":0,"texture":"#0"}}}],"display":{"head":{"rotation":[0.0,0.0,0.0]},"firstperson_righthand":{"rotation":[0.0,0.0,0.0]},"thirdperson_lefthand":{"rotation":[0.0,-0.0,-0.0]},"firstperson_lefthand":{"rotation":[0.0,-0.0,-0.0]},"fixed":{"rotation":[0.0,0.0,0.0]},"ground":{"rotation":[0.0,0.0,0.0]},"thirdperson_righthand":{"rotation":[0.0,0.0,0.0]},"gui":{"rotation":[-150.0,-75.0,-180.0]}}}