{"textures":{"0":"modelengine:block/monkey"},"elements":[{"from":[6.5,2.5,6.5],"to":[9.5,7.5,9.5],"faces":{"east":{"uv":[5.0,9.5,5.75,12.0],"tintindex":0,"rotation":0,"texture":"#0"},"south":{"uv":[7.25,9.5,8.0,12.0],"tintindex":0,"rotation":0,"texture":"#0"},"north":{"uv":[5.75,9.5,6.5,12.0],"tintindex":0,"rotation":0,"texture":"#0"},"west":{"uv":[6.5,9.5,7.25,12.0],"tintindex":0,"rotation":0,"texture":"#0"},"up":{"uv":[6.5,9.5,5.75,8.0],"tintindex":0,"rotation":0,"texture":"#0"},"down":{"uv":[7.25,8.0,6.5,9.5],"tintindex":0,"rotation":0,"texture":"#0"}}}],"display":{"head":{"rotation":[0.0,0.0,0.0]},"firstperson_righthand":{"rotation":[0.0,0.0,0.0]},"thirdperson_lefthand":{"rotation":[0.0,-0.0,-0.0]},"firstperson_lefthand":{"rotation":[0.0,-0.0,-0.0]},"fixed":{"rotation":[0.0,0.0,0.0]},"ground":{"rotation":[0.0,0.0,0.0]},"thirdperson_righthand":{"rotation":[0.0,0.0,0.0]},"gui":{"rotation":[-150.0,-75.0,-180.0]}}}