{"textures":{"0":"modelengine:block/monkey"},"elements":[{"from":[6.0,1.5,6.5],"to":[8.0,8.5,9.5],"faces":{"east":{"uv":[2.5,8.5,3.25,12.0],"tintindex":0,"rotation":0,"texture":"#0"},"south":{"uv":[4.5,8.5,5.0,12.0],"tintindex":0,"rotation":0,"texture":"#0"},"north":{"uv":[3.25,8.5,3.75,12.0],"tintindex":0,"rotation":0,"texture":"#0"},"west":{"uv":[3.75,8.5,4.5,12.0],"tintindex":0,"rotation":0,"texture":"#0"},"up":{"uv":[3.75,8.5,3.25,7.0],"tintindex":0,"rotation":0,"texture":"#0"},"down":{"uv":[4.25,7.0,3.75,8.5],"tintindex":0,"rotation":0,"texture":"#0"}}}],"display":{"head":{"rotation":[0.0,0.0,0.0]},"firstperson_righthand":{"rotation":[0.0,0.0,0.0]},"thirdperson_lefthand":{"rotation":[0.0,-0.0,-0.0]},"firstperson_lefthand":{"rotation":[0.0,-0.0,-0.0]},"fixed":{"rotation":[0.0,0.0,0.0]},"ground":{"rotation":[0.0,0.0,0.0]},"thirdperson_righthand":{"rotation":[0.0,0.0,0.0]},"gui":{"rotation":[-150.0,-75.0,-180.0]}}}