{"textures":{"0":"modelengine:block/monkey"},"elements":[{"from":[7.5,7.5,8.0],"to":[8.5,8.5,13.0],"faces":{"east":{"uv":[3.0,15.5,4.25,16.0],"tintindex":0,"rotation":0,"texture":"#0"},"south":{"uv":[5.75,15.5,6.0,16.0],"tintindex":0,"rotation":0,"texture":"#0"},"north":{"uv":[4.25,15.5,4.5,16.0],"tintindex":0,"rotation":0,"texture":"#0"},"west":{"uv":[4.5,15.5,5.75,16.0],"tintindex":0,"rotation":0,"texture":"#0"},"up":{"uv":[4.5,15.5,4.25,13.0],"tintindex":0,"rotation":0,"texture":"#0"},"down":{"uv":[4.75,13.0,4.5,15.5],"tintindex":0,"rotation":0,"texture":"#0"}}},{"from":[7.5,7.5,13.0],"to":[8.5,8.5,18.0],"faces":{"east":{"uv":[0.0,15.5,1.25,16.0],"tintindex":0,"rotation":0,"texture":"#0"},"south":{"uv":[2.75,15.5,3.0,16.0],"tintindex":0,"rotation":0,"texture":"#0"},"north":{"uv":[1.25,15.5,1.5,16.0],"tintindex":0,"rotation":0,"texture":"#0"},"west":{"uv":[1.5,15.5,2.75,16.0],"tintindex":0,"rotation":0,"texture":"#0"},"up":{"uv":[1.5,15.5,1.25,13.0],"tintindex":0,"rotation":0,"texture":"#0"},"down":{"uv":[1.75,13.0,1.5,15.5],"tintindex":0,"rotation":0,"texture":"#0"}}}],"display":{"head":{"rotation":[0.0,0.0,0.0]},"firstperson_righthand":{"rotation":[0.0,0.0,0.0]},"thirdperson_lefthand":{"rotation":[0.0,-0.0,-0.0]},"firstperson_lefthand":{"rotation":[0.0,-0.0,-0.0]},"fixed":{"rotation":[0.0,0.0,0.0]},"ground":{"rotation":[0.0,0.0,0.0]},"thirdperson_righthand":{"rotation":[0.0,0.0,0.0]},"gui":{"rotation":[-150.0,-75.0,-180.0]}}}