{"textures":{"0":"modelengine:block/vulture"},"elements":[{"from":[3.5,3.5979013,3.582882],"to":[11.5,10.597901,14.582882],"faces":{"east":{"uv":[8.25,7.5,11.0,9.25],"tintindex":0,"rotation":0,"texture":"#0"},"south":{"uv":[10.0,1.75,12.0,3.5],"tintindex":0,"rotation":0,"texture":"#0"},"north":{"uv":[10.0,0.0,12.0,1.75],"tintindex":0,"rotation":0,"texture":"#0"},"west":{"uv":[8.25,9.25,11.0,11.0],"tintindex":0,"rotation":0,"texture":"#0"},"up":{"uv":[10.0,2.75,8.0,0.0],"tintindex":0,"rotation":0,"texture":"#0"},"down":{"uv":[10.0,2.75,8.0,5.5],"tintindex":0,"rotation":0,"texture":"#0"}}},{"from":[3.0,4.1979012,5.082882],"to":[12.0,11.447901,8.082882],"faces":{"east":{"uv":[12.0,3.75,12.75,5.5],"tintindex":0,"rotation":0,"texture":"#0"},"south":{"uv":[9.75,5.5,12.0,7.25],"tintindex":0,"rotation":0,"texture":"#0"},"north":{"uv":[4.5,9.75,6.75,11.5],"tintindex":0,"rotation":0,"texture":"#0"},"west":{"uv":[12.0,5.5,12.75,7.25],"tintindex":0,"rotation":0,"texture":"#0"},"up":{"uv":[14.0,12.5,11.75,11.75],"tintindex":0,"rotation":0,"texture":"#0"},"down":{"uv":[14.25,0.0,12.0,0.75],"tintindex":0,"rotation":0,"texture":"#0"}}},{"from":[3.0,4.1979012,2.082882],"to":[12.0,11.447901,5.082882],"faces":{"east":{"uv":[6.0,11.5,6.75,13.25],"tintindex":0,"rotation":0,"texture":"#0"},"south":{"uv":[2.25,9.75,4.5,11.5],"tintindex":0,"rotation":0,"texture":"#0"},"north":{"uv":[0.0,9.5,2.25,11.25],"tintindex":0,"rotation":0,"texture":"#0"},"west":{"uv":[12.0,2.0,12.75,3.75],"tintindex":0,"rotation":0,"texture":"#0"},"up":{"uv":[13.25,11.0,11.0,10.25],"tintindex":0,"rotation":0,"texture":"#0"},"down":{"uv":[14.0,11.0,11.75,11.75],"tintindex":0,"rotation":0,"texture":"#0"}}}],"display":{"head":{"rotation":[0.0,0.0,0.0]},"firstperson_righthand":{"rotation":[0.0,0.0,0.0]},"thirdperson_lefthand":{"rotation":[0.0,-0.0,-0.0]},"firstperson_lefthand":{"rotation":[0.0,-0.0,-0.0]},"fixed":{"rotation":[0.0,0.0,0.0]},"ground":{"rotation":[0.0,0.0,0.0]},"thirdperson_righthand":{"rotation":[0.0,0.0,0.0]},"gui":{"rotation":[-150.0,-75.0,-180.0]}}}