{"textures":{"0":"modelengine:block/vulture"},"elements":[{"from":[5.75,2.5000005,-2.0],"to":[10.25,6.0,5.0],"faces":{"east":{"uv":[2.5,11.5,4.25,12.5],"tintindex":0,"rotation":0,"texture":"#0"},"south":{"uv":[10.0,12.25,11.25,13.25],"tintindex":0,"rotation":0,"texture":"#0"},"north":{"uv":[12.25,7.25,13.5,8.25],"tintindex":0,"rotation":0,"texture":"#0"},"west":{"uv":[4.25,11.5,6.0,12.5],"tintindex":0,"rotation":0,"texture":"#0"},"up":{"uv":[12.25,9.0,11.0,7.25],"tintindex":0,"rotation":0,"texture":"#0"},"down":{"uv":[10.0,11.0,8.75,12.75],"tintindex":0,"rotation":0,"texture":"#0"}},"rotation":{"origin":[8.5,-6.8499994,15.25],"angle":22.5,"axis":"x"}}],"display":{"head":{"rotation":[0.0,0.0,0.0]},"firstperson_righthand":{"rotation":[0.0,0.0,0.0]},"thirdperson_lefthand":{"rotation":[0.0,-0.0,-0.0]},"firstperson_lefthand":{"rotation":[0.0,-0.0,-0.0]},"fixed":{"rotation":[0.0,0.0,0.0]},"ground":{"rotation":[0.0,0.0,0.0]},"thirdperson_righthand":{"rotation":[0.0,0.0,0.0]},"gui":{"rotation":[-150.0,-75.0,-180.0]}}}