{"textures":{"0":"modelengine:block/vulture"},"elements":[{"from":[6.5,6.5,-1.5],"to":[9.5,9.75,2.75],"faces":{"east":{"uv":[11.75,12.5,12.75,13.25],"tintindex":0,"rotation":0,"texture":"#0"},"south":{"uv":[12.75,12.5,13.5,13.25],"tintindex":0,"rotation":0,"texture":"#0"},"north":{"uv":[9.25,12.75,10.0,13.5],"tintindex":0,"rotation":0,"texture":"#0"},"west":{"uv":[12.75,2.0,13.75,2.75],"tintindex":0,"rotation":0,"texture":"#0"},"up":{"uv":[13.5,3.75,12.75,2.75],"tintindex":0,"rotation":0,"texture":"#0"},"down":{"uv":[13.5,3.75,12.75,4.75],"tintindex":0,"rotation":0,"texture":"#0"}}},{"from":[5.5,6.5,2.75],"to":[10.5,11.5,9.75],"faces":{"east":{"uv":[11.0,9.0,12.75,10.25],"tintindex":0,"rotation":0,"texture":"#0"},"south":{"uv":[12.0,0.75,13.25,2.0],"tintindex":0,"rotation":0,"texture":"#0"},"north":{"uv":[6.75,9.75,8.0,11.0],"tintindex":0,"rotation":0,"texture":"#0"},"west":{"uv":[10.0,11.0,11.75,12.25],"tintindex":0,"rotation":0,"texture":"#0"},"up":{"uv":[1.25,13.0,0.0,11.25],"tintindex":0,"rotation":0,"texture":"#0"},"down":{"uv":[2.5,11.5,1.25,13.25],"tintindex":0,"rotation":0,"texture":"#0"}}}],"display":{"head":{"rotation":[0.0,0.0,0.0]},"firstperson_righthand":{"rotation":[0.0,0.0,0.0]},"thirdperson_lefthand":{"rotation":[0.0,-0.0,-0.0]},"firstperson_lefthand":{"rotation":[0.0,-0.0,-0.0]},"fixed":{"rotation":[0.0,0.0,0.0]},"ground":{"rotation":[0.0,0.0,0.0]},"thirdperson_righthand":{"rotation":[0.0,0.0,0.0]},"gui":{"rotation":[-150.0,-75.0,-180.0]}}}