{"textures":{"0":"modelengine:block/vulture"},"elements":[{"from":[7.0,3.5979013,5.582882],"to":[8.0,11.597901,18.582882],"faces":{"east":{"uv":[0.0,5.5,3.25,7.5],"tintindex":0,"rotation":0,"texture":"#0"},"south":{"uv":[0.25,13.0,0.5,15.0],"tintindex":0,"rotation":0,"texture":"#0"},"north":{"uv":[0.0,13.0,0.25,15.0],"tintindex":0,"rotation":0,"texture":"#0"},"west":{"uv":[3.25,5.5,6.5,7.5],"tintindex":0,"rotation":0,"texture":"#0"},"up":{"uv":[3.25,15.75,3.0,12.5],"tintindex":0,"rotation":0,"texture":"#0"},"down":{"uv":[3.5,12.5,3.25,15.75],"tintindex":0,"rotation":0,"texture":"#0"}}},{"from":[7.25,2.5979013,5.582882],"to":[7.25,13.5979,21.582882],"faces":{"east":{"uv":[0.0,0.0,4.0,2.75],"tintindex":0,"rotation":0,"texture":"#0"},"west":{"uv":[0.0,2.75,4.0,5.5],"tintindex":0,"rotation":0,"texture":"#0"}}}],"display":{"head":{"rotation":[0.0,0.0,0.0]},"firstperson_righthand":{"rotation":[0.0,0.0,0.0]},"thirdperson_lefthand":{"rotation":[0.0,-0.0,-0.0]},"firstperson_lefthand":{"rotation":[0.0,-0.0,-0.0]},"fixed":{"rotation":[0.0,0.0,0.0]},"ground":{"rotation":[0.0,0.0,0.0]},"thirdperson_righthand":{"rotation":[0.0,0.0,0.0]},"gui":{"rotation":[-150.0,-75.0,-180.0]}}}