{"textures":{"0":"modelengine:block/vulture"},"elements":[{"from":[8.25,3.5979013,6.332882],"to":[9.25,11.597901,19.332882],"faces":{"east":{"uv":[6.5,5.5,9.75,7.5],"tintindex":0,"rotation":0,"texture":"#0"},"south":{"uv":[0.75,13.0,1.0,15.0],"tintindex":0,"rotation":0,"texture":"#0"},"north":{"uv":[0.5,13.0,0.75,15.0],"tintindex":0,"rotation":0,"texture":"#0"},"west":{"uv":[0.0,7.5,3.25,9.5],"tintindex":0,"rotation":0,"texture":"#0"},"up":{"uv":[3.75,15.75,3.5,12.5],"tintindex":0,"rotation":0,"texture":"#0"},"down":{"uv":[4.0,12.5,3.75,15.75],"tintindex":0,"rotation":0,"texture":"#0"}}},{"from":[9.0,2.5979013,6.332882],"to":[9.0,13.5979,22.332882],"faces":{"east":{"uv":[4.0,0.0,8.0,2.75],"tintindex":0,"rotation":0,"texture":"#0"},"west":{"uv":[4.0,2.75,8.0,5.5],"tintindex":0,"rotation":0,"texture":"#0"}}}],"display":{"head":{"rotation":[0.0,0.0,0.0]},"firstperson_righthand":{"rotation":[0.0,0.0,0.0]},"thirdperson_lefthand":{"rotation":[0.0,-0.0,-0.0]},"firstperson_lefthand":{"rotation":[0.0,-0.0,-0.0]},"fixed":{"rotation":[0.0,0.0,0.0]},"ground":{"rotation":[0.0,0.0,0.0]},"thirdperson_righthand":{"rotation":[0.0,0.0,0.0]},"gui":{"rotation":[-150.0,-75.0,-180.0]}}}