{"textures":{"0":"modelengine:block/vulture"},"elements":[{"from":[6.85,1.0999999,8.0],"to":[9.1,9.25,8.0],"faces":{"south":{"uv":[2.5,12.5,3.0,14.5],"tintindex":0,"rotation":0,"texture":"#0"},"north":{"uv":[11.25,12.25,11.75,14.25],"tintindex":0,"rotation":0,"texture":"#0"}}},{"from":[6.95,1.0999999,6.0],"to":[8.95,1.0999999,8.0],"faces":{"up":{"uv":[13.75,1.75,13.25,1.25],"tintindex":0,"rotation":0,"texture":"#0"},"down":{"uv":[2.0,13.25,1.5,13.75],"tintindex":0,"rotation":0,"texture":"#0"}}}],"display":{"head":{"rotation":[0.0,0.0,0.0]},"firstperson_righthand":{"rotation":[0.0,0.0,0.0]},"thirdperson_lefthand":{"rotation":[0.0,-0.0,-0.0]},"firstperson_lefthand":{"rotation":[0.0,-0.0,-0.0]},"fixed":{"rotation":[0.0,0.0,0.0]},"ground":{"rotation":[0.0,0.0,0.0]},"thirdperson_righthand":{"rotation":[0.0,0.0,0.0]},"gui":{"rotation":[-150.0,-75.0,-180.0]}}}