{"textures":{"0":"modelengine:block/vulture"},"elements":[{"from":[3.0,8.5,8.0],"to":[13.0,8.5,17.0],"faces":{"up":{"uv":[5.75,9.75,3.25,7.5],"tintindex":0,"rotation":0,"texture":"#0"},"down":{"uv":[8.25,7.5,5.75,9.75],"tintindex":0,"rotation":0,"texture":"#0"}}},{"from":[4.0,7.25,8.0],"to":[12.0,8.75,14.0],"faces":{"east":{"uv":[4.0,12.5,5.5,13.0],"tintindex":0,"rotation":0,"texture":"#0"},"south":{"uv":[12.25,8.25,14.25,8.75],"tintindex":0,"rotation":0,"texture":"#0"},"north":{"uv":[10.0,5.0,12.0,5.5],"tintindex":0,"rotation":0,"texture":"#0"},"west":{"uv":[6.75,12.5,8.25,13.0],"tintindex":0,"rotation":0,"texture":"#0"},"up":{"uv":[12.0,5.0,10.0,3.5],"tintindex":0,"rotation":0,"texture":"#0"},"down":{"uv":[8.75,11.0,6.75,12.5],"tintindex":0,"rotation":0,"texture":"#0"}}}],"display":{"head":{"rotation":[0.0,0.0,0.0]},"firstperson_righthand":{"rotation":[0.0,0.0,0.0]},"thirdperson_lefthand":{"rotation":[0.0,-0.0,-0.0]},"firstperson_lefthand":{"rotation":[0.0,-0.0,-0.0]},"fixed":{"rotation":[0.0,0.0,0.0]},"ground":{"rotation":[0.0,0.0,0.0]},"thirdperson_righthand":{"rotation":[0.0,0.0,0.0]},"gui":{"rotation":[-150.0,-75.0,-180.0]}}}