{"textures":{"0":"modelengine:block/baby_deer"},"elements":[{"from":[4.7,5.36,1.4000001],"to":[11.3,11.3,14.6],"faces":{"east":{"uv":[0.0,3.25,3.25,4.75],"tintindex":0,"rotation":0,"texture":"#0"},"south":{"uv":[5.25,1.5,7.0,3.0],"tintindex":0,"rotation":0,"texture":"#0"},"north":{"uv":[5.25,0.0,7.0,1.5],"tintindex":0,"rotation":0,"texture":"#0"},"west":{"uv":[3.25,3.25,6.5,4.75],"tintindex":0,"rotation":0,"texture":"#0"},"up":{"uv":[1.75,3.25,0.0,0.0],"tintindex":0,"rotation":0,"texture":"#0"},"down":{"uv":[3.5,0.0,1.75,3.25],"tintindex":0,"rotation":0,"texture":"#0"}}},{"from":[6.68,9.32,14.6],"to":[9.32,12.62,15.92],"faces":{"east":{"uv":[5.0,6.75,5.25,7.5],"tintindex":0,"rotation":0,"texture":"#0"},"south":{"uv":[8.25,2.75,9.0,3.5],"tintindex":0,"rotation":0,"texture":"#0"},"north":{"uv":[8.0,2.0,8.75,2.75],"tintindex":0,"rotation":0,"texture":"#0"},"west":{"uv":[8.0,8.25,8.25,9.0],"tintindex":0,"rotation":0,"texture":"#0"},"up":{"uv":[5.5,3.25,4.75,3.0],"tintindex":0,"rotation":0,"texture":"#0"},"down":{"uv":[6.25,3.0,5.5,3.25],"tintindex":0,"rotation":0,"texture":"#0"}}}],"display":{"head":{"rotation":[0.0,0.0,0.0]},"firstperson_righthand":{"rotation":[0.0,0.0,0.0]},"thirdperson_lefthand":{"rotation":[0.0,-0.0,-0.0]},"firstperson_lefthand":{"rotation":[0.0,-0.0,-0.0]},"fixed":{"rotation":[0.0,0.0,0.0]},"ground":{"rotation":[0.0,0.0,0.0]},"thirdperson_righthand":{"rotation":[0.0,0.0,0.0]},"gui":{"rotation":[-150.0,-75.0,-180.0]}}}