{"textures":{"0":"modelengine:block/baby_deer"},"elements":[{"from":[6.02,13.874,5.1619997],"to":[9.98,17.834,9.122],"faces":{"east":{"uv":[2.5,6.75,3.5,7.75],"tintindex":0,"rotation":0,"texture":"#0"},"south":{"uv":[3.5,6.75,4.5,7.75],"tintindex":0,"rotation":0,"texture":"#0"},"north":{"uv":[1.5,6.75,2.5,7.75],"tintindex":0,"rotation":0,"texture":"#0"},"west":{"uv":[7.0,0.0,8.0,1.0],"tintindex":0,"rotation":0,"texture":"#0"},"up":{"uv":[8.0,2.0,7.0,1.0],"tintindex":0,"rotation":0,"texture":"#0"},"down":{"uv":[8.0,2.0,7.0,3.0],"tintindex":0,"rotation":0,"texture":"#0"}}},{"from":[4.04,15.193999,7.1419997],"to":[6.02,16.514,7.802],"faces":{"east":{"uv":[6.25,3.0,6.5,3.25],"tintindex":0,"rotation":0,"texture":"#0"},"south":{"uv":[8.25,8.25,8.75,8.5],"tintindex":0,"rotation":0,"texture":"#0"},"north":{"uv":[8.25,8.0,8.75,8.25],"tintindex":0,"rotation":0,"texture":"#0"},"west":{"uv":[5.0,7.5,5.25,7.75],"tintindex":0,"rotation":0,"texture":"#0"},"up":{"uv":[0.5,8.75,0.0,8.5],"tintindex":0,"rotation":0,"texture":"#0"},"down":{"uv":[1.0,8.5,0.5,8.75],"tintindex":0,"rotation":0,"texture":"#0"}}},{"from":[9.98,15.193999,7.1419997],"to":[11.96,16.514,7.802],"faces":{"east":{"uv":[7.5,7.75,7.75,8.0],"tintindex":0,"rotation":0,"texture":"#0"},"south":{"uv":[4.5,8.5,5.0,8.75],"tintindex":0,"rotation":0,"texture":"#0"},"north":{"uv":[1.0,8.5,1.5,8.75],"tintindex":0,"rotation":0,"texture":"#0"},"west":{"uv":[8.0,2.75,8.25,3.0],"tintindex":0,"rotation":0,"texture":"#0"},"up":{"uv":[8.75,8.75,8.25,8.5],"tintindex":0,"rotation":0,"texture":"#0"},"down":{"uv":[0.5,8.75,0.0,9.0],"tintindex":0,"rotation":0,"texture":"#0"}}},{"from":[6.68,13.874,3.1820002],"to":[9.32,15.853999,5.1619997],"faces":{"east":{"uv":[4.75,2.0,5.25,2.5],"tintindex":0,"rotation":0,"texture":"#0"},"south":{"uv":[8.25,3.5,9.0,4.0],"tintindex":0,"rotation":0,"texture":"#0"},"north":{"uv":[6.5,4.25,7.25,4.75],"tintindex":0,"rotation":0,"texture":"#0"},"west":{"uv":[4.75,2.5,5.25,3.0],"tintindex":0,"rotation":0,"texture":"#0"},"up":{"uv":[9.0,4.5,8.25,4.0],"tintindex":0,"rotation":0,"texture":"#0"},"down":{"uv":[9.0,4.5,8.25,5.0],"tintindex":0,"rotation":0,"texture":"#0"}}},{"from":[6.35,7.273999,5.1619997],"to":[9.65,13.874,9.122],"faces":{"east":{"uv":[5.25,4.75,6.25,6.5],"tintindex":0,"rotation":0,"texture":"#0"},"south":{"uv":[0.75,6.75,1.5,8.5],"tintindex":0,"rotation":0,"texture":"#0"},"north":{"uv":[0.0,6.75,0.75,8.5],"tintindex":0,"rotation":0,"texture":"#0"},"west":{"uv":[6.25,4.75,7.25,6.5],"tintindex":0,"rotation":0,"texture":"#0"},"up":{"uv":[8.75,1.0,8.0,0.0],"tintindex":0,"rotation":0,"texture":"#0"},"down":{"uv":[8.75,1.0,8.0,2.0],"tintindex":0,"rotation":0,"texture":"#0"}}}],"display":{"head":{"rotation":[0.0,0.0,0.0]},"firstperson_righthand":{"rotation":[0.0,0.0,0.0]},"thirdperson_lefthand":{"rotation":[0.0,-0.0,-0.0]},"firstperson_lefthand":{"rotation":[0.0,-0.0,-0.0]},"fixed":{"rotation":[0.0,0.0,0.0]},"ground":{"rotation":[0.0,0.0,0.0]},"thirdperson_righthand":{"rotation":[0.0,0.0,0.0]},"gui":{"rotation":[-150.0,-75.0,-180.0]}}}