{"textures":{"0":"modelengine:block/baby_deer"},"elements":[{"from":[7.0099998,1.0700002,7.01],"to":[8.99,8.33,8.99],"faces":{"east":{"uv":[3.0,7.75,3.5,9.5],"tintindex":0,"rotation":0,"texture":"#0"},"south":{"uv":[7.75,3.0,8.25,4.75],"tintindex":0,"rotation":0,"texture":"#0"},"north":{"uv":[2.5,7.75,3.0,9.5],"tintindex":0,"rotation":0,"texture":"#0"},"west":{"uv":[3.5,7.75,4.0,9.5],"tintindex":0,"rotation":0,"texture":"#0"},"up":{"uv":[8.75,6.0,8.25,5.5],"tintindex":0,"rotation":0,"texture":"#0"},"down":{"uv":[8.75,6.0,8.25,6.5],"tintindex":0,"rotation":0,"texture":"#0"}}}],"display":{"head":{"rotation":[0.0,0.0,0.0]},"firstperson_righthand":{"rotation":[0.0,0.0,0.0]},"thirdperson_lefthand":{"rotation":[0.0,-0.0,-0.0]},"firstperson_lefthand":{"rotation":[0.0,-0.0,-0.0]},"fixed":{"rotation":[0.0,0.0,0.0]},"ground":{"rotation":[0.0,0.0,0.0]},"thirdperson_righthand":{"rotation":[0.0,0.0,0.0]},"gui":{"rotation":[-150.0,-75.0,-180.0]}}}