{"textures":{"0":"modelengine:block/baby_deer"},"elements":[{"from":[4.007826,10.572838,5.1678443],"to":[4.007826,15.8528385,10.447844],"faces":{"east":{"uv":[5.25,6.5,6.5,7.75],"tintindex":0,"rotation":0,"texture":"#0"},"west":{"uv":[6.5,6.5,7.75,7.75],"tintindex":0,"rotation":0,"texture":"#0"}}},{"from":[1.367826,7.2728386,7.807844],"to":[8.627826,15.192839,7.807844],"faces":{"south":{"uv":[3.5,4.75,5.25,6.75],"tintindex":0,"rotation":0,"texture":"#0"},"north":{"uv":[1.75,4.75,3.5,6.75],"tintindex":0,"rotation":0,"texture":"#0"}}}],"display":{"head":{"rotation":[0.0,0.0,0.0]},"firstperson_righthand":{"rotation":[0.0,0.0,0.0]},"thirdperson_lefthand":{"rotation":[0.0,-0.0,-0.0]},"firstperson_lefthand":{"rotation":[0.0,-0.0,-0.0]},"fixed":{"rotation":[0.0,0.0,0.0]},"ground":{"rotation":[0.0,0.0,0.0]},"thirdperson_righthand":{"rotation":[0.0,0.0,0.0]},"gui":{"rotation":[-150.0,-75.0,-180.0]}}}