{"textures":{"0":"modelengine:block/baby_deer"},"elements":[{"from":[12.652174,10.572838,5.1678443],"to":[12.652174,15.8528385,10.447844],"faces":{"east":{"uv":[3.5,2.0,4.75,3.25],"tintindex":0,"rotation":0,"texture":"#0"},"west":{"uv":[6.5,3.0,7.75,4.25],"tintindex":0,"rotation":0,"texture":"#0"}}},{"from":[7.3721743,7.2728386,7.807844],"to":[14.632174,15.192839,7.807844],"faces":{"south":{"uv":[0.0,4.75,1.75,6.75],"tintindex":0,"rotation":0,"texture":"#0"},"north":{"uv":[3.5,0.0,5.25,2.0],"tintindex":0,"rotation":0,"texture":"#0"}}}],"display":{"head":{"rotation":[0.0,0.0,0.0]},"firstperson_righthand":{"rotation":[0.0,0.0,0.0]},"thirdperson_lefthand":{"rotation":[0.0,-0.0,-0.0]},"firstperson_lefthand":{"rotation":[0.0,-0.0,-0.0]},"fixed":{"rotation":[0.0,0.0,0.0]},"ground":{"rotation":[0.0,0.0,0.0]},"thirdperson_righthand":{"rotation":[0.0,0.0,0.0]},"gui":{"rotation":[-150.0,-75.0,-180.0]}}}