{"textures":{"0":"modelengine:block/baby_deer"},"elements":[{"from":[7.01,1.0700002,7.0099998],"to":[8.99,8.33,8.99],"faces":{"east":{"uv":[7.75,4.75,8.25,6.5],"tintindex":0,"rotation":0,"texture":"#0"},"south":{"uv":[5.0,7.75,5.5,9.5],"tintindex":0,"rotation":0,"texture":"#0"},"north":{"uv":[4.0,7.75,4.5,9.5],"tintindex":0,"rotation":0,"texture":"#0"},"west":{"uv":[5.5,7.75,6.0,9.5],"tintindex":0,"rotation":0,"texture":"#0"},"up":{"uv":[8.75,7.0,8.25,6.5],"tintindex":0,"rotation":0,"texture":"#0"},"down":{"uv":[8.75,7.0,8.25,7.5],"tintindex":0,"rotation":0,"texture":"#0"}}}],"display":{"head":{"rotation":[0.0,0.0,0.0]},"firstperson_righthand":{"rotation":[0.0,0.0,0.0]},"thirdperson_lefthand":{"rotation":[0.0,-0.0,-0.0]},"firstperson_lefthand":{"rotation":[0.0,-0.0,-0.0]},"fixed":{"rotation":[0.0,0.0,0.0]},"ground":{"rotation":[0.0,0.0,0.0]},"thirdperson_righthand":{"rotation":[0.0,0.0,0.0]},"gui":{"rotation":[-150.0,-75.0,-180.0]}}}