{"textures":{"1":"modelengine:block/qmob_mobuluseyes"},"elements":[{"from":[4.0,8.5,0.9899998],"to":[12.0,11.5,0.9899998],"faces":{"south":{"uv":[0.0,3.0,8.0,6.0],"tintindex":0,"rotation":0,"texture":"#1"},"north":{"uv":[0.0,0.0,8.0,3.0],"tintindex":0,"rotation":0,"texture":"#1"}}},{"from":[3.9899998,8.5,0.9899998],"to":[3.9899998,11.5,1.9899998],"faces":{"east":{"uv":[2.0,6.0,3.0,9.0],"tintindex":0,"rotation":0,"texture":"#1"},"west":{"uv":[3.0,6.0,4.0,9.0],"tintindex":0,"rotation":0,"texture":"#1"}}},{"from":[12.0,8.5,0.9899998],"to":[12.0,11.5,1.9899998],"faces":{"east":{"uv":[0.0,6.0,1.0,9.0],"tintindex":0,"rotation":0,"texture":"#1"},"west":{"uv":[1.0,6.0,2.0,9.0],"tintindex":0,"rotation":0,"texture":"#1"}}}],"display":{"head":{"rotation":[0.0,0.0,0.0]},"firstperson_righthand":{"rotation":[0.0,0.0,0.0]},"thirdperson_lefthand":{"rotation":[0.0,-0.0,-0.0]},"firstperson_lefthand":{"rotation":[0.0,-0.0,-0.0]},"fixed":{"rotation":[0.0,0.0,0.0]},"ground":{"rotation":[0.0,0.0,0.0]},"thirdperson_righthand":{"rotation":[0.0,0.0,0.0]},"gui":{"rotation":[-150.0,-75.0,-180.0]}}}