{"textures":{"0":"modelengine:block/qmob_mobulus"},"elements":[{"from":[5.0,7.0,7.125],"to":[11.0,9.0,12.125],"faces":{"east":{"uv":[9.0,6.0,10.25,6.5],"tintindex":0,"rotation":0,"texture":"#0"},"south":{"uv":[7.5,8.75,9.0,9.25],"tintindex":0,"rotation":0,"texture":"#0"},"north":{"uv":[6.0,8.75,7.5,9.25],"tintindex":0,"rotation":0,"texture":"#0"},"west":{"uv":[9.0,6.5,10.25,7.0],"tintindex":0,"rotation":0,"texture":"#0"},"up":{"uv":[3.5,9.25,2.0,8.0],"tintindex":0,"rotation":0,"texture":"#0"},"down":{"uv":[5.0,8.0,3.5,9.25],"tintindex":0,"rotation":0,"texture":"#0"}}},{"from":[3.0,9.0,14.125],"to":[13.0,9.01,26.125],"faces":{"up":{"uv":[6.0,3.0,3.5,0.0],"tintindex":0,"rotation":0,"texture":"#0"},"down":{"uv":[6.0,3.0,3.5,6.0],"tintindex":0,"rotation":0,"texture":"#0"}}},{"from":[3.0,8.0,8.125],"to":[13.0,8.0,14.125],"faces":{"up":{"uv":[8.5,4.5,6.0,3.0],"tintindex":0,"rotation":0,"texture":"#0"},"down":{"uv":[8.5,4.5,6.0,6.0],"tintindex":0,"rotation":0,"texture":"#0"}}},{"from":[7.0,7.0,12.125],"to":[9.0,9.0,20.125],"faces":{"east":{"uv":[8.5,3.5,10.5,4.0],"tintindex":0,"rotation":0,"texture":"#0"},"south":{"uv":[2.0,9.25,2.5,9.75],"tintindex":0,"rotation":0,"texture":"#0"},"north":{"uv":[9.0,9.0,9.5,9.5],"tintindex":0,"rotation":0,"texture":"#0"},"west":{"uv":[8.5,4.0,10.5,4.5],"tintindex":0,"rotation":0,"texture":"#0"},"up":{"uv":[5.5,10.75,5.0,8.75],"tintindex":0,"rotation":0,"texture":"#0"},"down":{"uv":[6.0,8.75,5.5,10.75],"tintindex":0,"rotation":0,"texture":"#0"}}}],"display":{"head":{"rotation":[0.0,0.0,0.0]},"firstperson_righthand":{"rotation":[0.0,0.0,0.0]},"thirdperson_lefthand":{"rotation":[0.0,-0.0,-0.0]},"firstperson_lefthand":{"rotation":[0.0,-0.0,-0.0]},"fixed":{"rotation":[0.0,0.0,0.0]},"ground":{"rotation":[0.0,0.0,0.0]},"thirdperson_righthand":{"rotation":[0.0,0.0,0.0]},"gui":{"rotation":[-150.0,-75.0,-180.0]}}}