{"textures":{"0":"modelengine:block/qmob_mobulus"},"elements":[{"from":[3.0,8.0,3.0],"to":[13.0,12.0,11.0],"faces":{"east":{"uv":[7.0,6.0,9.0,7.0],"tintindex":0,"rotation":0,"texture":"#0"},"south":{"uv":[4.5,7.0,7.0,8.0],"tintindex":0,"rotation":0,"texture":"#0"},"north":{"uv":[2.0,7.0,4.5,8.0],"tintindex":0,"rotation":0,"texture":"#0"},"west":{"uv":[7.0,7.0,9.0,8.0],"tintindex":0,"rotation":0,"texture":"#0"},"up":{"uv":[2.5,7.0,0.0,5.0],"tintindex":0,"rotation":0,"texture":"#0"},"down":{"uv":[8.5,0.0,6.0,2.0],"tintindex":0,"rotation":0,"texture":"#0"}}},{"from":[4.0,8.5,1.0],"to":[12.0,11.5,3.0],"faces":{"east":{"uv":[9.0,7.5,9.5,8.25],"tintindex":0,"rotation":0,"texture":"#0"},"south":{"uv":[7.0,8.0,9.0,8.75],"tintindex":0,"rotation":0,"texture":"#0"},"north":{"uv":[5.0,8.0,7.0,8.75],"tintindex":0,"rotation":0,"texture":"#0"},"west":{"uv":[9.0,8.25,9.5,9.0],"tintindex":0,"rotation":0,"texture":"#0"},"up":{"uv":[10.5,5.0,8.5,4.5],"tintindex":0,"rotation":0,"texture":"#0"},"down":{"uv":[10.5,5.0,8.5,5.5],"tintindex":0,"rotation":0,"texture":"#0"}}}],"display":{"head":{"rotation":[0.0,0.0,0.0]},"firstperson_righthand":{"rotation":[0.0,0.0,0.0]},"thirdperson_lefthand":{"rotation":[0.0,-0.0,-0.0]},"firstperson_lefthand":{"rotation":[0.0,-0.0,-0.0]},"fixed":{"rotation":[0.0,0.0,0.0]},"ground":{"rotation":[0.0,0.0,0.0]},"thirdperson_righthand":{"rotation":[0.0,0.0,0.0]},"gui":{"rotation":[-150.0,-75.0,-180.0]}}}