{"textures":{"0":"modelengine:block/qmob_mobulus"},"elements":[{"from":[8.0,6.75,3.0],"to":[12.0,8.75,13.0],"faces":{"east":{"uv":[8.5,1.5,11.0,2.0],"tintindex":0,"rotation":0,"texture":"#0"},"south":{"uv":[2.5,5.5,3.5,6.0],"tintindex":0,"rotation":0,"texture":"#0"},"north":{"uv":[2.5,5.0,3.5,5.5],"tintindex":0,"rotation":0,"texture":"#0"},"west":{"uv":[8.5,3.0,11.0,3.5],"tintindex":0,"rotation":0,"texture":"#0"},"up":{"uv":[1.0,9.5,0.0,7.0],"tintindex":0,"rotation":0,"texture":"#0"},"down":{"uv":[2.0,7.0,1.0,9.5],"tintindex":0,"rotation":0,"texture":"#0"}}},{"from":[12.0,7.75,3.0],"to":[26.0,8.75,13.0],"faces":{"east":{"uv":[9.0,7.0,11.5,7.25],"tintindex":0,"rotation":0,"texture":"#0"},"south":{"uv":[8.5,5.75,12.0,6.0],"tintindex":0,"rotation":0,"texture":"#0"},"north":{"uv":[8.5,5.5,12.0,5.75],"tintindex":0,"rotation":0,"texture":"#0"},"west":{"uv":[9.0,7.25,11.5,7.5],"tintindex":0,"rotation":0,"texture":"#0"},"up":{"uv":[3.5,2.5,0.0,0.0],"tintindex":0,"rotation":0,"texture":"#0"},"down":{"uv":[3.5,2.5,0.0,5.0],"tintindex":0,"rotation":0,"texture":"#0"}}},{"from":[8.0,8.75,13.0],"to":[26.0,8.76,17.0],"faces":{"up":{"uv":[10.5,3.0,6.0,2.0],"tintindex":0,"rotation":0,"texture":"#0"},"down":{"uv":[7.0,6.0,2.5,7.0],"tintindex":0,"rotation":0,"texture":"#0"}}}],"display":{"head":{"rotation":[0.0,0.0,0.0]},"firstperson_righthand":{"rotation":[0.0,0.0,0.0]},"thirdperson_lefthand":{"rotation":[0.0,-0.0,-0.0]},"firstperson_lefthand":{"rotation":[0.0,-0.0,-0.0]},"fixed":{"rotation":[0.0,0.0,0.0]},"ground":{"rotation":[0.0,0.0,0.0]},"thirdperson_righthand":{"rotation":[0.0,0.0,0.0]},"gui":{"rotation":[-150.0,-75.0,-180.0]}}}