{"textures":{"0":"modelengine:block/qmob_mobulus"},"elements":[{"from":[-10.0,7.75,3.0],"to":[4.0,8.75,13.0],"faces":{"east":{"uv":[11.5,7.25,9.0,7.5],"tintindex":0,"rotation":0,"texture":"#0"},"south":{"uv":[12.0,5.75,8.5,6.0],"tintindex":0,"rotation":0,"texture":"#0"},"north":{"uv":[12.0,5.5,8.5,5.75],"tintindex":0,"rotation":0,"texture":"#0"},"west":{"uv":[11.5,7.0,9.0,7.25],"tintindex":0,"rotation":0,"texture":"#0"},"up":{"uv":[0.0,2.5,3.5,0.0],"tintindex":0,"rotation":0,"texture":"#0"},"down":{"uv":[0.0,2.5,3.5,5.0],"tintindex":0,"rotation":0,"texture":"#0"}}},{"from":[-10.0,8.75,13.0],"to":[8.0,8.76,17.0],"faces":{"up":{"uv":[6.0,3.0,10.5,2.0],"tintindex":0,"rotation":0,"texture":"#0"},"down":{"uv":[2.5,6.0,7.0,7.0],"tintindex":0,"rotation":0,"texture":"#0"}}},{"from":[4.0,6.75,3.0],"to":[8.0,8.75,13.0],"faces":{"east":{"uv":[11.0,3.0,8.5,3.5],"tintindex":0,"rotation":0,"texture":"#0"},"south":{"uv":[3.5,5.5,2.5,6.0],"tintindex":0,"rotation":0,"texture":"#0"},"north":{"uv":[3.5,5.0,2.5,5.5],"tintindex":0,"rotation":0,"texture":"#0"},"west":{"uv":[11.0,1.5,8.5,2.0],"tintindex":0,"rotation":0,"texture":"#0"},"up":{"uv":[0.0,9.5,1.0,7.0],"tintindex":0,"rotation":0,"texture":"#0"},"down":{"uv":[1.0,7.0,2.0,9.5],"tintindex":0,"rotation":0,"texture":"#0"}}}],"display":{"head":{"rotation":[0.0,0.0,0.0]},"firstperson_righthand":{"rotation":[0.0,0.0,0.0]},"thirdperson_lefthand":{"rotation":[0.0,-0.0,-0.0]},"firstperson_lefthand":{"rotation":[0.0,-0.0,-0.0]},"fixed":{"rotation":[0.0,0.0,0.0]},"ground":{"rotation":[0.0,0.0,0.0]},"thirdperson_righthand":{"rotation":[0.0,0.0,0.0]},"gui":{"rotation":[-150.0,-75.0,-180.0]}}}