{"textures":{"0":"modelengine:entity/swamp_enderman"},"elements":[{"from":[4.0,8.0,6.0],"to":[12.0,19.0,10.0],"faces":{"east":{"uv":[4.0,0.5,4.5,1.875],"tintindex":0,"rotation":0,"texture":"#0"},"south":{"uv":[6.0,0.5,7.0,1.875],"tintindex":0,"rotation":0,"texture":"#0"},"north":{"uv":[4.5,0.5,5.5,1.875],"tintindex":0,"rotation":0,"texture":"#0"},"west":{"uv":[5.5,0.5,6.0,1.875],"tintindex":0,"rotation":0,"texture":"#0"},"up":{"uv":[5.5,0.5,4.5,0.0],"tintindex":0,"rotation":0,"texture":"#0"},"down":{"uv":[6.5,0.0,5.5,0.5],"tintindex":0,"rotation":0,"texture":"#0"}}}],"display":{"head":{"rotation":[0.0,0.0,0.0]},"firstperson_righthand":{"rotation":[0.0,0.0,0.0]},"thirdperson_lefthand":{"rotation":[0.0,-0.0,-0.0]},"firstperson_lefthand":{"rotation":[0.0,-0.0,-0.0]},"fixed":{"rotation":[0.0,0.0,0.0]},"ground":{"rotation":[0.0,0.0,0.0]},"thirdperson_righthand":{"rotation":[0.0,0.0,0.0]},"gui":{"rotation":[-150.0,-75.0,-180.0]}}}