{"textures":{"0":"modelengine:entity/swamp_enderman"},"elements":[{"from":[11.5,8.0,4.5],"to":[11.5,18.0,11.5],"faces":{"east":{"uv":[2.0,3.25,2.875,4.5],"tintindex":0,"rotation":0,"texture":"#0"},"west":{"uv":[2.875,3.25,2.0,4.5],"tintindex":0,"rotation":0,"texture":"#0"}}},{"from":[4.5,8.0,4.5],"to":[11.5,18.0,4.5],"faces":{"south":{"uv":[2.875,3.25,3.75,4.5],"tintindex":0,"rotation":0,"texture":"#0"},"north":{"uv":[2.875,3.25,3.75,4.5],"tintindex":0,"rotation":0,"texture":"#0"}}},{"from":[4.5,8.0,4.5],"to":[4.5,18.0,11.5],"faces":{"east":{"uv":[4.625,3.25,3.75,4.5],"tintindex":0,"rotation":0,"texture":"#0"},"west":{"uv":[3.75,3.25,4.625,4.5],"tintindex":0,"rotation":0,"texture":"#0"}}},{"from":[4.5,8.0,11.5],"to":[11.5,18.0,11.5],"faces":{"south":{"uv":[4.625,3.25,5.5,4.5],"tintindex":0,"rotation":0,"texture":"#0"},"north":{"uv":[4.625,3.25,5.5,4.5],"tintindex":0,"rotation":0,"texture":"#0"}}},{"from":[4.5,8.0,4.5],"to":[11.5,8.0,11.5],"faces":{"up":{"uv":[4.625,3.25,3.75,2.375],"tintindex":0,"rotation":0,"texture":"#0"},"down":{"uv":[4.625,2.375,3.75,3.25],"tintindex":0,"rotation":0,"texture":"#0"}}}],"display":{"head":{"rotation":[0.0,0.0,0.0]},"firstperson_righthand":{"rotation":[0.0,0.0,0.0]},"thirdperson_lefthand":{"rotation":[0.0,-0.0,-0.0]},"firstperson_lefthand":{"rotation":[0.0,-0.0,-0.0]},"fixed":{"rotation":[0.0,0.0,0.0]},"ground":{"rotation":[0.0,0.0,0.0]},"thirdperson_righthand":{"rotation":[0.0,0.0,0.0]},"gui":{"rotation":[-150.0,-75.0,-180.0]}}}