{"textures":{"0":"modelengine:entity/swamp_enderman"},"elements":[{"from":[4.0,13.0,4.0],"to":[12.0,13.0,12.0],"faces":{"up":{"uv":[3.0,9.375,2.0,8.375],"tintindex":0,"rotation":0,"texture":"#0"},"down":{"uv":[4.0,8.375,3.0,9.375],"tintindex":0,"rotation":0,"texture":"#0"}}},{"from":[4.0,8.0,4.0],"to":[12.0,8.0,12.0],"faces":{"up":{"uv":[3.0,1.0,2.0,0.0],"tintindex":0,"rotation":0,"texture":"#0"},"down":{"uv":[3.0,0.0,2.0,1.0],"tintindex":0,"rotation":0,"texture":"#0"}}},{"from":[4.0,8.0,4.0],"to":[4.0,19.0,12.0],"faces":{"east":{"uv":[3.0,1.0,2.0,2.375],"tintindex":0,"rotation":0,"texture":"#0"},"west":{"uv":[2.0,1.0,3.0,2.375],"tintindex":0,"rotation":0,"texture":"#0"}}},{"from":[4.0,8.0,12.0],"to":[12.0,19.0,12.0],"faces":{"south":{"uv":[3.0,1.0,4.0,2.375],"tintindex":0,"rotation":0,"texture":"#0"},"north":{"uv":[4.0,1.0,3.0,2.375],"tintindex":0,"rotation":0,"texture":"#0"}}},{"from":[12.0,8.0,4.0],"to":[12.0,19.0,12.0],"faces":{"east":{"uv":[3.0,1.0,2.0,2.375],"tintindex":0,"rotation":0,"texture":"#0"},"west":{"uv":[2.0,1.0,3.0,2.375],"tintindex":0,"rotation":0,"texture":"#0"}}},{"from":[4.0,8.0,4.0],"to":[12.0,19.0,4.0],"faces":{"south":{"uv":[1.0,1.0,2.0,2.375],"tintindex":0,"rotation":0,"texture":"#0"},"north":{"uv":[1.0,1.0,2.0,2.375],"tintindex":0,"rotation":0,"texture":"#0"}}},{"from":[12.0,13.0,8.0],"to":[15.0,17.0,8.0],"faces":{"south":{"uv":[2.375,2.375,2.75,2.875],"tintindex":0,"rotation":0,"texture":"#0"},"north":{"uv":[2.0,2.375,2.375,2.875],"tintindex":0,"rotation":0,"texture":"#0"}}}],"display":{"head":{"rotation":[0.0,0.0,0.0]},"firstperson_righthand":{"rotation":[0.0,0.0,0.0]},"thirdperson_lefthand":{"rotation":[0.0,-0.0,-0.0]},"firstperson_lefthand":{"rotation":[0.0,-0.0,-0.0]},"fixed":{"rotation":[0.0,0.0,0.0]},"ground":{"rotation":[0.0,0.0,0.0]},"thirdperson_righthand":{"rotation":[0.0,0.0,0.0]},"gui":{"rotation":[-150.0,-75.0,-180.0]}}}