{"textures":{"0":"modelengine:entity/swamp_enderman"},"elements":[{"from":[5.0,7.5,8.0],"to":[8.5,11.5,8.0],"faces":{"south":{"uv":[4.875,4.5,4.0,5.5],"tintindex":0,"rotation":0,"texture":"#0"},"north":{"uv":[4.0,4.5,4.875,5.5],"tintindex":0,"rotation":0,"texture":"#0"}}},{"from":[7.5,-5.500001,7.5],"to":[8.5,9.0,8.5],"faces":{"east":{"uv":[2.0,4.75,2.25,8.375],"tintindex":0,"rotation":0,"texture":"#0"},"south":{"uv":[2.75,4.75,3.0,8.375],"tintindex":0,"rotation":0,"texture":"#0"},"north":{"uv":[2.25,4.75,2.5,8.375],"tintindex":0,"rotation":0,"texture":"#0"},"west":{"uv":[2.5,4.75,2.75,8.375],"tintindex":0,"rotation":0,"texture":"#0"},"up":{"uv":[2.5,4.75,2.25,4.5],"tintindex":0,"rotation":0,"texture":"#0"},"down":{"uv":[2.75,4.5,2.5,4.75],"tintindex":0,"rotation":0,"texture":"#0"}}}],"display":{"head":{"rotation":[0.0,0.0,0.0]},"firstperson_righthand":{"rotation":[0.0,0.0,0.0]},"thirdperson_lefthand":{"rotation":[0.0,-0.0,-0.0]},"firstperson_lefthand":{"rotation":[0.0,-0.0,-0.0]},"fixed":{"rotation":[0.0,0.0,0.0]},"ground":{"rotation":[0.0,0.0,0.0]},"thirdperson_righthand":{"rotation":[0.0,0.0,0.0]},"gui":{"rotation":[-150.0,-75.0,-180.0]}}}