{"textures":{"0":"modelengine:entity/swamp_enderman"},"elements":[{"from":[8.5,3.0,8.0],"to":[10.0,6.0,8.0],"faces":{"south":{"uv":[0.375,0.0,0.0,0.75],"tintindex":0,"rotation":0,"texture":"#0"},"north":{"uv":[0.0,0.0,0.375,0.75],"tintindex":0,"rotation":0,"texture":"#0"}}},{"from":[7.5,-5.5,7.5],"to":[8.5,9.0,8.5],"faces":{"east":{"uv":[3.0,4.75,3.25,8.375],"tintindex":0,"rotation":0,"texture":"#0"},"south":{"uv":[3.75,4.75,4.0,8.375],"tintindex":0,"rotation":0,"texture":"#0"},"north":{"uv":[3.25,4.75,3.5,8.375],"tintindex":0,"rotation":0,"texture":"#0"},"west":{"uv":[3.5,4.75,3.75,8.375],"tintindex":0,"rotation":0,"texture":"#0"},"up":{"uv":[3.5,4.75,3.25,4.5],"tintindex":0,"rotation":0,"texture":"#0"},"down":{"uv":[3.75,4.5,3.5,4.75],"tintindex":0,"rotation":0,"texture":"#0"}}}],"display":{"head":{"rotation":[0.0,0.0,0.0]},"firstperson_righthand":{"rotation":[0.0,0.0,0.0]},"thirdperson_lefthand":{"rotation":[0.0,-0.0,-0.0]},"firstperson_lefthand":{"rotation":[0.0,-0.0,-0.0]},"fixed":{"rotation":[0.0,0.0,0.0]},"ground":{"rotation":[0.0,0.0,0.0]},"thirdperson_righthand":{"rotation":[0.0,0.0,0.0]},"gui":{"rotation":[-150.0,-75.0,-180.0]}}}