{"textures":{"0":"modelengine:block/copper_golem_2"},"elements":[{"from":[5.670234,0.2607026,6.566797],"to":[7.6767187,8.859921,9.146563],"faces":{"east":{"uv":[5.0,6.0,4.5,8.0],"tintindex":0,"rotation":0,"texture":"#0"},"south":{"uv":[5.5,6.0,5.0,8.0],"tintindex":0,"rotation":0,"texture":"#0"},"north":{"uv":[4.5,6.0,4.0,8.0],"tintindex":0,"rotation":0,"texture":"#0"},"west":{"uv":[4.0,6.0,3.5,8.0],"tintindex":0,"rotation":0,"texture":"#0"},"up":{"uv":[4.0,6.0,4.5,5.5],"tintindex":0,"rotation":0,"texture":"#0"},"down":{"uv":[4.5,5.5,5.0,6.0],"tintindex":0,"rotation":0,"texture":"#0"}}}],"display":{"head":{"rotation":[0.0,0.0,0.0]},"firstperson_righthand":{"rotation":[0.0,0.0,0.0]},"thirdperson_lefthand":{"rotation":[0.0,-0.0,-0.0]},"firstperson_lefthand":{"rotation":[0.0,-0.0,-0.0]},"fixed":{"rotation":[0.0,0.0,0.0]},"ground":{"rotation":[0.0,0.0,0.0]},"thirdperson_righthand":{"rotation":[0.0,0.0,0.0]},"gui":{"rotation":[-150.0,-75.0,-180.0]}}}