{"textures":{"0":"modelengine:block/crab"},"elements":[{"from":[9.5,6.25,6.0],"to":[14.5,8.0,10.0],"faces":{"east":{"uv":[0.5,9.5,1.5,10.0],"tintindex":0,"rotation":0,"texture":"#0"},"south":{"uv":[10.75,1.25,9.5,1.75],"tintindex":0,"rotation":0,"texture":"#0"},"north":{"uv":[9.5,1.25,10.75,1.75],"tintindex":0,"rotation":0,"texture":"#0"},"west":{"uv":[4.0,9.5,5.0,10.0],"tintindex":0,"rotation":0,"texture":"#0"},"up":{"uv":[2.75,9.75,1.5,8.75],"tintindex":0,"rotation":0,"texture":"#0"},"down":{"uv":[4.0,8.75,2.75,9.75],"tintindex":0,"rotation":0,"texture":"#0"}}},{"from":[9.25,7.0,5.75],"to":[14.75,9.75,10.25],"faces":{"east":{"uv":[4.0,8.75,5.25,9.5],"tintindex":0,"rotation":0,"texture":"#0"},"south":{"uv":[10.25,3.0,8.75,3.75],"tintindex":0,"rotation":0,"texture":"#0"},"north":{"uv":[8.75,3.0,10.25,3.75],"tintindex":0,"rotation":0,"texture":"#0"},"west":{"uv":[8.75,4.5,10.0,5.25],"tintindex":0,"rotation":0,"texture":"#0"},"up":{"uv":[6.75,8.75,5.25,7.5],"tintindex":0,"rotation":0,"texture":"#0"},"down":{"uv":[8.25,8.0,6.75,9.25],"tintindex":0,"rotation":0,"texture":"#0"}}}],"display":{"head":{"rotation":[0.0,0.0,0.0]},"firstperson_righthand":{"rotation":[0.0,0.0,0.0]},"thirdperson_lefthand":{"rotation":[0.0,-0.0,-0.0]},"firstperson_lefthand":{"rotation":[0.0,-0.0,-0.0]},"fixed":{"rotation":[0.0,0.0,0.0]},"ground":{"rotation":[0.0,0.0,0.0]},"thirdperson_righthand":{"rotation":[0.0,0.0,0.0]},"gui":{"rotation":[-150.0,-75.0,-180.0]}}}