{"textures":{"0":"modelengine:block/crab"},"elements":[{"from":[8.0,8.0,7.0],"to":[11.0,8.0,9.0],"faces":{"up":{"uv":[10.25,5.75,9.5,5.25],"tintindex":0,"rotation":0,"texture":"#0"},"down":{"uv":[9.5,5.75,10.25,6.25],"tintindex":0,"rotation":0,"texture":"#0"}}},{"from":[11.75,-1.125,7.0],"to":[11.75,3.875,9.0],"faces":{"east":{"uv":[5.75,8.75,6.25,10.0],"tintindex":0,"rotation":0,"texture":"#0"},"west":{"uv":[5.25,8.75,5.75,10.0],"tintindex":0,"rotation":0,"texture":"#0"}},"rotation":{"origin":[1.0,4.0,13.0],"angle":22.5,"axis":"z"}}],"display":{"head":{"rotation":[0.0,0.0,0.0]},"firstperson_righthand":{"rotation":[0.0,0.0,0.0]},"thirdperson_lefthand":{"rotation":[0.0,-0.0,-0.0]},"firstperson_lefthand":{"rotation":[0.0,-0.0,-0.0]},"fixed":{"rotation":[0.0,0.0,0.0]},"ground":{"rotation":[0.0,0.0,0.0]},"thirdperson_righthand":{"rotation":[0.0,0.0,0.0]},"gui":{"rotation":[-150.0,-75.0,-180.0]}}}