{"textures":{"0":"modelengine:entity/ice_skeleton"},"elements":[{"from":[6.7071066,5.7928925,8.0],"to":[10.707107,10.792892,8.0],"faces":{"south":{"uv":[1.0,0.0,2.0,1.25],"tintindex":0,"rotation":0,"texture":"#0"},"north":{"uv":[0.0,0.0,1.0,1.25],"tintindex":0,"rotation":0,"texture":"#0"}},"rotation":{"origin":[8.707107,7.2928925,8.0],"angle":45.0,"axis":"z"}}],"display":{"head":{"rotation":[0.0,0.0,0.0]},"firstperson_righthand":{"rotation":[0.0,0.0,0.0]},"thirdperson_lefthand":{"rotation":[0.0,-0.0,-0.0]},"firstperson_lefthand":{"rotation":[0.0,-0.0,-0.0]},"fixed":{"rotation":[0.0,0.0,0.0]},"ground":{"rotation":[0.0,0.0,0.0]},"thirdperson_righthand":{"rotation":[0.0,0.0,0.0]},"gui":{"rotation":[-150.0,-75.0,-180.0]}}}