{"textures":{"0":"modelengine:entity/ice_skeleton"},"elements":[{"from":[4.0,10.0,4.0],"to":[12.0,16.0,12.0],"faces":{"east":{"uv":[0.0,2.0,2.0,3.5],"tintindex":0,"rotation":0,"texture":"#0"},"south":{"uv":[6.0,2.0,8.0,3.5],"tintindex":0,"rotation":0,"texture":"#0"},"north":{"uv":[2.0,2.0,4.0,3.5],"tintindex":0,"rotation":0,"texture":"#0"},"west":{"uv":[4.0,2.0,6.0,3.5],"tintindex":0,"rotation":0,"texture":"#0"},"up":{"uv":[4.0,2.0,2.0,0.0],"tintindex":0,"rotation":0,"texture":"#0"},"down":{"uv":[6.0,0.0,4.0,2.0],"tintindex":0,"rotation":0,"texture":"#0"}}},{"from":[3.5,7.5,3.5],"to":[12.5,16.5,12.5],"faces":{"east":{"uv":[8.0,2.0,10.0,4.0],"tintindex":0,"rotation":0,"texture":"#0"},"south":{"uv":[14.0,2.0,16.0,4.0],"tintindex":0,"rotation":0,"texture":"#0"},"north":{"uv":[10.0,2.0,12.0,4.0],"tintindex":0,"rotation":0,"texture":"#0"},"west":{"uv":[12.0,2.0,14.0,4.0],"tintindex":0,"rotation":0,"texture":"#0"},"up":{"uv":[12.0,2.0,10.0,0.0],"tintindex":0,"rotation":0,"texture":"#0"},"down":{"uv":[14.0,0.0,12.0,2.0],"tintindex":0,"rotation":0,"texture":"#0"}}},{"from":[4.5,8.0,4.0],"to":[11.5,10.0,12.0],"faces":{"east":{"uv":[0.25,10.0,2.25,10.5],"tintindex":0,"rotation":0,"texture":"#0"},"south":{"uv":[6.0,10.0,7.75,10.5],"tintindex":0,"rotation":0,"texture":"#0"},"north":{"uv":[2.25,10.0,4.0,10.5],"tintindex":0,"rotation":0,"texture":"#0"},"west":{"uv":[4.0,10.0,6.0,10.5],"tintindex":0,"rotation":0,"texture":"#0"},"up":{"uv":[4.0,10.0,2.25,8.0],"tintindex":0,"rotation":0,"texture":"#0"},"down":{"uv":[5.75,8.0,4.0,10.0],"tintindex":0,"rotation":0,"texture":"#0"}}}],"display":{"head":{"rotation":[0.0,0.0,0.0]},"firstperson_righthand":{"rotation":[0.0,0.0,0.0]},"thirdperson_lefthand":{"rotation":[0.0,-0.0,-0.0]},"firstperson_lefthand":{"rotation":[0.0,-0.0,-0.0]},"fixed":{"rotation":[0.0,0.0,0.0]},"ground":{"rotation":[0.0,0.0,0.0]},"thirdperson_righthand":{"rotation":[0.0,0.0,0.0]},"gui":{"rotation":[-150.0,-75.0,-180.0]}}}