{"textures":{"0":"modelengine:entity/ice_skeleton"},"elements":[{"from":[6.5,4.0,6.5],"to":[9.5,6.0,7.5],"faces":{"east":{"uv":[1.25,1.5,1.0,2.0],"tintindex":0,"rotation":0,"texture":"#0"},"south":{"uv":[2.0,1.5,1.25,2.0],"tintindex":0,"rotation":0,"texture":"#0"},"north":{"uv":[1.0,1.5,0.25,2.0],"tintindex":0,"rotation":0,"texture":"#0"},"west":{"uv":[0.25,1.5,0.0,2.0],"tintindex":0,"rotation":0,"texture":"#0"},"up":{"uv":[0.25,1.5,1.0,1.25],"tintindex":0,"rotation":0,"texture":"#0"},"down":{"uv":[1.0,1.25,1.75,1.5],"tintindex":0,"rotation":0,"texture":"#0"}}},{"from":[6.5,4.0,7.5],"to":[9.5,8.0,10.5],"faces":{"east":{"uv":[4.25,11.25,3.5,12.25],"tintindex":0,"rotation":0,"texture":"#0"},"south":{"uv":[5.0,11.25,4.25,12.25],"tintindex":0,"rotation":0,"texture":"#0"},"north":{"uv":[3.5,11.25,2.75,12.25],"tintindex":0,"rotation":0,"texture":"#0"},"west":{"uv":[2.75,11.25,2.0,12.25],"tintindex":0,"rotation":0,"texture":"#0"},"up":{"uv":[2.75,11.25,3.5,10.5],"tintindex":0,"rotation":0,"texture":"#0"},"down":{"uv":[3.5,10.5,4.25,11.25],"tintindex":0,"rotation":0,"texture":"#0"}}}],"display":{"head":{"rotation":[0.0,0.0,0.0]},"firstperson_righthand":{"rotation":[0.0,0.0,0.0]},"thirdperson_lefthand":{"rotation":[0.0,-0.0,-0.0]},"firstperson_lefthand":{"rotation":[0.0,-0.0,-0.0]},"fixed":{"rotation":[0.0,0.0,0.0]},"ground":{"rotation":[0.0,0.0,0.0]},"thirdperson_righthand":{"rotation":[0.0,0.0,0.0]},"gui":{"rotation":[-150.0,-75.0,-180.0]}}}