{"textures":{"0":"modelengine:entity/ice_skeleton"},"elements":[{"from":[7.0,-4.0,7.0],"to":[9.0,8.0,9.0],"faces":{"east":{"uv":[0.0,4.5,0.5,7.5],"tintindex":0,"rotation":0,"texture":"#0"},"south":{"uv":[1.5,4.5,2.0,7.5],"tintindex":0,"rotation":0,"texture":"#0"},"north":{"uv":[0.5,4.5,1.0,7.5],"tintindex":0,"rotation":0,"texture":"#0"},"west":{"uv":[1.0,4.5,1.5,7.5],"tintindex":0,"rotation":0,"texture":"#0"},"up":{"uv":[1.0,4.5,0.5,4.0],"tintindex":0,"rotation":0,"texture":"#0"},"down":{"uv":[1.5,4.0,1.0,4.5],"tintindex":0,"rotation":0,"texture":"#0"}}}],"display":{"head":{"rotation":[0.0,0.0,0.0]},"firstperson_righthand":{"rotation":[0.0,0.0,0.0]},"thirdperson_lefthand":{"rotation":[0.0,-0.0,-0.0]},"firstperson_lefthand":{"rotation":[0.0,-0.0,-0.0]},"fixed":{"rotation":[0.0,0.0,0.0]},"ground":{"rotation":[0.0,0.0,0.0]},"thirdperson_righthand":{"rotation":[0.0,0.0,0.0]},"gui":{"rotation":[-150.0,-75.0,-180.0]}}}