{"textures":{"0":"modelengine:entity/ice_skeleton"},"elements":[{"from":[8.0,8.0,8.5],"to":[8.0,10.0,13.5],"faces":{"east":{"uv":[2.5,15.25,1.25,15.75],"tintindex":0,"rotation":0,"texture":"#0"},"west":{"uv":[1.25,15.25,0.0,15.75],"tintindex":0,"rotation":0,"texture":"#0"}}}],"display":{"head":{"rotation":[0.0,0.0,0.0]},"firstperson_righthand":{"rotation":[0.0,0.0,0.0]},"thirdperson_lefthand":{"rotation":[0.0,-0.0,-0.0]},"firstperson_lefthand":{"rotation":[0.0,-0.0,-0.0]},"fixed":{"rotation":[0.0,0.0,0.0]},"ground":{"rotation":[0.0,0.0,0.0]},"thirdperson_righthand":{"rotation":[0.0,0.0,0.0]},"gui":{"rotation":[-150.0,-75.0,-180.0]}}}