{"textures":{"0":"modelengine:entity/ice_skeleton"},"elements":[{"from":[9.0,8.0,3.0],"to":[9.0,10.0,8.0],"faces":{"east":{"uv":[0.0,14.75,1.25,15.25],"tintindex":0,"rotation":0,"texture":"#0"},"west":{"uv":[1.25,14.75,2.5,15.25],"tintindex":0,"rotation":0,"texture":"#0"}}}],"display":{"head":{"rotation":[0.0,0.0,0.0]},"firstperson_righthand":{"rotation":[0.0,0.0,0.0]},"thirdperson_lefthand":{"rotation":[0.0,-0.0,-0.0]},"firstperson_lefthand":{"rotation":[0.0,-0.0,-0.0]},"fixed":{"rotation":[0.0,0.0,0.0]},"ground":{"rotation":[0.0,0.0,0.0]},"thirdperson_righthand":{"rotation":[0.0,0.0,0.0]},"gui":{"rotation":[-150.0,-75.0,-180.0]}}}