{"textures":{"0":"modelengine:block/flowering_glare"},"elements":[{"from":[8.0,7.5,7.875],"to":[9.0,8.5,7.875],"faces":{"south":{"uv":[6.0,5.75,6.25,6.0],"tintindex":0,"rotation":0,"texture":"#0"},"north":{"uv":[6.0,5.5,6.25,5.75],"tintindex":0,"rotation":0,"texture":"#0"}}}],"display":{"head":{"rotation":[0.0,0.0,0.0]},"firstperson_righthand":{"rotation":[0.0,0.0,0.0]},"thirdperson_lefthand":{"rotation":[0.0,-0.0,-0.0]},"firstperson_lefthand":{"rotation":[0.0,-0.0,-0.0]},"fixed":{"rotation":[0.0,0.0,0.0]},"ground":{"rotation":[0.0,0.0,0.0]},"thirdperson_righthand":{"rotation":[0.0,0.0,0.0]},"gui":{"rotation":[-150.0,-75.0,-180.0]}}}