{"textures":{"0":"modelengine:block/flowering_glare"},"elements":[{"from":[3.0500002,1.3020997,2.917118],"to":[13.05,7.302099,12.917118],"faces":{"east":{"uv":[11.0,0.0,13.5,1.5],"tintindex":0,"rotation":0,"texture":"#0"},"south":{"uv":[11.0,1.5,13.5,3.0],"tintindex":0,"rotation":0,"texture":"#0"},"north":{"uv":[7.0,10.5,9.5,12.0],"tintindex":0,"rotation":0,"texture":"#0"},"west":{"uv":[2.0,11.0,4.5,12.5],"tintindex":0,"rotation":0,"texture":"#0"},"up":{"uv":[5.5,8.5,3.0,6.0],"tintindex":0,"rotation":0,"texture":"#0"},"down":{"uv":[8.5,3.0,6.0,5.5],"tintindex":0,"rotation":0,"texture":"#0"}}}],"display":{"head":{"rotation":[0.0,0.0,0.0]},"firstperson_righthand":{"rotation":[0.0,0.0,0.0]},"thirdperson_lefthand":{"rotation":[0.0,-0.0,-0.0]},"firstperson_lefthand":{"rotation":[0.0,-0.0,-0.0]},"fixed":{"rotation":[0.0,0.0,0.0]},"ground":{"rotation":[0.0,0.0,0.0]},"thirdperson_righthand":{"rotation":[0.0,0.0,0.0]},"gui":{"rotation":[-150.0,-75.0,-180.0]}}}