{"textures":{"0":"modelengine:block/baby_alligator"},"elements":[{"from":[9.89,8.525,0.7550001],"to":[9.89,9.785,15.245],"faces":{"east":{"uv":[8.5,5.25,12.0,5.5],"tintindex":0,"rotation":0,"texture":"#0"},"west":{"uv":[12.0,5.25,8.5,5.5],"tintindex":0,"rotation":0,"texture":"#0"}}},{"from":[4.2200003,2.855,0.7550001],"to":[11.78,8.525,15.245],"faces":{"east":{"uv":[0.0,3.5,3.5,5.0],"tintindex":0,"rotation":0,"texture":"#0"},"south":{"uv":[4.0,1.5,6.0,3.0],"tintindex":0,"rotation":0,"texture":"#0"},"north":{"uv":[4.0,0.0,6.0,1.5],"tintindex":0,"rotation":0,"texture":"#0"},"west":{"uv":[3.5,3.5,7.0,5.0],"tintindex":0,"rotation":0,"texture":"#0"},"up":{"uv":[2.0,3.5,0.0,0.0],"tintindex":0,"rotation":0,"texture":"#0"},"down":{"uv":[4.0,0.0,2.0,3.5],"tintindex":0,"rotation":0,"texture":"#0"}}},{"from":[6.11,8.525,0.7550001],"to":[6.11,9.785,15.245],"faces":{"east":{"uv":[12.0,5.0,8.5,5.25],"tintindex":0,"rotation":0,"texture":"#0"},"west":{"uv":[8.5,5.0,12.0,5.25],"tintindex":0,"rotation":0,"texture":"#0"}}}],"display":{"head":{"rotation":[0.0,0.0,0.0]},"firstperson_righthand":{"rotation":[0.0,0.0,0.0]},"thirdperson_lefthand":{"rotation":[0.0,-0.0,-0.0]},"firstperson_lefthand":{"rotation":[0.0,-0.0,-0.0]},"fixed":{"rotation":[0.0,0.0,0.0]},"ground":{"rotation":[0.0,0.0,0.0]},"thirdperson_righthand":{"rotation":[0.0,0.0,0.0]},"gui":{"rotation":[-150.0,-75.0,-180.0]}}}