{"textures":{"0":"modelengine:block/baby_alligator"},"elements":[{"from":[4.85,5.48,2.6449995],"to":[11.15,10.52,8.315001],"faces":{"east":{"uv":[0.0,7.0,1.5,8.25],"tintindex":0,"rotation":0,"texture":"#0"},"south":{"uv":[1.5,7.0,3.0,8.25],"tintindex":0,"rotation":0,"texture":"#0"},"north":{"uv":[6.5,6.25,8.0,7.5],"tintindex":0,"rotation":0,"texture":"#0"},"west":{"uv":[7.0,3.5,8.5,4.75],"tintindex":0,"rotation":0,"texture":"#0"},"up":{"uv":[7.5,3.5,6.0,2.0],"tintindex":0,"rotation":0,"texture":"#0"},"down":{"uv":[6.5,6.25,5.0,7.75],"tintindex":0,"rotation":0,"texture":"#0"}}}],"display":{"head":{"rotation":[0.0,0.0,0.0]},"firstperson_righthand":{"rotation":[0.0,0.0,0.0]},"thirdperson_lefthand":{"rotation":[0.0,-0.0,-0.0]},"firstperson_lefthand":{"rotation":[0.0,-0.0,-0.0]},"fixed":{"rotation":[0.0,0.0,0.0]},"ground":{"rotation":[0.0,0.0,0.0]},"thirdperson_righthand":{"rotation":[0.0,0.0,0.0]},"gui":{"rotation":[-150.0,-75.0,-180.0]}}}