{"textures":{"0":"modelengine:block/baby_alligator"},"elements":[{"from":[7.8424997,5.165,7.5275],"to":[10.3625,8.945,10.047501],"faces":{"east":{"uv":[9.0,2.0,9.75,3.0],"tintindex":0,"rotation":0,"texture":"#0"},"south":{"uv":[2.25,9.0,3.0,10.0],"tintindex":0,"rotation":0,"texture":"#0"},"north":{"uv":[1.5,9.0,2.25,10.0],"tintindex":0,"rotation":0,"texture":"#0"},"west":{"uv":[4.5,9.0,5.25,10.0],"tintindex":0,"rotation":0,"texture":"#0"},"up":{"uv":[4.5,10.5,3.75,9.75],"tintindex":0,"rotation":0,"texture":"#0"},"down":{"uv":[10.5,4.0,9.75,4.75],"tintindex":0,"rotation":0,"texture":"#0"}}},{"from":[7.8424997,5.415,5.6375],"to":[10.9925,5.415,8.7875],"faces":{"up":{"uv":[6.75,10.5,6.0,9.75],"tintindex":0,"rotation":0,"texture":"#0"},"down":{"uv":[7.5,9.75,6.75,10.5],"tintindex":0,"rotation":0,"texture":"#0"}}}],"display":{"head":{"rotation":[0.0,0.0,0.0]},"firstperson_righthand":{"rotation":[0.0,0.0,0.0]},"thirdperson_lefthand":{"rotation":[0.0,-0.0,-0.0]},"firstperson_lefthand":{"rotation":[0.0,-0.0,-0.0]},"fixed":{"rotation":[0.0,0.0,0.0]},"ground":{"rotation":[0.0,0.0,0.0]},"thirdperson_righthand":{"rotation":[0.0,0.0,0.0]},"gui":{"rotation":[-150.0,-75.0,-180.0]}}}