{"textures":{"0":"modelengine:block/baby_alligator"},"elements":[{"from":[7.8424997,5.415,5.6375003],"to":[10.9925,5.415,8.7875],"faces":{"up":{"uv":[10.25,9.25,9.5,8.5],"tintindex":0,"rotation":0,"texture":"#0"},"down":{"uv":[9.5,9.5,8.75,10.25],"tintindex":0,"rotation":0,"texture":"#0"}}},{"from":[7.8424997,5.165,7.5275],"to":[10.3625,8.945,10.047501],"faces":{"east":{"uv":[3.0,8.75,3.75,9.75],"tintindex":0,"rotation":0,"texture":"#0"},"south":{"uv":[3.75,8.75,4.5,9.75],"tintindex":0,"rotation":0,"texture":"#0"},"north":{"uv":[8.0,8.5,8.75,9.5],"tintindex":0,"rotation":0,"texture":"#0"},"west":{"uv":[6.5,8.75,7.25,9.75],"tintindex":0,"rotation":0,"texture":"#0"},"up":{"uv":[10.25,1.75,9.5,1.0],"tintindex":0,"rotation":0,"texture":"#0"},"down":{"uv":[8.75,9.5,8.0,10.25],"tintindex":0,"rotation":0,"texture":"#0"}}}],"display":{"head":{"rotation":[0.0,0.0,0.0]},"firstperson_righthand":{"rotation":[0.0,0.0,0.0]},"thirdperson_lefthand":{"rotation":[0.0,-0.0,-0.0]},"firstperson_lefthand":{"rotation":[0.0,-0.0,-0.0]},"fixed":{"rotation":[0.0,0.0,0.0]},"ground":{"rotation":[0.0,0.0,0.0]},"thirdperson_righthand":{"rotation":[0.0,0.0,0.0]},"gui":{"rotation":[-150.0,-75.0,-180.0]}}}