{"textures":{"0":"modelengine:block/baby_alligator"},"elements":[{"from":[6.047,8.63,2.960001],"to":[6.047,9.26,8.0],"faces":{"east":{"uv":[10.0,6.5,11.25,6.75],"tintindex":0,"rotation":0,"texture":"#0"},"west":{"uv":[10.0,6.75,11.25,7.0],"tintindex":0,"rotation":0,"texture":"#0"}}},{"from":[5.48,7.37,2.960001],"to":[10.52,8.63,8.0],"faces":{"east":{"uv":[10.0,5.75,11.25,6.0],"tintindex":0,"rotation":0,"texture":"#0"},"south":{"uv":[10.0,6.0,11.25,6.25],"tintindex":0,"rotation":0,"texture":"#0"},"north":{"uv":[4.5,10.0,5.75,10.25],"tintindex":0,"rotation":0,"texture":"#0"},"west":{"uv":[10.0,6.25,11.25,6.5],"tintindex":0,"rotation":0,"texture":"#0"},"up":{"uv":[9.25,7.25,8.0,6.0],"tintindex":0,"rotation":0,"texture":"#0"},"down":{"uv":[9.25,7.25,8.0,8.5],"tintindex":0,"rotation":0,"texture":"#0"}}},{"from":[9.953,8.63,2.960001],"to":[9.953,9.26,8.0],"faces":{"east":{"uv":[10.0,7.0,11.25,7.25],"tintindex":0,"rotation":0,"texture":"#0"},"west":{"uv":[10.0,7.25,11.25,7.5],"tintindex":0,"rotation":0,"texture":"#0"}}}],"display":{"head":{"rotation":[0.0,0.0,0.0]},"firstperson_righthand":{"rotation":[0.0,0.0,0.0]},"thirdperson_lefthand":{"rotation":[0.0,-0.0,-0.0]},"firstperson_lefthand":{"rotation":[0.0,-0.0,-0.0]},"fixed":{"rotation":[0.0,0.0,0.0]},"ground":{"rotation":[0.0,0.0,0.0]},"thirdperson_righthand":{"rotation":[0.0,0.0,0.0]},"gui":{"rotation":[-150.0,-75.0,-180.0]}}}