{"textures":{"0":"modelengine:block/baby_alligator"},"elements":[{"from":[5.165,7.37,2.960001],"to":[10.835,9.889999,8.0],"faces":{"east":{"uv":[8.5,3.25,9.75,4.0],"tintindex":0,"rotation":0,"texture":"#0"},"south":{"uv":[1.5,8.25,3.0,9.0],"tintindex":0,"rotation":0,"texture":"#0"},"north":{"uv":[0.0,8.25,1.5,9.0],"tintindex":0,"rotation":0,"texture":"#0"},"west":{"uv":[8.5,4.0,9.75,4.75],"tintindex":0,"rotation":0,"texture":"#0"},"up":{"uv":[8.5,6.0,7.0,4.75],"tintindex":0,"rotation":0,"texture":"#0"},"down":{"uv":[9.0,2.0,7.5,3.25],"tintindex":0,"rotation":0,"texture":"#0"}}},{"from":[10.583,6.74,2.960001],"to":[10.583,7.37,8.0],"faces":{"east":{"uv":[10.25,0.0,11.5,0.25],"tintindex":0,"rotation":0,"texture":"#0"},"west":{"uv":[10.25,0.25,11.5,0.5],"tintindex":0,"rotation":0,"texture":"#0"}}},{"from":[5.417,6.74,2.960001],"to":[5.417,7.37,8.0],"faces":{"east":{"uv":[10.0,7.5,11.25,7.75],"tintindex":0,"rotation":0,"texture":"#0"},"west":{"uv":[9.5,10.0,10.75,10.25],"tintindex":0,"rotation":0,"texture":"#0"}}}],"display":{"head":{"rotation":[0.0,0.0,0.0]},"firstperson_righthand":{"rotation":[0.0,0.0,0.0]},"thirdperson_lefthand":{"rotation":[0.0,-0.0,-0.0]},"firstperson_lefthand":{"rotation":[0.0,-0.0,-0.0]},"fixed":{"rotation":[0.0,0.0,0.0]},"ground":{"rotation":[0.0,0.0,0.0]},"thirdperson_righthand":{"rotation":[0.0,0.0,0.0]},"gui":{"rotation":[-150.0,-75.0,-180.0]}}}