{"textures":{"0":"modelengine:block/baby_alligator"},"elements":[{"from":[5.0075,5.415,5.6375],"to":[8.1575,5.415,8.7875],"faces":{"up":{"uv":[0.75,10.75,0.0,10.0],"tintindex":0,"rotation":0,"texture":"#0"},"down":{"uv":[1.5,10.0,0.75,10.75],"tintindex":0,"rotation":0,"texture":"#0"}}},{"from":[5.6375,5.165,7.5275],"to":[8.1575,8.945,10.047501],"faces":{"east":{"uv":[9.25,5.75,10.0,6.75],"tintindex":0,"rotation":0,"texture":"#0"},"south":{"uv":[9.25,6.75,10.0,7.75],"tintindex":0,"rotation":0,"texture":"#0"},"north":{"uv":[5.25,9.0,6.0,10.0],"tintindex":0,"rotation":0,"texture":"#0"},"west":{"uv":[9.5,0.0,10.25,1.0],"tintindex":0,"rotation":0,"texture":"#0"},"up":{"uv":[2.25,10.75,1.5,10.0],"tintindex":0,"rotation":0,"texture":"#0"},"down":{"uv":[3.0,10.0,2.25,10.75],"tintindex":0,"rotation":0,"texture":"#0"}}}],"display":{"head":{"rotation":[0.0,0.0,0.0]},"firstperson_righthand":{"rotation":[0.0,0.0,0.0]},"thirdperson_lefthand":{"rotation":[0.0,-0.0,-0.0]},"firstperson_lefthand":{"rotation":[0.0,-0.0,-0.0]},"fixed":{"rotation":[0.0,0.0,0.0]},"ground":{"rotation":[0.0,0.0,0.0]},"thirdperson_righthand":{"rotation":[0.0,0.0,0.0]},"gui":{"rotation":[-150.0,-75.0,-180.0]}}}