{"textures":{"0":"modelengine:block/baby_alligator"},"elements":[{"from":[5.0075,5.415,5.6375003],"to":[8.1575,5.415,8.7875],"faces":{"up":{"uv":[3.75,10.5,3.0,9.75],"tintindex":0,"rotation":0,"texture":"#0"},"down":{"uv":[10.5,3.25,9.75,4.0],"tintindex":0,"rotation":0,"texture":"#0"}}},{"from":[5.6375,5.165,7.5275],"to":[8.1575,8.945,10.047501],"faces":{"east":{"uv":[8.75,8.5,9.5,9.5],"tintindex":0,"rotation":0,"texture":"#0"},"south":{"uv":[0.0,9.0,0.75,10.0],"tintindex":0,"rotation":0,"texture":"#0"},"north":{"uv":[7.25,8.75,8.0,9.75],"tintindex":0,"rotation":0,"texture":"#0"},"west":{"uv":[0.75,9.0,1.5,10.0],"tintindex":0,"rotation":0,"texture":"#0"},"up":{"uv":[10.25,10.0,9.5,9.25],"tintindex":0,"rotation":0,"texture":"#0"},"down":{"uv":[10.5,1.75,9.75,2.5],"tintindex":0,"rotation":0,"texture":"#0"}}}],"display":{"head":{"rotation":[0.0,0.0,0.0]},"firstperson_righthand":{"rotation":[0.0,0.0,0.0]},"thirdperson_lefthand":{"rotation":[0.0,-0.0,-0.0]},"firstperson_lefthand":{"rotation":[0.0,-0.0,-0.0]},"fixed":{"rotation":[0.0,0.0,0.0]},"ground":{"rotation":[0.0,0.0,0.0]},"thirdperson_righthand":{"rotation":[0.0,0.0,0.0]},"gui":{"rotation":[-150.0,-75.0,-180.0]}}}