{"textures":{"0":"modelengine:block/baby_alligator"},"elements":[{"from":[6.11,10.31,8.315001],"to":[6.11,11.57,16.505001],"faces":{"east":{"uv":[6.0,3.25,4.0,3.5],"tintindex":0,"rotation":0,"texture":"#0"},"west":{"uv":[4.0,3.25,6.0,3.5],"tintindex":0,"rotation":0,"texture":"#0"}}},{"from":[4.85,5.27,8.315001],"to":[11.15,10.31,16.505001],"faces":{"east":{"uv":[3.0,5.0,5.0,6.25],"tintindex":0,"rotation":0,"texture":"#0"},"south":{"uv":[5.0,7.75,6.5,9.0],"tintindex":0,"rotation":0,"texture":"#0"},"north":{"uv":[6.5,7.5,8.0,8.75],"tintindex":0,"rotation":0,"texture":"#0"},"west":{"uv":[5.0,5.0,7.0,6.25],"tintindex":0,"rotation":0,"texture":"#0"},"up":{"uv":[1.5,7.0,0.0,5.0],"tintindex":0,"rotation":0,"texture":"#0"},"down":{"uv":[3.0,5.0,1.5,7.0],"tintindex":0,"rotation":0,"texture":"#0"}}},{"from":[9.89,10.31,8.315001],"to":[9.89,11.57,16.505001],"faces":{"east":{"uv":[9.75,2.5,11.75,2.75],"tintindex":0,"rotation":0,"texture":"#0"},"west":{"uv":[11.75,2.5,9.75,2.75],"tintindex":0,"rotation":0,"texture":"#0"}}}],"display":{"head":{"rotation":[0.0,0.0,0.0]},"firstperson_righthand":{"rotation":[0.0,0.0,0.0]},"thirdperson_lefthand":{"rotation":[0.0,-0.0,-0.0]},"firstperson_lefthand":{"rotation":[0.0,-0.0,-0.0]},"fixed":{"rotation":[0.0,0.0,0.0]},"ground":{"rotation":[0.0,0.0,0.0]},"thirdperson_righthand":{"rotation":[0.0,0.0,0.0]},"gui":{"rotation":[-150.0,-75.0,-180.0]}}}