{"textures":{"0":"modelengine:block/baby_alligator"},"elements":[{"from":[6.11,5.795,8.0],"to":[9.89,10.205,18.08],"faces":{"east":{"uv":[6.0,0.0,8.5,1.0],"tintindex":0,"rotation":0,"texture":"#0"},"south":{"uv":[8.5,1.0,9.5,2.0],"tintindex":0,"rotation":0,"texture":"#0"},"north":{"uv":[8.5,0.0,9.5,1.0],"tintindex":0,"rotation":0,"texture":"#0"},"west":{"uv":[6.0,1.0,8.5,2.0],"tintindex":0,"rotation":0,"texture":"#0"},"up":{"uv":[4.0,8.75,3.0,6.25],"tintindex":0,"rotation":0,"texture":"#0"},"down":{"uv":[5.0,6.25,4.0,8.75],"tintindex":0,"rotation":0,"texture":"#0"}}},{"from":[9.26,10.205,8.0],"to":[9.26,11.465,18.08],"faces":{"east":{"uv":[9.25,8.0,11.75,8.25],"tintindex":0,"rotation":0,"texture":"#0"},"west":{"uv":[11.75,8.0,9.25,8.25],"tintindex":0,"rotation":0,"texture":"#0"}}},{"from":[6.74,10.205,8.0],"to":[6.74,11.465,18.08],"faces":{"east":{"uv":[11.75,7.75,9.25,8.0],"tintindex":0,"rotation":0,"texture":"#0"},"west":{"uv":[9.25,7.75,11.75,8.0],"tintindex":0,"rotation":0,"texture":"#0"}}}],"display":{"head":{"rotation":[0.0,0.0,0.0]},"firstperson_righthand":{"rotation":[0.0,0.0,0.0]},"thirdperson_lefthand":{"rotation":[0.0,-0.0,-0.0]},"firstperson_lefthand":{"rotation":[0.0,-0.0,-0.0]},"fixed":{"rotation":[0.0,0.0,0.0]},"ground":{"rotation":[0.0,0.0,0.0]},"thirdperson_righthand":{"rotation":[0.0,0.0,0.0]},"gui":{"rotation":[-150.0,-75.0,-180.0]}}}