{"textures":{"0":"modelengine:block/qmob_defiledwatcher"},"elements":[{"from":[6.5,-16.0,6.0],"to":[9.5,10.0,10.0],"faces":{"east":{"uv":[0.0,3.0,1.0,9.5],"tintindex":0,"rotation":0,"texture":"#0"},"south":{"uv":[4.75,3.0,5.5,9.5],"tintindex":0,"rotation":0,"texture":"#0"},"north":{"uv":[4.0,3.0,4.75,9.5],"tintindex":0,"rotation":0,"texture":"#0"},"west":{"uv":[1.0,3.0,2.0,9.5],"tintindex":0,"rotation":0,"texture":"#0"},"up":{"uv":[4.75,10.5,4.0,9.5],"tintindex":0,"rotation":0,"texture":"#0"},"down":{"uv":[5.5,9.5,4.75,10.5],"tintindex":0,"rotation":0,"texture":"#0"}}}],"display":{"head":{"rotation":[0.0,0.0,0.0]},"firstperson_righthand":{"rotation":[0.0,0.0,0.0]},"thirdperson_lefthand":{"rotation":[0.0,-0.0,-0.0]},"firstperson_lefthand":{"rotation":[0.0,-0.0,-0.0]},"fixed":{"rotation":[0.0,0.0,0.0]},"ground":{"rotation":[0.0,0.0,0.0]},"thirdperson_righthand":{"rotation":[0.0,0.0,0.0]},"gui":{"rotation":[-150.0,-75.0,-180.0]}}}