{"textures":{"0":"modelengine:block/qmob_defiledwatcher"},"elements":[{"from":[4.0,8.25,15.95],"to":[12.0,10.25,15.96],"faces":{"south":{"uv":[9.0,8.0,11.0,8.5],"tintindex":0,"rotation":0,"texture":"#0"},"north":{"uv":[9.0,7.5,11.0,8.0],"tintindex":0,"rotation":0,"texture":"#0"}}}],"display":{"head":{"rotation":[0.0,0.0,0.0]},"firstperson_righthand":{"rotation":[0.0,0.0,0.0]},"thirdperson_lefthand":{"rotation":[0.0,-0.0,-0.0]},"firstperson_lefthand":{"rotation":[0.0,-0.0,-0.0]},"fixed":{"rotation":[0.0,0.0,0.0]},"ground":{"rotation":[0.0,0.0,0.0]},"thirdperson_righthand":{"rotation":[0.0,0.0,0.0]},"gui":{"rotation":[-150.0,-75.0,-180.0]}}}