{"textures":{"0":"modelengine:block/qmob_defiledwatcher"},"elements":[{"from":[4.0,8.0,4.0],"to":[12.0,16.0,12.0],"faces":{"east":{"uv":[7.0,5.0,9.0,7.0],"tintindex":0,"rotation":0,"texture":"#0"},"south":{"uv":[7.0,7.0,9.0,9.0],"tintindex":0,"rotation":0,"texture":"#0"},"north":{"uv":[7.0,3.0,9.0,5.0],"tintindex":0,"rotation":0,"texture":"#0"},"west":{"uv":[8.5,0.0,10.5,2.0],"tintindex":0,"rotation":0,"texture":"#0"},"up":{"uv":[11.0,4.0,9.0,2.0],"tintindex":0,"rotation":0,"texture":"#0"},"down":{"uv":[11.0,4.0,9.0,6.0],"tintindex":0,"rotation":0,"texture":"#0"}}},{"from":[12.0,12.0,7.0],"to":[16.0,14.0,9.0],"faces":{"east":{"uv":[5.0,0.0,5.5,0.5],"tintindex":0,"rotation":0,"texture":"#0"},"south":{"uv":[9.5,9.0,10.5,9.5],"tintindex":0,"rotation":0,"texture":"#0"},"north":{"uv":[9.0,8.5,10.0,9.0],"tintindex":0,"rotation":0,"texture":"#0"},"west":{"uv":[5.0,0.5,5.5,1.0],"tintindex":0,"rotation":0,"texture":"#0"},"up":{"uv":[10.5,10.0,9.5,9.5],"tintindex":0,"rotation":0,"texture":"#0"},"down":{"uv":[11.0,8.5,10.0,9.0],"tintindex":0,"rotation":0,"texture":"#0"}}},{"from":[0.0,12.0,7.0],"to":[4.0,14.0,9.0],"faces":{"east":{"uv":[5.0,1.0,5.5,1.5],"tintindex":0,"rotation":0,"texture":"#0"},"south":{"uv":[10.5,0.0,11.5,0.5],"tintindex":0,"rotation":0,"texture":"#0"},"north":{"uv":[9.5,10.0,10.5,10.5],"tintindex":0,"rotation":0,"texture":"#0"},"west":{"uv":[5.0,1.5,5.5,2.0],"tintindex":0,"rotation":0,"texture":"#0"},"up":{"uv":[11.5,1.0,10.5,0.5],"tintindex":0,"rotation":0,"texture":"#0"},"down":{"uv":[11.5,1.0,10.5,1.5],"tintindex":0,"rotation":0,"texture":"#0"}}}],"display":{"head":{"rotation":[0.0,0.0,0.0]},"firstperson_righthand":{"rotation":[0.0,0.0,0.0]},"thirdperson_lefthand":{"rotation":[0.0,-0.0,-0.0]},"firstperson_lefthand":{"rotation":[0.0,-0.0,-0.0]},"fixed":{"rotation":[0.0,0.0,0.0]},"ground":{"rotation":[0.0,0.0,0.0]},"thirdperson_righthand":{"rotation":[0.0,0.0,0.0]},"gui":{"rotation":[-150.0,-75.0,-180.0]}}}