{"textures":{"0":"modelengine:block/qmob_defiledwatcher"},"elements":[{"from":[7.0,-9.0,7.5],"to":[9.0,12.0,9.5],"faces":{"east":{"uv":[2.5,9.5,3.0,14.75],"tintindex":0,"rotation":0,"texture":"#0"},"south":{"uv":[3.0,9.5,3.5,14.75],"tintindex":0,"rotation":0,"texture":"#0"},"north":{"uv":[2.0,9.5,2.5,14.75],"tintindex":0,"rotation":0,"texture":"#0"},"west":{"uv":[3.5,9.5,4.0,14.75],"tintindex":0,"rotation":0,"texture":"#0"},"up":{"uv":[9.0,2.5,8.5,2.0],"tintindex":0,"rotation":0,"texture":"#0"},"down":{"uv":[9.0,2.5,8.5,3.0],"tintindex":0,"rotation":0,"texture":"#0"}}}],"display":{"head":{"rotation":[0.0,0.0,0.0]},"firstperson_righthand":{"rotation":[0.0,0.0,0.0]},"thirdperson_lefthand":{"rotation":[0.0,-0.0,-0.0]},"firstperson_lefthand":{"rotation":[0.0,-0.0,-0.0]},"fixed":{"rotation":[0.0,0.0,0.0]},"ground":{"rotation":[0.0,0.0,0.0]},"thirdperson_righthand":{"rotation":[0.0,0.0,0.0]},"gui":{"rotation":[-150.0,-75.0,-180.0]}}}