{"textures":{"0":"modelengine:block/qmob_defiledwatcher"},"elements":[{"from":[3.0,3.0,5.0],"to":[13.0,15.0,11.0],"faces":{"east":{"uv":[5.5,6.5,7.0,9.5],"tintindex":0,"rotation":0,"texture":"#0"},"south":{"uv":[2.5,0.0,5.0,3.0],"tintindex":0,"rotation":0,"texture":"#0"},"north":{"uv":[0.0,0.0,2.5,3.0],"tintindex":0,"rotation":0,"texture":"#0"},"west":{"uv":[7.0,0.0,8.5,3.0],"tintindex":0,"rotation":0,"texture":"#0"},"up":{"uv":[11.5,7.5,9.0,6.0],"tintindex":0,"rotation":0,"texture":"#0"},"down":{"uv":[9.5,9.0,7.0,10.5],"tintindex":0,"rotation":0,"texture":"#0"}}}],"display":{"head":{"rotation":[0.0,0.0,0.0]},"firstperson_righthand":{"rotation":[0.0,0.0,0.0]},"thirdperson_lefthand":{"rotation":[0.0,-0.0,-0.0]},"firstperson_lefthand":{"rotation":[0.0,-0.0,-0.0]},"fixed":{"rotation":[0.0,0.0,0.0]},"ground":{"rotation":[0.0,0.0,0.0]},"thirdperson_righthand":{"rotation":[0.0,0.0,0.0]},"gui":{"rotation":[-150.0,-75.0,-180.0]}}}