{"textures":{"0":"modelengine:entity/ice_spikes_enderman"},"elements":[{"from":[4.5,8.0,6.0],"to":[11.5,22.0,10.0],"faces":{"east":{"uv":[8.0,4.75,9.0,8.25],"tintindex":0,"rotation":0,"texture":"#0"},"south":{"uv":[11.75,4.75,13.5,8.25],"tintindex":0,"rotation":0,"texture":"#0"},"north":{"uv":[9.0,4.75,10.75,8.25],"tintindex":0,"rotation":0,"texture":"#0"},"west":{"uv":[10.75,4.75,11.75,8.25],"tintindex":0,"rotation":0,"texture":"#0"},"up":{"uv":[10.75,4.75,9.0,3.75],"tintindex":0,"rotation":0,"texture":"#0"},"down":{"uv":[12.5,3.75,10.75,4.75],"tintindex":0,"rotation":0,"texture":"#0"}}}],"display":{"head":{"rotation":[0.0,0.0,0.0]},"firstperson_righthand":{"rotation":[0.0,0.0,0.0]},"thirdperson_lefthand":{"rotation":[0.0,-0.0,-0.0]},"firstperson_lefthand":{"rotation":[0.0,-0.0,-0.0]},"fixed":{"rotation":[0.0,0.0,0.0]},"ground":{"rotation":[0.0,0.0,0.0]},"thirdperson_righthand":{"rotation":[0.0,0.0,0.0]},"gui":{"rotation":[-150.0,-75.0,-180.0]}}}