{"textures":{"0":"modelengine:entity/ice_spikes_enderman"},"elements":[{"from":[5.0,8.0,5.0],"to":[11.0,13.0,11.0],"faces":{"east":{"uv":[8.0,9.75,9.5,11.0],"tintindex":0,"rotation":0,"texture":"#0"},"south":{"uv":[12.5,9.75,14.0,11.0],"tintindex":0,"rotation":0,"texture":"#0"},"north":{"uv":[9.5,9.75,11.0,11.0],"tintindex":0,"rotation":0,"texture":"#0"},"west":{"uv":[11.0,9.75,12.5,11.0],"tintindex":0,"rotation":0,"texture":"#0"},"up":{"uv":[11.0,9.75,9.5,8.25],"tintindex":0,"rotation":0,"texture":"#0"},"down":{"uv":[12.5,8.25,11.0,9.75],"tintindex":0,"rotation":0,"texture":"#0"}}}],"display":{"head":{"rotation":[0.0,0.0,0.0]},"firstperson_righthand":{"rotation":[0.0,0.0,0.0]},"thirdperson_lefthand":{"rotation":[0.0,-0.0,-0.0]},"firstperson_lefthand":{"rotation":[0.0,-0.0,-0.0]},"fixed":{"rotation":[0.0,0.0,0.0]},"ground":{"rotation":[0.0,0.0,0.0]},"thirdperson_righthand":{"rotation":[0.0,0.0,0.0]},"gui":{"rotation":[-150.0,-75.0,-180.0]}}}