{"textures":{"0":"modelengine:entity/ice_spikes_enderman"},"elements":[{"from":[7.5,11.0,4.5],"to":[7.5,17.0,11.5],"faces":{"east":{"uv":[0.0,14.5,1.75,16.0],"tintindex":0,"rotation":0,"texture":"#0"},"west":{"uv":[2.25,14.5,4.0,16.0],"tintindex":0,"rotation":0,"texture":"#0"}}},{"from":[4.5,4.0,4.5],"to":[11.5,12.0,11.5],"faces":{"east":{"uv":[8.0,1.75,9.75,3.75],"tintindex":0,"rotation":0,"texture":"#0"},"south":{"uv":[13.25,1.75,15.0,3.75],"tintindex":0,"rotation":0,"texture":"#0"},"north":{"uv":[9.75,1.75,11.5,3.75],"tintindex":0,"rotation":0,"texture":"#0"},"west":{"uv":[11.5,1.75,13.25,3.75],"tintindex":0,"rotation":0,"texture":"#0"},"up":{"uv":[11.5,1.75,9.75,0.0],"tintindex":0,"rotation":0,"texture":"#0"},"down":{"uv":[13.25,0.0,11.5,1.75],"tintindex":0,"rotation":0,"texture":"#0"}}},{"from":[4.5,10.0,7.5],"to":[11.5,17.0,7.5],"faces":{"south":{"uv":[2.75,12.75,4.5,14.5],"tintindex":0,"rotation":0,"texture":"#0"},"north":{"uv":[1.0,12.75,2.75,14.5],"tintindex":0,"rotation":0,"texture":"#0"}}}],"display":{"head":{"rotation":[0.0,0.0,0.0]},"firstperson_righthand":{"rotation":[0.0,0.0,0.0]},"thirdperson_lefthand":{"rotation":[0.0,-0.0,-0.0]},"firstperson_lefthand":{"rotation":[0.0,-0.0,-0.0]},"fixed":{"rotation":[0.0,0.0,0.0]},"ground":{"rotation":[0.0,0.0,0.0]},"thirdperson_righthand":{"rotation":[0.0,0.0,0.0]},"gui":{"rotation":[-150.0,-75.0,-180.0]}}}