{"textures":{"0":"modelengine:entity/ice_spikes_enderman"},"elements":[{"from":[7.5,-12.0,7.5],"to":[8.5,8.0,8.5],"faces":{"east":{"uv":[4.0,0.5,4.5,10.5],"tintindex":0,"rotation":0,"texture":"#0"},"south":{"uv":[5.5,0.5,6.0,10.5],"tintindex":0,"rotation":0,"texture":"#0"},"north":{"uv":[4.5,0.5,5.0,10.5],"tintindex":0,"rotation":0,"texture":"#0"},"west":{"uv":[5.0,0.5,5.5,10.5],"tintindex":0,"rotation":0,"texture":"#0"},"up":{"uv":[5.0,0.5,4.5,0.0],"tintindex":0,"rotation":0,"texture":"#0"},"down":{"uv":[5.5,0.0,5.0,0.5],"tintindex":0,"rotation":0,"texture":"#0"}}}],"display":{"head":{"rotation":[0.0,0.0,0.0]},"firstperson_righthand":{"rotation":[0.0,0.0,0.0]},"thirdperson_lefthand":{"rotation":[0.0,-0.0,-0.0]},"firstperson_lefthand":{"rotation":[0.0,-0.0,-0.0]},"fixed":{"rotation":[0.0,0.0,0.0]},"ground":{"rotation":[0.0,0.0,0.0]},"thirdperson_righthand":{"rotation":[0.0,0.0,0.0]},"gui":{"rotation":[-150.0,-75.0,-180.0]}}}