{"textures":{"0":"modelengine:entity/ice_spikes_enderman"},"elements":[{"from":[7.5,-15.5,7.5],"to":[8.5,9.0,8.5],"faces":{"east":{"uv":[2.0,0.5,2.5,12.75],"tintindex":0,"rotation":0,"texture":"#0"},"south":{"uv":[3.5,0.5,4.0,12.75],"tintindex":0,"rotation":0,"texture":"#0"},"north":{"uv":[2.5,0.5,3.0,12.75],"tintindex":0,"rotation":0,"texture":"#0"},"west":{"uv":[3.0,0.5,3.5,12.75],"tintindex":0,"rotation":0,"texture":"#0"},"up":{"uv":[3.0,0.5,2.5,0.0],"tintindex":0,"rotation":0,"texture":"#0"},"down":{"uv":[3.5,0.0,3.0,0.5],"tintindex":0,"rotation":0,"texture":"#0"}}}],"display":{"head":{"rotation":[0.0,0.0,0.0]},"firstperson_righthand":{"rotation":[0.0,0.0,0.0]},"thirdperson_lefthand":{"rotation":[0.0,-0.0,-0.0]},"firstperson_lefthand":{"rotation":[0.0,-0.0,-0.0]},"fixed":{"rotation":[0.0,0.0,0.0]},"ground":{"rotation":[0.0,0.0,0.0]},"thirdperson_righthand":{"rotation":[0.0,0.0,0.0]},"gui":{"rotation":[-150.0,-75.0,-180.0]}}}