{"textures":{"0":"modelengine:block/warped_enderman"},"elements":[{"from":[4.0,14.0,6.0],"to":[11.0,22.0,11.0],"faces":{"east":{"uv":[4.25,0.625,4.875,1.625],"tintindex":0,"rotation":0,"texture":"#0"},"south":{"uv":[6.375,0.625,7.25,1.625],"tintindex":0,"rotation":0,"texture":"#0"},"north":{"uv":[4.875,0.625,5.75,1.625],"tintindex":0,"rotation":0,"texture":"#0"},"west":{"uv":[5.75,0.625,6.375,1.625],"tintindex":0,"rotation":0,"texture":"#0"},"up":{"uv":[5.75,0.625,4.875,0.0],"tintindex":0,"rotation":0,"texture":"#0"},"down":{"uv":[6.625,0.0,5.75,0.625],"tintindex":0,"rotation":0,"texture":"#0"}}}],"display":{"head":{"rotation":[0.0,0.0,0.0]},"firstperson_righthand":{"rotation":[0.0,0.0,0.0]},"thirdperson_lefthand":{"rotation":[0.0,-0.0,-0.0]},"firstperson_lefthand":{"rotation":[0.0,-0.0,-0.0]},"fixed":{"rotation":[0.0,0.0,0.0]},"ground":{"rotation":[0.0,0.0,0.0]},"thirdperson_righthand":{"rotation":[0.0,0.0,0.0]},"gui":{"rotation":[-150.0,-75.0,-180.0]}}}