{"textures":{"0":"modelengine:block/warped_enderman"},"elements":[{"from":[-2.5,14.0,7.5],"to":[12.5,24.0,7.5],"faces":{"south":{"uv":[1.875,3.375,0.0,4.625],"tintindex":0,"rotation":0,"texture":"#0"},"north":{"uv":[0.0,3.375,1.875,4.625],"tintindex":0,"rotation":0,"texture":"#0"}}},{"from":[12.5,9.0,4.5],"to":[12.5,16.0,12.5],"faces":{"east":{"uv":[0.0,1.0,1.0,1.875],"tintindex":0,"rotation":0,"texture":"#0"},"west":{"uv":[1.0,1.0,0.0,1.875],"tintindex":0,"rotation":0,"texture":"#0"}}},{"from":[3.5,9.0,4.5],"to":[3.5,16.0,12.5],"faces":{"east":{"uv":[3.125,1.0,2.125,1.875],"tintindex":0,"rotation":0,"texture":"#0"},"west":{"uv":[2.125,1.0,3.125,1.875],"tintindex":0,"rotation":0,"texture":"#0"}}},{"from":[3.5,9.0,4.5],"to":[12.5,16.0,4.5],"faces":{"south":{"uv":[1.0,1.0,2.125,1.875],"tintindex":0,"rotation":0,"texture":"#0"},"north":{"uv":[1.0,1.0,2.125,1.875],"tintindex":0,"rotation":0,"texture":"#0"}}},{"from":[3.5,9.0,12.5],"to":[12.5,16.0,12.5],"faces":{"south":{"uv":[3.125,1.0,4.25,1.875],"tintindex":0,"rotation":0,"texture":"#0"},"north":{"uv":[3.125,1.0,4.25,1.875],"tintindex":0,"rotation":0,"texture":"#0"}}},{"from":[3.5,9.0,4.5],"to":[12.5,9.0,12.5],"faces":{"up":{"uv":[3.25,1.0,2.125,0.0],"tintindex":0,"rotation":0,"texture":"#0"},"down":{"uv":[3.25,0.0,2.125,1.0],"tintindex":0,"rotation":0,"texture":"#0"}}},{"from":[3.5,16.0,4.5],"to":[12.5,16.0,12.5],"faces":{"up":{"uv":[2.125,1.0,1.0,0.0],"tintindex":0,"rotation":0,"texture":"#0"},"down":{"uv":[2.125,0.0,1.0,1.0],"tintindex":0,"rotation":0,"texture":"#0"}}}],"display":{"head":{"rotation":[0.0,0.0,0.0]},"firstperson_righthand":{"rotation":[0.0,0.0,0.0]},"thirdperson_lefthand":{"rotation":[0.0,-0.0,-0.0]},"firstperson_lefthand":{"rotation":[0.0,-0.0,-0.0]},"fixed":{"rotation":[0.0,0.0,0.0]},"ground":{"rotation":[0.0,0.0,0.0]},"thirdperson_righthand":{"rotation":[0.0,0.0,0.0]},"gui":{"rotation":[-150.0,-75.0,-180.0]}}}