{"textures":{"0":"modelengine:block/warped_enderman"},"elements":[{"from":[4.0,9.0,4.5],"to":[12.0,9.0,11.5],"faces":{"up":{"uv":[2.875,2.75,1.875,1.875],"tintindex":0,"rotation":0,"texture":"#0"},"down":{"uv":[2.875,1.875,1.875,2.75],"tintindex":0,"rotation":0,"texture":"#0"}}},{"from":[4.0,9.0,4.5],"to":[4.0,14.0,11.5],"faces":{"east":{"uv":[2.75,2.75,1.875,3.375],"tintindex":0,"rotation":0,"texture":"#0"},"west":{"uv":[1.875,2.75,2.75,3.375],"tintindex":0,"rotation":0,"texture":"#0"}}},{"from":[12.0,9.0,4.5],"to":[12.0,14.0,11.5],"faces":{"east":{"uv":[0.0,2.75,0.875,3.375],"tintindex":0,"rotation":0,"texture":"#0"},"west":{"uv":[0.875,2.75,0.0,3.375],"tintindex":0,"rotation":0,"texture":"#0"}}},{"from":[4.0,9.0,4.5],"to":[12.0,14.0,4.5],"faces":{"south":{"uv":[0.875,2.75,1.875,3.375],"tintindex":0,"rotation":0,"texture":"#0"},"north":{"uv":[0.875,2.75,1.875,3.375],"tintindex":0,"rotation":0,"texture":"#0"}}}],"display":{"head":{"rotation":[0.0,0.0,0.0]},"firstperson_righthand":{"rotation":[0.0,0.0,0.0]},"thirdperson_lefthand":{"rotation":[0.0,-0.0,-0.0]},"firstperson_lefthand":{"rotation":[0.0,-0.0,-0.0]},"fixed":{"rotation":[0.0,0.0,0.0]},"ground":{"rotation":[0.0,0.0,0.0]},"thirdperson_righthand":{"rotation":[0.0,0.0,0.0]},"gui":{"rotation":[-150.0,-75.0,-180.0]}}}