{"textures":{"0":"modelengine:block/warped_enderman"},"elements":[{"from":[7.0,-5.0,7.0],"to":[9.0,8.0,9.0],"faces":{"east":{"uv":[1.75,7.125,2.0,8.75],"tintindex":0,"rotation":0,"texture":"#0"},"south":{"uv":[2.5,7.125,2.75,8.75],"tintindex":0,"rotation":0,"texture":"#0"},"north":{"uv":[2.0,7.125,2.25,8.75],"tintindex":0,"rotation":0,"texture":"#0"},"west":{"uv":[2.25,7.125,2.5,8.75],"tintindex":0,"rotation":0,"texture":"#0"},"up":{"uv":[2.25,7.125,2.0,6.875],"tintindex":0,"rotation":0,"texture":"#0"},"down":{"uv":[2.5,6.875,2.25,7.125],"tintindex":0,"rotation":0,"texture":"#0"}}}],"display":{"head":{"rotation":[0.0,0.0,0.0]},"firstperson_righthand":{"rotation":[0.0,0.0,0.0]},"thirdperson_lefthand":{"rotation":[0.0,-0.0,-0.0]},"firstperson_lefthand":{"rotation":[0.0,-0.0,-0.0]},"fixed":{"rotation":[0.0,0.0,0.0]},"ground":{"rotation":[0.0,0.0,0.0]},"thirdperson_righthand":{"rotation":[0.0,0.0,0.0]},"gui":{"rotation":[-150.0,-75.0,-180.0]}}}