{"textures":{"0":"modelengine:block/warped_enderman"},"elements":[{"from":[6.0,-6.0,7.5],"to":[8.0,2.0,9.5],"faces":{"east":{"uv":[0.0,5.125,0.5,7.125],"tintindex":0,"rotation":0,"texture":"#0"},"south":{"uv":[1.5,5.125,2.0,7.125],"tintindex":0,"rotation":0,"texture":"#0"},"north":{"uv":[0.5,5.125,1.0,7.125],"tintindex":0,"rotation":0,"texture":"#0"},"west":{"uv":[1.0,5.125,1.5,7.125],"tintindex":0,"rotation":0,"texture":"#0"},"up":{"uv":[1.0,5.125,0.5,4.625],"tintindex":0,"rotation":0,"texture":"#0"},"down":{"uv":[1.5,4.625,1.0,5.125],"tintindex":0,"rotation":0,"texture":"#0"}}},{"from":[6.5,2.0,7.5],"to":[8.0,9.0,9.0],"faces":{"east":{"uv":[2.0,5.0,2.375,6.75],"tintindex":0,"rotation":0,"texture":"#0"},"south":{"uv":[3.125,5.0,3.5,6.75],"tintindex":0,"rotation":0,"texture":"#0"},"north":{"uv":[2.375,5.0,2.75,6.75],"tintindex":0,"rotation":0,"texture":"#0"},"west":{"uv":[2.75,5.0,3.125,6.75],"tintindex":0,"rotation":0,"texture":"#0"},"up":{"uv":[2.75,5.0,2.375,4.625],"tintindex":0,"rotation":0,"texture":"#0"},"down":{"uv":[3.125,4.625,2.75,5.0],"tintindex":0,"rotation":0,"texture":"#0"}}},{"from":[5.75,-6.0,9.75],"to":[8.25,-4.5,9.75],"faces":{"south":{"uv":[7.25,6.875,7.875,7.25],"tintindex":0,"rotation":0,"texture":"#0"},"north":{"uv":[7.25,6.875,7.875,7.25],"tintindex":0,"rotation":0,"texture":"#0"}}},{"from":[5.75,-6.0,7.25],"to":[8.25,-4.5,7.25],"faces":{"south":{"uv":[6.625,6.875,6.0,7.25],"tintindex":0,"rotation":0,"texture":"#0"},"north":{"uv":[6.0,6.875,6.625,7.25],"tintindex":0,"rotation":0,"texture":"#0"}}},{"from":[5.5,6.0,8.0],"to":[7.0,10.5,8.0],"faces":{"south":{"uv":[0.375,9.0,0.0,10.125],"tintindex":0,"rotation":0,"texture":"#0"},"north":{"uv":[0.0,9.0,0.375,10.125],"tintindex":0,"rotation":0,"texture":"#0"}}},{"from":[5.75,-6.0,7.25],"to":[8.25,-6.0,9.75],"faces":{"up":{"uv":[7.25,6.875,6.625,6.25],"tintindex":0,"rotation":0,"texture":"#0"},"down":{"uv":[7.25,6.25,6.625,6.875],"tintindex":0,"rotation":0,"texture":"#0"}}},{"from":[4.5,-6.0,8.5],"to":[9.0,3.5,8.5],"faces":{"south":{"uv":[4.875,1.875,3.75,4.25],"tintindex":0,"rotation":0,"texture":"#0"},"north":{"uv":[3.75,1.875,4.875,4.25],"tintindex":0,"rotation":0,"texture":"#0"}}},{"from":[8.25,-6.0,7.25],"to":[8.25,-4.5,9.75],"faces":{"east":{"uv":[5.375,6.875,6.0,7.25],"tintindex":0,"rotation":0,"texture":"#0"},"west":{"uv":[5.375,6.875,6.0,7.25],"tintindex":0,"rotation":0,"texture":"#0"}}},{"from":[5.75,-6.0,7.25],"to":[5.75,-4.5,9.75],"faces":{"east":{"uv":[7.25,6.875,6.625,7.25],"tintindex":0,"rotation":0,"texture":"#0"},"west":{"uv":[6.625,6.875,7.25,7.25],"tintindex":0,"rotation":0,"texture":"#0"}}}],"display":{"head":{"rotation":[0.0,0.0,0.0]},"firstperson_righthand":{"rotation":[0.0,0.0,0.0]},"thirdperson_lefthand":{"rotation":[0.0,-0.0,-0.0]},"firstperson_lefthand":{"rotation":[0.0,-0.0,-0.0]},"fixed":{"rotation":[0.0,0.0,0.0]},"ground":{"rotation":[0.0,0.0,0.0]},"thirdperson_righthand":{"rotation":[0.0,0.0,0.0]},"gui":{"rotation":[-150.0,-75.0,-180.0]}}}