{"textures":{"0":"modelengine:block/warped_enderman"},"elements":[{"from":[7.75,-6.0,9.75],"to":[10.25,-4.5,9.75],"faces":{"south":{"uv":[7.875,6.875,7.25,7.25],"tintindex":0,"rotation":0,"texture":"#0"},"north":{"uv":[7.875,6.875,7.25,7.25],"tintindex":0,"rotation":0,"texture":"#0"}}},{"from":[7.75,-6.0,7.25],"to":[10.25,-4.5,7.25],"faces":{"south":{"uv":[6.0,6.875,6.625,7.25],"tintindex":0,"rotation":0,"texture":"#0"},"north":{"uv":[6.625,6.875,6.0,7.25],"tintindex":0,"rotation":0,"texture":"#0"}}},{"from":[8.5,8.5,8.0],"to":[10.5,11.5,8.0],"faces":{"south":{"uv":[3.75,0.0,3.25,0.75],"tintindex":0,"rotation":0,"texture":"#0"},"north":{"uv":[3.25,0.0,3.75,0.75],"tintindex":0,"rotation":0,"texture":"#0"}}},{"from":[7.75,-6.0,7.25],"to":[7.75,-4.5,9.75],"faces":{"east":{"uv":[6.0,6.875,5.375,7.25],"tintindex":0,"rotation":0,"texture":"#0"},"west":{"uv":[6.0,6.875,5.375,7.25],"tintindex":0,"rotation":0,"texture":"#0"}}},{"from":[8.0,-6.0,7.5],"to":[10.0,2.0,9.5],"faces":{"east":{"uv":[6.0,2.125,6.5,4.125],"tintindex":0,"rotation":0,"texture":"#0"},"south":{"uv":[7.5,2.125,8.0,4.125],"tintindex":0,"rotation":0,"texture":"#0"},"north":{"uv":[6.5,2.125,7.0,4.125],"tintindex":0,"rotation":0,"texture":"#0"},"west":{"uv":[7.0,2.125,7.5,4.125],"tintindex":0,"rotation":0,"texture":"#0"},"up":{"uv":[7.0,2.125,6.5,1.625],"tintindex":0,"rotation":0,"texture":"#0"},"down":{"uv":[7.5,1.625,7.0,2.125],"tintindex":0,"rotation":0,"texture":"#0"}}},{"from":[8.0,2.0,7.5],"to":[9.5,9.0,9.0],"faces":{"east":{"uv":[6.0,4.5,6.375,6.25],"tintindex":0,"rotation":0,"texture":"#0"},"south":{"uv":[7.125,4.5,7.5,6.25],"tintindex":0,"rotation":0,"texture":"#0"},"north":{"uv":[6.375,4.5,6.75,6.25],"tintindex":0,"rotation":0,"texture":"#0"},"west":{"uv":[6.75,4.5,7.125,6.25],"tintindex":0,"rotation":0,"texture":"#0"},"up":{"uv":[6.75,4.5,6.375,4.125],"tintindex":0,"rotation":0,"texture":"#0"},"down":{"uv":[7.125,4.125,6.75,4.5],"tintindex":0,"rotation":0,"texture":"#0"}}},{"from":[7.0,-6.0,8.5],"to":[11.5,3.5,8.5],"faces":{"south":{"uv":[4.875,4.25,3.75,6.625],"tintindex":0,"rotation":0,"texture":"#0"},"north":{"uv":[3.75,4.25,4.875,6.625],"tintindex":0,"rotation":0,"texture":"#0"}}},{"from":[7.75,-6.0,7.25],"to":[10.25,-6.0,9.75],"faces":{"up":{"uv":[6.625,6.875,7.25,6.25],"tintindex":0,"rotation":0,"texture":"#0"},"down":{"uv":[6.625,6.25,7.25,6.875],"tintindex":0,"rotation":0,"texture":"#0"}}},{"from":[10.25,-6.0,7.25],"to":[10.25,-4.5,9.75],"faces":{"east":{"uv":[7.25,6.875,6.625,7.25],"tintindex":0,"rotation":0,"texture":"#0"},"west":{"uv":[6.625,6.875,7.25,7.25],"tintindex":0,"rotation":0,"texture":"#0"}}}],"display":{"head":{"rotation":[0.0,0.0,0.0]},"firstperson_righthand":{"rotation":[0.0,0.0,0.0]},"thirdperson_lefthand":{"rotation":[0.0,-0.0,-0.0]},"firstperson_lefthand":{"rotation":[0.0,-0.0,-0.0]},"fixed":{"rotation":[0.0,0.0,0.0]},"ground":{"rotation":[0.0,0.0,0.0]},"thirdperson_righthand":{"rotation":[0.0,0.0,0.0]},"gui":{"rotation":[-150.0,-75.0,-180.0]}}}