{"textures":{"0":"modelengine:entity/end_islands_enderman"},"elements":[{"from":[4.0,8.0,5.0],"to":[11.0,22.0,11.0],"faces":{"east":{"uv":[4.0,2.375,4.75,4.125],"tintindex":0,"rotation":0,"texture":"#0"},"south":{"uv":[6.375,2.375,7.25,4.125],"tintindex":0,"rotation":0,"texture":"#0"},"north":{"uv":[4.75,2.375,5.625,4.125],"tintindex":0,"rotation":0,"texture":"#0"},"west":{"uv":[5.625,2.375,6.375,4.125],"tintindex":0,"rotation":0,"texture":"#0"},"up":{"uv":[5.625,2.375,4.75,1.625],"tintindex":0,"rotation":0,"texture":"#0"},"down":{"uv":[6.5,1.625,5.625,2.375],"tintindex":0,"rotation":0,"texture":"#0"}}}],"display":{"head":{"rotation":[0.0,0.0,0.0]},"firstperson_righthand":{"rotation":[0.0,0.0,0.0]},"thirdperson_lefthand":{"rotation":[0.0,-0.0,-0.0]},"firstperson_lefthand":{"rotation":[0.0,-0.0,-0.0]},"fixed":{"rotation":[0.0,0.0,0.0]},"ground":{"rotation":[0.0,0.0,0.0]},"thirdperson_righthand":{"rotation":[0.0,0.0,0.0]},"gui":{"rotation":[-150.0,-75.0,-180.0]}}}