{"textures":{"0":"modelengine:entity/end_islands_enderman"},"elements":[{"from":[1.0,5.0,3.5],"to":[14.0,9.0,8.5],"faces":{"east":{"uv":[4.0,4.75,4.625,5.25],"tintindex":0,"rotation":0,"texture":"#0"},"south":{"uv":[6.875,4.75,8.5,5.25],"tintindex":0,"rotation":0,"texture":"#0"},"north":{"uv":[4.625,4.75,6.25,5.25],"tintindex":0,"rotation":0,"texture":"#0"},"west":{"uv":[6.25,4.75,6.875,5.25],"tintindex":0,"rotation":0,"texture":"#0"},"up":{"uv":[6.25,4.75,4.625,4.125],"tintindex":0,"rotation":0,"texture":"#0"},"down":{"uv":[7.875,4.125,6.25,4.75],"tintindex":0,"rotation":0,"texture":"#0"}}}],"display":{"head":{"rotation":[0.0,0.0,0.0]},"firstperson_righthand":{"rotation":[0.0,0.0,0.0]},"thirdperson_lefthand":{"rotation":[0.0,-0.0,-0.0]},"firstperson_lefthand":{"rotation":[0.0,-0.0,-0.0]},"fixed":{"rotation":[0.0,0.0,0.0]},"ground":{"rotation":[0.0,0.0,0.0]},"thirdperson_righthand":{"rotation":[0.0,0.0,0.0]},"gui":{"rotation":[-150.0,-75.0,-180.0]}}}