{"textures":{"0":"modelengine:entity/end_islands_enderman"},"elements":[{"from":[0.5,8.0,3.5],"to":[15.5,12.0,12.5],"faces":{"east":{"uv":[0.0,1.125,1.125,1.625],"tintindex":0,"rotation":0,"texture":"#0"},"south":{"uv":[4.125,1.125,6.0,1.625],"tintindex":0,"rotation":0,"texture":"#0"},"north":{"uv":[1.125,1.125,3.0,1.625],"tintindex":0,"rotation":0,"texture":"#0"},"west":{"uv":[3.0,1.125,4.125,1.625],"tintindex":0,"rotation":0,"texture":"#0"},"up":{"uv":[3.0,1.125,1.125,0.0],"tintindex":0,"rotation":0,"texture":"#0"},"down":{"uv":[4.875,0.0,3.0,1.125],"tintindex":0,"rotation":0,"texture":"#0"}}}],"display":{"head":{"rotation":[0.0,0.0,0.0]},"firstperson_righthand":{"rotation":[0.0,0.0,0.0]},"thirdperson_lefthand":{"rotation":[0.0,-0.0,-0.0]},"firstperson_lefthand":{"rotation":[0.0,-0.0,-0.0]},"fixed":{"rotation":[0.0,0.0,0.0]},"ground":{"rotation":[0.0,0.0,0.0]},"thirdperson_righthand":{"rotation":[0.0,0.0,0.0]},"gui":{"rotation":[-150.0,-75.0,-180.0]}}}