{"textures":{"0":"modelengine:entity/end_islands_enderman"},"elements":[{"from":[3.0,5.0,8.0],"to":[8.0,13.0,8.0],"faces":{"south":{"uv":[6.75,0.0,7.375,1.0],"tintindex":0,"rotation":0,"texture":"#0"},"north":{"uv":[6.125,0.0,6.75,1.0],"tintindex":0,"rotation":0,"texture":"#0"}}}],"display":{"head":{"rotation":[0.0,0.0,0.0]},"firstperson_righthand":{"rotation":[0.0,0.0,0.0]},"thirdperson_lefthand":{"rotation":[0.0,-0.0,-0.0]},"firstperson_lefthand":{"rotation":[0.0,-0.0,-0.0]},"fixed":{"rotation":[0.0,0.0,0.0]},"ground":{"rotation":[0.0,0.0,0.0]},"thirdperson_righthand":{"rotation":[0.0,0.0,0.0]},"gui":{"rotation":[-150.0,-75.0,-180.0]}}}