{"textures":{"0":"modelengine:entity/end_islands_enderman"},"elements":[{"from":[5.5,8.0,6.0],"to":[10.5,17.0,10.0],"faces":{"east":{"uv":[4.0,5.75,4.5,6.875],"tintindex":0,"rotation":0,"texture":"#0"},"south":{"uv":[5.625,5.75,6.25,6.875],"tintindex":0,"rotation":0,"texture":"#0"},"north":{"uv":[4.5,5.75,5.125,6.875],"tintindex":0,"rotation":0,"texture":"#0"},"west":{"uv":[5.125,5.75,5.625,6.875],"tintindex":0,"rotation":0,"texture":"#0"},"up":{"uv":[5.125,5.75,4.5,5.25],"tintindex":0,"rotation":0,"texture":"#0"},"down":{"uv":[5.75,5.25,5.125,5.75],"tintindex":0,"rotation":0,"texture":"#0"}}}],"display":{"head":{"rotation":[0.0,0.0,0.0]},"firstperson_righthand":{"rotation":[0.0,0.0,0.0]},"thirdperson_lefthand":{"rotation":[0.0,-0.0,-0.0]},"firstperson_lefthand":{"rotation":[0.0,-0.0,-0.0]},"fixed":{"rotation":[0.0,0.0,0.0]},"ground":{"rotation":[0.0,0.0,0.0]},"thirdperson_righthand":{"rotation":[0.0,0.0,0.0]},"gui":{"rotation":[-150.0,-75.0,-180.0]}}}