{"textures":{"0":"modelengine:entity/end_islands_enderman"},"elements":[{"from":[7.5,-16.0,7.5],"to":[8.5,8.5,8.5],"faces":{"east":{"uv":[1.0,1.875,1.25,8.0],"tintindex":0,"rotation":0,"texture":"#0"},"south":{"uv":[1.75,1.875,2.0,8.0],"tintindex":0,"rotation":0,"texture":"#0"},"north":{"uv":[1.25,1.875,1.5,8.0],"tintindex":0,"rotation":0,"texture":"#0"},"west":{"uv":[1.5,1.875,1.75,8.0],"tintindex":0,"rotation":0,"texture":"#0"},"up":{"uv":[1.5,1.875,1.25,1.625],"tintindex":0,"rotation":0,"texture":"#0"},"down":{"uv":[1.75,1.625,1.5,1.875],"tintindex":0,"rotation":0,"texture":"#0"}}}],"display":{"head":{"rotation":[0.0,0.0,0.0]},"firstperson_righthand":{"rotation":[0.0,0.0,0.0]},"thirdperson_lefthand":{"rotation":[0.0,-0.0,-0.0]},"firstperson_lefthand":{"rotation":[0.0,-0.0,-0.0]},"fixed":{"rotation":[0.0,0.0,0.0]},"ground":{"rotation":[0.0,0.0,0.0]},"thirdperson_righthand":{"rotation":[0.0,0.0,0.0]},"gui":{"rotation":[-150.0,-75.0,-180.0]}}}