{"textures":{"0":"modelengine:entity/end_islands_enderman"},"elements":[{"from":[8.0,5.0,8.0],"to":[13.0,13.0,8.0],"faces":{"south":{"uv":[5.5,0.0,6.125,1.0],"tintindex":0,"rotation":0,"texture":"#0"},"north":{"uv":[4.875,0.0,5.5,1.0],"tintindex":0,"rotation":0,"texture":"#0"}}}],"display":{"head":{"rotation":[0.0,0.0,0.0]},"firstperson_righthand":{"rotation":[0.0,0.0,0.0]},"thirdperson_lefthand":{"rotation":[0.0,-0.0,-0.0]},"firstperson_lefthand":{"rotation":[0.0,-0.0,-0.0]},"fixed":{"rotation":[0.0,0.0,0.0]},"ground":{"rotation":[0.0,0.0,0.0]},"thirdperson_righthand":{"rotation":[0.0,0.0,0.0]},"gui":{"rotation":[-150.0,-75.0,-180.0]}}}