{"textures":{"0":"modelengine:entity/end_islands_enderman"},"elements":[{"from":[7.5,-13.5,7.5],"to":[8.5,8.0,8.5],"faces":{"east":{"uv":[3.0,1.875,3.25,7.25],"tintindex":0,"rotation":0,"texture":"#0"},"south":{"uv":[3.75,1.875,4.0,7.25],"tintindex":0,"rotation":0,"texture":"#0"},"north":{"uv":[3.25,1.875,3.5,7.25],"tintindex":0,"rotation":0,"texture":"#0"},"west":{"uv":[3.5,1.875,3.75,7.25],"tintindex":0,"rotation":0,"texture":"#0"},"up":{"uv":[3.5,1.875,3.25,1.625],"tintindex":0,"rotation":0,"texture":"#0"},"down":{"uv":[3.75,1.625,3.5,1.875],"tintindex":0,"rotation":0,"texture":"#0"}}}],"display":{"head":{"rotation":[0.0,0.0,0.0]},"firstperson_righthand":{"rotation":[0.0,0.0,0.0]},"thirdperson_lefthand":{"rotation":[0.0,-0.0,-0.0]},"firstperson_lefthand":{"rotation":[0.0,-0.0,-0.0]},"fixed":{"rotation":[0.0,0.0,0.0]},"ground":{"rotation":[0.0,0.0,0.0]},"thirdperson_righthand":{"rotation":[0.0,0.0,0.0]},"gui":{"rotation":[-150.0,-75.0,-180.0]}}}