{"textures":{"0":"modelengine:entity/desert_enderman"},"elements":[{"from":[4.0,8.0,6.0],"to":[12.0,23.0,10.0],"faces":{"east":{"uv":[2.0,2.5,2.5,4.375],"tintindex":0,"rotation":0,"texture":"#0"},"south":{"uv":[4.0,2.5,5.0,4.375],"tintindex":0,"rotation":0,"texture":"#0"},"north":{"uv":[2.5,2.5,3.5,4.375],"tintindex":0,"rotation":0,"texture":"#0"},"west":{"uv":[3.5,2.5,4.0,4.375],"tintindex":0,"rotation":0,"texture":"#0"},"up":{"uv":[3.5,2.5,2.5,2.0],"tintindex":0,"rotation":0,"texture":"#0"},"down":{"uv":[4.5,2.0,3.5,2.5],"tintindex":0,"rotation":0,"texture":"#0"}}}],"display":{"head":{"rotation":[0.0,0.0,0.0]},"firstperson_righthand":{"rotation":[0.0,0.0,0.0]},"thirdperson_lefthand":{"rotation":[0.0,-0.0,-0.0]},"firstperson_lefthand":{"rotation":[0.0,-0.0,-0.0]},"fixed":{"rotation":[0.0,0.0,0.0]},"ground":{"rotation":[0.0,0.0,0.0]},"thirdperson_righthand":{"rotation":[0.0,0.0,0.0]},"gui":{"rotation":[-150.0,-75.0,-180.0]}}}