{"textures":{"0":"modelengine:entity/desert_enderman"},"elements":[{"from":[5.0,7.5,8.0],"to":[11.0,8.5,8.0],"faces":{"south":{"uv":[5.25,2.0,6.0,2.125],"tintindex":0,"rotation":0,"texture":"#0"},"north":{"uv":[4.5,2.0,5.25,2.125],"tintindex":0,"rotation":0,"texture":"#0"}}}],"display":{"head":{"rotation":[0.0,0.0,0.0]},"firstperson_righthand":{"rotation":[0.0,0.0,0.0]},"thirdperson_lefthand":{"rotation":[0.0,-0.0,-0.0]},"firstperson_lefthand":{"rotation":[0.0,-0.0,-0.0]},"fixed":{"rotation":[0.0,0.0,0.0]},"ground":{"rotation":[0.0,0.0,0.0]},"thirdperson_righthand":{"rotation":[0.0,0.0,0.0]},"gui":{"rotation":[-150.0,-75.0,-180.0]}}}