{"textures":{"0":"modelengine:entity/desert_enderman"},"elements":[{"from":[12.0,8.0,4.0],"to":[12.0,16.0,12.0],"faces":{"east":{"uv":[0.0,1.0,1.0,2.0],"tintindex":0,"rotation":0,"texture":"#0"},"west":{"uv":[1.0,1.0,0.0,2.0],"tintindex":0,"rotation":0,"texture":"#0"}}},{"from":[4.0,8.0,4.0],"to":[4.0,16.0,12.0],"faces":{"east":{"uv":[3.0,1.0,2.0,2.0],"tintindex":0,"rotation":0,"texture":"#0"},"west":{"uv":[2.0,1.0,3.0,2.0],"tintindex":0,"rotation":0,"texture":"#0"}}},{"from":[4.0,8.0,4.0],"to":[12.0,8.0,12.0],"faces":{"up":{"uv":[3.0,1.0,2.0,0.0],"tintindex":0,"rotation":0,"texture":"#0"},"down":{"uv":[3.0,0.0,2.0,1.0],"tintindex":0,"rotation":0,"texture":"#0"}}},{"from":[4.5,8.0,4.5],"to":[11.5,16.0,11.5],"faces":{"east":{"uv":[4.0,0.875,4.875,1.875],"tintindex":0,"rotation":0,"texture":"#0"},"south":{"uv":[6.625,0.875,7.5,1.875],"tintindex":0,"rotation":0,"texture":"#0"},"north":{"uv":[4.875,0.875,5.75,1.875],"tintindex":0,"rotation":0,"texture":"#0"},"west":{"uv":[5.75,0.875,6.625,1.875],"tintindex":0,"rotation":0,"texture":"#0"},"up":{"uv":[5.75,0.875,4.875,0.0],"tintindex":0,"rotation":0,"texture":"#0"},"down":{"uv":[6.625,0.0,5.75,0.875],"tintindex":0,"rotation":0,"texture":"#0"}}},{"from":[4.0,8.0,12.0],"to":[12.0,16.0,12.0],"faces":{"south":{"uv":[3.0,1.0,4.0,2.0],"tintindex":0,"rotation":0,"texture":"#0"},"north":{"uv":[4.0,1.0,3.0,2.0],"tintindex":0,"rotation":0,"texture":"#0"}}},{"from":[4.0,8.0,4.0],"to":[12.0,16.0,4.0],"faces":{"south":{"uv":[2.0,1.0,1.0,2.0],"tintindex":0,"rotation":0,"texture":"#0"},"north":{"uv":[1.0,1.0,2.0,2.0],"tintindex":0,"rotation":0,"texture":"#0"}}},{"from":[4.0,16.0,4.0],"to":[12.0,16.0,12.0],"faces":{"up":{"uv":[2.0,1.0,1.0,0.0],"tintindex":0,"rotation":0,"texture":"#0"},"down":{"uv":[2.0,0.0,1.0,1.0],"tintindex":0,"rotation":0,"texture":"#0"}}}],"display":{"head":{"rotation":[0.0,0.0,0.0]},"firstperson_righthand":{"rotation":[0.0,0.0,0.0]},"thirdperson_lefthand":{"rotation":[0.0,-0.0,-0.0]},"firstperson_lefthand":{"rotation":[0.0,-0.0,-0.0]},"fixed":{"rotation":[0.0,0.0,0.0]},"ground":{"rotation":[0.0,0.0,0.0]},"thirdperson_righthand":{"rotation":[0.0,0.0,0.0]},"gui":{"rotation":[-150.0,-75.0,-180.0]}}}