{"textures":{"0":"modelengine:entity/desert_enderman"},"elements":[{"from":[7.5,-8.0,7.5],"to":[8.5,9.0,8.5],"faces":{"east":{"uv":[0.0,2.25,0.25,6.5],"tintindex":0,"rotation":0,"texture":"#0"},"south":{"uv":[0.75,2.25,1.0,6.5],"tintindex":0,"rotation":0,"texture":"#0"},"north":{"uv":[0.25,2.25,0.5,6.5],"tintindex":0,"rotation":0,"texture":"#0"},"west":{"uv":[0.5,2.25,0.75,6.5],"tintindex":0,"rotation":0,"texture":"#0"},"up":{"uv":[0.5,2.25,0.25,2.0],"tintindex":0,"rotation":0,"texture":"#0"},"down":{"uv":[0.75,2.0,0.5,2.25],"tintindex":0,"rotation":0,"texture":"#0"}}},{"from":[5.5,-3.5,8.0],"to":[7.5,-1.5,8.0],"faces":{"south":{"uv":[0.5,7.0,0.0,7.5],"tintindex":0,"rotation":0,"texture":"#0"},"north":{"uv":[0.0,7.0,0.5,7.5],"tintindex":0,"rotation":0,"texture":"#0"}}}],"display":{"head":{"rotation":[0.0,0.0,0.0]},"firstperson_righthand":{"rotation":[0.0,0.0,0.0]},"thirdperson_lefthand":{"rotation":[0.0,-0.0,-0.0]},"firstperson_lefthand":{"rotation":[0.0,-0.0,-0.0]},"fixed":{"rotation":[0.0,0.0,0.0]},"ground":{"rotation":[0.0,0.0,0.0]},"thirdperson_righthand":{"rotation":[0.0,0.0,0.0]},"gui":{"rotation":[-150.0,-75.0,-180.0]}}}