{"textures":{"0":"modelengine:entity/desert_enderman"},"elements":[{"from":[7.5,-6.0,7.5],"to":[8.5,9.0,8.5],"faces":{"east":{"uv":[2.0,4.625,2.25,8.375],"tintindex":0,"rotation":0,"texture":"#0"},"south":{"uv":[2.75,4.625,3.0,8.375],"tintindex":0,"rotation":0,"texture":"#0"},"north":{"uv":[2.25,4.625,2.5,8.375],"tintindex":0,"rotation":0,"texture":"#0"},"west":{"uv":[2.5,4.625,2.75,8.375],"tintindex":0,"rotation":0,"texture":"#0"},"up":{"uv":[2.5,4.625,2.25,4.375],"tintindex":0,"rotation":0,"texture":"#0"},"down":{"uv":[2.75,4.375,2.5,4.625],"tintindex":0,"rotation":0,"texture":"#0"}}},{"from":[6.5,-5.0,8.0],"to":[7.5,-3.5,8.0],"faces":{"south":{"uv":[0.25,6.625,0.0,7.0],"tintindex":0,"rotation":0,"texture":"#0"},"north":{"uv":[0.0,6.625,0.25,7.0],"tintindex":0,"rotation":0,"texture":"#0"}}}],"display":{"head":{"rotation":[0.0,0.0,0.0]},"firstperson_righthand":{"rotation":[0.0,0.0,0.0]},"thirdperson_lefthand":{"rotation":[0.0,-0.0,-0.0]},"firstperson_lefthand":{"rotation":[0.0,-0.0,-0.0]},"fixed":{"rotation":[0.0,0.0,0.0]},"ground":{"rotation":[0.0,0.0,0.0]},"thirdperson_righthand":{"rotation":[0.0,0.0,0.0]},"gui":{"rotation":[-150.0,-75.0,-180.0]}}}