{"textures":{"0":"modelengine:entity/desert_enderman"},"elements":[{"from":[7.5,-6.0,7.5],"to":[8.5,9.0,8.5],"faces":{"east":{"uv":[3.0,4.625,3.25,8.375],"tintindex":0,"rotation":0,"texture":"#0"},"south":{"uv":[3.75,4.625,4.0,8.375],"tintindex":0,"rotation":0,"texture":"#0"},"north":{"uv":[3.25,4.625,3.5,8.375],"tintindex":0,"rotation":0,"texture":"#0"},"west":{"uv":[3.5,4.625,3.75,8.375],"tintindex":0,"rotation":0,"texture":"#0"},"up":{"uv":[3.5,4.625,3.25,4.375],"tintindex":0,"rotation":0,"texture":"#0"},"down":{"uv":[3.75,4.375,3.5,4.625],"tintindex":0,"rotation":0,"texture":"#0"}}}],"display":{"head":{"rotation":[0.0,0.0,0.0]},"firstperson_righthand":{"rotation":[0.0,0.0,0.0]},"thirdperson_lefthand":{"rotation":[0.0,-0.0,-0.0]},"firstperson_lefthand":{"rotation":[0.0,-0.0,-0.0]},"fixed":{"rotation":[0.0,0.0,0.0]},"ground":{"rotation":[0.0,0.0,0.0]},"thirdperson_righthand":{"rotation":[0.0,0.0,0.0]},"gui":{"rotation":[-150.0,-75.0,-180.0]}}}