{"textures":{"0":"modelengine:block/ps_cw_light_sentinel_vfx_light_sword"},"elements":[{"from":[7.5,-8.353554,3.3964443],"to":[8.5,-7.6464443,4.1035557],"faces":{"east":{"uv":[11.625,0.375,11.75,0.5],"tintindex":0,"rotation":0,"texture":"#0"},"south":{"uv":[11.5,1.75,11.75,1.875],"tintindex":0,"rotation":0,"texture":"#0"},"north":{"uv":[11.5,1.625,11.75,1.75],"tintindex":0,"rotation":0,"texture":"#0"},"west":{"uv":[0.5,11.625,0.625,11.75],"tintindex":0,"rotation":0,"texture":"#0"},"up":{"uv":[11.75,2.0,11.5,1.875],"tintindex":0,"rotation":0,"texture":"#0"},"down":{"uv":[11.75,2.0,11.5,2.125],"tintindex":0,"rotation":0,"texture":"#0"}},"rotation":{"origin":[8.0,-8.0,3.75],"angle":45.0,"axis":"x"}},{"from":[7.75,-15.69186,7.882166],"to":[8.25,-14.3853,8.423361],"faces":{"east":{"uv":[11.25,7.75,11.375,8.125],"tintindex":0,"rotation":0,"texture":"#0"},"south":{"uv":[8.5,11.25,8.625,11.625],"tintindex":0,"rotation":0,"texture":"#0"},"north":{"uv":[11.25,7.375,11.375,7.75],"tintindex":0,"rotation":0,"texture":"#0"},"west":{"uv":[8.625,11.25,8.75,11.625],"tintindex":0,"rotation":0,"texture":"#0"},"up":{"uv":[11.75,0.125,11.625,0.0],"tintindex":0,"rotation":0,"texture":"#0"},"down":{"uv":[0.25,11.625,0.125,11.75],"tintindex":0,"rotation":0,"texture":"#0"}},"rotation":{"origin":[8.0,-14.6353,8.173361],"angle":22.5,"axis":"x"}},{"from":[7.75,-1.5,6.75],"to":[8.25,5.0,7.75],"faces":{"east":{"uv":[9.625,1.625,9.875,3.25],"tintindex":0,"rotation":0,"texture":"#0"},"south":{"uv":[10.5,9.25,10.625,10.875],"tintindex":0,"rotation":0,"texture":"#0"},"north":{"uv":[10.5,7.625,10.625,9.25],"tintindex":0,"rotation":0,"texture":"#0"},"west":{"uv":[9.625,6.0,9.875,7.625],"tintindex":0,"rotation":0,"texture":"#0"},"up":{"uv":[11.625,5.375,11.5,5.125],"tintindex":0,"rotation":0,"texture":"#0"},"down":{"uv":[11.625,5.375,11.5,5.625],"tintindex":0,"rotation":0,"texture":"#0"}}},{"from":[7.75,5.0,6.75],"to":[8.25,6.0,7.25],"faces":{"east":{"uv":[11.5,4.375,11.625,4.625],"tintindex":0,"rotation":0,"texture":"#0"},"south":{"uv":[11.5,4.625,11.625,4.875],"tintindex":0,"rotation":0,"texture":"#0"},"north":{"uv":[11.5,4.125,11.625,4.375],"tintindex":0,"rotation":0,"texture":"#0"},"west":{"uv":[11.5,4.875,11.625,5.125],"tintindex":0,"rotation":0,"texture":"#0"},"up":{"uv":[11.75,1.0,11.625,0.875],"tintindex":0,"rotation":0,"texture":"#0"},"down":{"uv":[1.125,11.625,1.0,11.75],"tintindex":0,"rotation":0,"texture":"#0"}}},{"from":[7.5,-8.5,3.75],"to":[8.5,-7.5,12.25],"faces":{"east":{"uv":[9.125,5.5,11.25,5.75],"tintindex":0,"rotation":0,"texture":"#0"},"south":{"uv":[11.125,2.25,11.375,2.5],"tintindex":0,"rotation":0,"texture":"#0"},"north":{"uv":[11.125,2.0,11.375,2.25],"tintindex":0,"rotation":0,"texture":"#0"},"west":{"uv":[9.125,5.75,11.25,6.0],"tintindex":0,"rotation":0,"texture":"#0"},"up":{"uv":[8.25,11.125,8.0,9.0],"tintindex":0,"rotation":0,"texture":"#0"},"down":{"uv":[8.5,9.0,8.25,11.125],"tintindex":0,"rotation":0,"texture":"#0"}}},{"from":[7.75,4.80814,6.826641],"to":[8.25,6.1147,7.367836],"faces":{"east":{"uv":[11.25,10.75,11.375,11.125],"tintindex":0,"rotation":0,"texture":"#0"},"south":{"uv":[10.875,11.25,11.0,11.625],"tintindex":0,"rotation":0,"texture":"#0"},"north":{"uv":[11.25,9.625,11.375,10.0],"tintindex":0,"rotation":0,"texture":"#0"},"west":{"uv":[11.0,11.25,11.125,11.625],"tintindex":0,"rotation":0,"texture":"#0"},"up":{"uv":[11.75,0.375,11.625,0.25],"tintindex":0,"rotation":0,"texture":"#0"},"down":{"uv":[0.5,11.625,0.375,11.75],"tintindex":0,"rotation":0,"texture":"#0"}},"rotation":{"origin":[8.0,5.8647,7.076641],"angle":-22.5,"axis":"x"}},{"from":[7.75,4.80814,8.632166],"to":[8.25,6.1147,9.173361],"faces":{"east":{"uv":[8.875,11.25,9.0,11.625],"tintindex":0,"rotation":0,"texture":"#0"},"south":{"uv":[11.25,8.875,11.375,9.25],"tintindex":0,"rotation":0,"texture":"#0"},"north":{"uv":[8.75,11.25,8.875,11.625],"tintindex":0,"rotation":0,"texture":"#0"},"west":{"uv":[11.25,9.25,11.375,9.625],"tintindex":0,"rotation":0,"texture":"#0"},"up":{"uv":[11.75,0.25,11.625,0.125],"tintindex":0,"rotation":0,"texture":"#0"},"down":{"uv":[0.375,11.625,0.25,11.75],"tintindex":0,"rotation":0,"texture":"#0"}},"rotation":{"origin":[8.0,5.8647,8.923361],"angle":22.5,"axis":"x"}},{"from":[7.5,-13.5,7.0],"to":[8.5,-12.5,9.0],"faces":{"east":{"uv":[10.75,7.5,11.25,7.75],"tintindex":0,"rotation":0,"texture":"#0"},"south":{"uv":[11.125,1.75,11.375,2.0],"tintindex":0,"rotation":0,"texture":"#0"},"north":{"uv":[11.125,1.5,11.375,1.75],"tintindex":0,"rotation":0,"texture":"#0"},"west":{"uv":[10.75,7.75,11.25,8.0],"tintindex":0,"rotation":0,"texture":"#0"},"up":{"uv":[11.0,8.5,10.75,8.0],"tintindex":0,"rotation":0,"texture":"#0"},"down":{"uv":[11.0,8.5,10.75,9.0],"tintindex":0,"rotation":0,"texture":"#0"}}},{"from":[7.75,-1.5,8.25],"to":[8.25,5.0,9.25],"faces":{"east":{"uv":[9.375,9.25,9.625,10.875],"tintindex":0,"rotation":0,"texture":"#0"},"south":{"uv":[10.5,6.0,10.625,7.625],"tintindex":0,"rotation":0,"texture":"#0"},"north":{"uv":[10.5,1.625,10.625,3.25],"tintindex":0,"rotation":0,"texture":"#0"},"west":{"uv":[9.625,0.0,9.875,1.625],"tintindex":0,"rotation":0,"texture":"#0"},"up":{"uv":[11.625,3.875,11.5,3.625],"tintindex":0,"rotation":0,"texture":"#0"},"down":{"uv":[11.625,3.875,11.5,4.125],"tintindex":0,"rotation":0,"texture":"#0"}}},{"from":[7.75,-14.5,7.5],"to":[8.25,-8.5,8.5],"faces":{"east":{"uv":[9.875,1.5,10.125,3.0],"tintindex":0,"rotation":0,"texture":"#0"},"south":{"uv":[9.625,10.625,9.75,12.125],"tintindex":0,"rotation":0,"texture":"#0"},"north":{"uv":[10.625,9.0,10.75,10.5],"tintindex":0,"rotation":0,"texture":"#0"},"west":{"uv":[9.875,3.0,10.125,4.5],"tintindex":0,"rotation":0,"texture":"#0"},"up":{"uv":[11.5,10.875,11.375,10.625],"tintindex":0,"rotation":0,"texture":"#0"},"down":{"uv":[11.5,10.875,11.375,11.125],"tintindex":0,"rotation":0,"texture":"#0"}}},{"from":[8.0,-7.5,4.75],"to":[8.0,8.0,20.750002],"faces":{"east":{"uv":[0.0,7.75,4.0,11.625],"tintindex":0,"rotation":0,"texture":"#0"},"west":{"uv":[4.0,7.75,8.0,11.625],"tintindex":0,"rotation":0,"texture":"#0"}}},{"from":[7.75,-15.5,7.5],"to":[8.25,-14.5,8.0],"faces":{"east":{"uv":[11.25,11.375,11.375,11.625],"tintindex":0,"rotation":0,"texture":"#0"},"south":{"uv":[11.375,11.375,11.5,11.625],"tintindex":0,"rotation":0,"texture":"#0"},"north":{"uv":[11.125,11.375,11.25,11.625],"tintindex":0,"rotation":0,"texture":"#0"},"west":{"uv":[11.5,1.375,11.625,1.625],"tintindex":0,"rotation":0,"texture":"#0"},"up":{"uv":[11.625,11.625,11.5,11.5],"tintindex":0,"rotation":0,"texture":"#0"},"down":{"uv":[0.125,11.625,0.0,11.75],"tintindex":0,"rotation":0,"texture":"#0"}}},{"from":[7.5,-13.353554,8.646444],"to":[8.5,-12.646446,9.353556],"faces":{"east":{"uv":[11.625,0.625,11.75,0.75],"tintindex":0,"rotation":0,"texture":"#0"},"south":{"uv":[11.5,2.75,11.75,2.875],"tintindex":0,"rotation":0,"texture":"#0"},"north":{"uv":[11.5,2.625,11.75,2.75],"tintindex":0,"rotation":0,"texture":"#0"},"west":{"uv":[0.75,11.625,0.875,11.75],"tintindex":0,"rotation":0,"texture":"#0"},"up":{"uv":[11.75,3.0,11.5,2.875],"tintindex":0,"rotation":0,"texture":"#0"},"down":{"uv":[11.75,3.0,11.5,3.125],"tintindex":0,"rotation":0,"texture":"#0"}},"rotation":{"origin":[8.0,-13.0,9.0],"angle":45.0,"axis":"x"}},{"from":[7.25,-8.75,10.25],"to":[8.75,-7.25,11.25],"faces":{"east":{"uv":[11.0,7.0,11.25,7.375],"tintindex":0,"rotation":0,"texture":"#0"},"south":{"uv":[10.75,2.25,11.125,2.625],"tintindex":0,"rotation":0,"texture":"#0"},"north":{"uv":[10.75,1.875,11.125,2.25],"tintindex":0,"rotation":0,"texture":"#0"},"west":{"uv":[11.0,8.0,11.25,8.375],"tintindex":0,"rotation":0,"texture":"#0"},"up":{"uv":[11.375,8.625,11.0,8.375],"tintindex":0,"rotation":0,"texture":"#0"},"down":{"uv":[11.375,8.625,11.0,8.875],"tintindex":0,"rotation":0,"texture":"#0"}},"rotation":{"origin":[8.0,-8.0,8.75],"angle":45.0,"axis":"z"}},{"from":[7.5,-8.353554,11.896444],"to":[8.5,-7.6464443,12.603556],"faces":{"east":{"uv":[11.625,0.5,11.75,0.625],"tintindex":0,"rotation":0,"texture":"#0"},"south":{"uv":[11.5,2.25,11.75,2.375],"tintindex":0,"rotation":0,"texture":"#0"},"north":{"uv":[11.5,2.125,11.75,2.25],"tintindex":0,"rotation":0,"texture":"#0"},"west":{"uv":[0.625,11.625,0.75,11.75],"tintindex":0,"rotation":0,"texture":"#0"},"up":{"uv":[11.75,2.5,11.5,2.375],"tintindex":0,"rotation":0,"texture":"#0"},"down":{"uv":[11.75,2.5,11.5,2.625],"tintindex":0,"rotation":0,"texture":"#0"}},"rotation":{"origin":[8.0,-8.0,12.25],"angle":45.0,"axis":"x"}},{"from":[7.25,-8.75,4.75],"to":[8.75,-7.25,5.75],"faces":{"east":{"uv":[11.0,8.875,11.25,9.25],"tintindex":0,"rotation":0,"texture":"#0"},"south":{"uv":[10.75,3.0,11.125,3.375],"tintindex":0,"rotation":0,"texture":"#0"},"north":{"uv":[10.75,2.625,11.125,3.0],"tintindex":0,"rotation":0,"texture":"#0"},"west":{"uv":[11.0,9.25,11.25,9.625],"tintindex":0,"rotation":0,"texture":"#0"},"up":{"uv":[11.375,10.5,11.0,10.25],"tintindex":0,"rotation":0,"texture":"#0"},"down":{"uv":[11.375,10.5,11.0,10.75],"tintindex":0,"rotation":0,"texture":"#0"}},"rotation":{"origin":[8.0,-8.0,7.25],"angle":45.0,"axis":"z"}},{"from":[7.75,5.0,8.75],"to":[8.25,6.0,9.25],"faces":{"east":{"uv":[11.5,7.875,11.625,8.125],"tintindex":0,"rotation":0,"texture":"#0"},"south":{"uv":[8.0,11.5,8.125,11.75],"tintindex":0,"rotation":0,"texture":"#0"},"north":{"uv":[11.5,5.625,11.625,5.875],"tintindex":0,"rotation":0,"texture":"#0"},"west":{"uv":[8.125,11.5,8.25,11.75],"tintindex":0,"rotation":0,"texture":"#0"},"up":{"uv":[11.75,1.125,11.625,1.0],"tintindex":0,"rotation":0,"texture":"#0"},"down":{"uv":[1.25,11.625,1.125,11.75],"tintindex":0,"rotation":0,"texture":"#0"}}},{"from":[7.5,-13.353554,6.6464443],"to":[8.5,-12.646446,7.3535557],"faces":{"east":{"uv":[11.625,0.75,11.75,0.875],"tintindex":0,"rotation":0,"texture":"#0"},"south":{"uv":[11.5,3.25,11.75,3.375],"tintindex":0,"rotation":0,"texture":"#0"},"north":{"uv":[11.5,3.125,11.75,3.25],"tintindex":0,"rotation":0,"texture":"#0"},"west":{"uv":[0.875,11.625,1.0,11.75],"tintindex":0,"rotation":0,"texture":"#0"},"up":{"uv":[11.75,3.5,11.5,3.375],"tintindex":0,"rotation":0,"texture":"#0"},"down":{"uv":[11.75,3.5,11.5,3.625],"tintindex":0,"rotation":0,"texture":"#0"}},"rotation":{"origin":[8.0,-13.0,7.0],"angle":45.0,"axis":"x"}},{"from":[7.75,-7.5,6.75],"to":[8.25,-1.5,9.25],"faces":{"east":{"uv":[8.0,6.0,8.625,7.5],"tintindex":0,"rotation":0,"texture":"#0"},"south":{"uv":[10.625,10.5,10.75,12.0],"tintindex":0,"rotation":0,"texture":"#0"},"north":{"uv":[9.75,10.625,9.875,12.125],"tintindex":0,"rotation":0,"texture":"#0"},"west":{"uv":[8.0,7.5,8.625,9.0],"tintindex":0,"rotation":0,"texture":"#0"},"up":{"uv":[9.625,11.5,9.5,10.875],"tintindex":0,"rotation":0,"texture":"#0"},"down":{"uv":[10.875,11.0,10.75,11.625],"tintindex":0,"rotation":0,"texture":"#0"}}},{"from":[7.25,-8.25,6.5],"to":[8.75,-5.25,9.5],"faces":{"east":{"uv":[8.625,3.0,9.375,3.75],"tintindex":0,"rotation":0,"texture":"#0"},"south":{"uv":[10.125,1.5,10.5,2.25],"tintindex":0,"rotation":0,"texture":"#0"},"north":{"uv":[10.125,0.75,10.5,1.5],"tintindex":0,"rotation":0,"texture":"#0"},"west":{"uv":[8.625,3.75,9.375,4.5],"tintindex":0,"rotation":0,"texture":"#0"},"up":{"uv":[10.5,3.0,10.125,2.25],"tintindex":0,"rotation":0,"texture":"#0"},"down":{"uv":[10.5,3.0,10.125,3.75],"tintindex":0,"rotation":0,"texture":"#0"}},"rotation":{"origin":[8.0,-6.75,8.0],"angle":-45.0,"axis":"x"}}],"display":{"head":{"rotation":[0.0,0.0,0.0]},"firstperson_righthand":{"rotation":[0.0,0.0,0.0]},"thirdperson_lefthand":{"rotation":[0.0,-0.0,-0.0]},"firstperson_lefthand":{"rotation":[0.0,-0.0,-0.0]},"fixed":{"rotation":[0.0,0.0,0.0]},"ground":{"rotation":[0.0,0.0,0.0]},"thirdperson_righthand":{"rotation":[0.0,0.0,0.0]},"gui":{"rotation":[-150.0,-75.0,-180.0]}}}