{"textures":{"0":"modelengine:block/ps_cw_light_sentinel_vfx_light_sword"},"elements":[{"from":[7.75,4.80814,8.632164],"to":[8.25,6.1147,9.173359],"faces":{"east":{"uv":[11.25,3.25,11.375,3.625],"tintindex":0,"rotation":0,"texture":"#0"},"south":{"uv":[11.25,3.625,11.375,4.0],"tintindex":0,"rotation":0,"texture":"#0"},"north":{"uv":[11.25,2.875,11.375,3.25],"tintindex":0,"rotation":0,"texture":"#0"},"west":{"uv":[11.25,4.75,11.375,5.125],"tintindex":0,"rotation":0,"texture":"#0"},"up":{"uv":[11.625,10.0,11.5,9.875],"tintindex":0,"rotation":0,"texture":"#0"},"down":{"uv":[11.625,10.0,11.5,10.125],"tintindex":0,"rotation":0,"texture":"#0"}},"rotation":{"origin":[8.0,5.8647,8.923359],"angle":22.5,"axis":"x"}},{"from":[8.0,-7.5,4.75],"to":[8.0,8.0,20.75],"faces":{"east":{"uv":[4.0,0.0,8.0,3.875],"tintindex":0,"rotation":0,"texture":"#0"},"west":{"uv":[4.0,3.875,8.0,7.75],"tintindex":0,"rotation":0,"texture":"#0"}}},{"from":[7.5,-8.353554,11.896444],"to":[8.5,-7.6464443,12.603556],"faces":{"east":{"uv":[11.5,10.375,11.625,10.5],"tintindex":0,"rotation":0,"texture":"#0"},"south":{"uv":[11.375,6.5,11.625,6.625],"tintindex":0,"rotation":0,"texture":"#0"},"north":{"uv":[11.375,6.375,11.625,6.5],"tintindex":0,"rotation":0,"texture":"#0"},"west":{"uv":[10.5,11.5,10.625,11.625],"tintindex":0,"rotation":0,"texture":"#0"},"up":{"uv":[11.625,6.75,11.375,6.625],"tintindex":0,"rotation":0,"texture":"#0"},"down":{"uv":[11.625,6.75,11.375,6.875],"tintindex":0,"rotation":0,"texture":"#0"}},"rotation":{"origin":[8.0,-8.0,12.25],"angle":45.0,"axis":"x"}},{"from":[7.75,-1.5,8.25],"to":[8.25,5.0,9.25],"faces":{"east":{"uv":[9.375,0.0,9.625,1.625],"tintindex":0,"rotation":0,"texture":"#0"},"south":{"uv":[10.375,7.625,10.5,9.25],"tintindex":0,"rotation":0,"texture":"#0"},"north":{"uv":[10.375,6.0,10.5,7.625],"tintindex":0,"rotation":0,"texture":"#0"},"west":{"uv":[9.375,1.625,9.625,3.25],"tintindex":0,"rotation":0,"texture":"#0"},"up":{"uv":[11.5,8.125,11.375,7.875],"tintindex":0,"rotation":0,"texture":"#0"},"down":{"uv":[11.5,8.125,11.375,8.375],"tintindex":0,"rotation":0,"texture":"#0"}}},{"from":[7.75,-15.5,7.5],"to":[8.25,-14.5,8.0],"faces":{"east":{"uv":[11.375,5.125,11.5,5.375],"tintindex":0,"rotation":0,"texture":"#0"},"south":{"uv":[11.375,5.375,11.5,5.625],"tintindex":0,"rotation":0,"texture":"#0"},"north":{"uv":[11.375,4.875,11.5,5.125],"tintindex":0,"rotation":0,"texture":"#0"},"west":{"uv":[11.375,5.625,11.5,5.875],"tintindex":0,"rotation":0,"texture":"#0"},"up":{"uv":[9.625,11.625,9.5,11.5],"tintindex":0,"rotation":0,"texture":"#0"},"down":{"uv":[11.625,9.5,11.5,9.625],"tintindex":0,"rotation":0,"texture":"#0"}}},{"from":[7.5,-13.5,7.0],"to":[8.5,-12.5,9.0],"faces":{"east":{"uv":[10.75,6.0,11.25,6.25],"tintindex":0,"rotation":0,"texture":"#0"},"south":{"uv":[11.125,0.75,11.375,1.0],"tintindex":0,"rotation":0,"texture":"#0"},"north":{"uv":[11.125,0.5,11.375,0.75],"tintindex":0,"rotation":0,"texture":"#0"},"west":{"uv":[10.75,6.25,11.25,6.5],"tintindex":0,"rotation":0,"texture":"#0"},"up":{"uv":[11.0,7.0,10.75,6.5],"tintindex":0,"rotation":0,"texture":"#0"},"down":{"uv":[11.0,7.0,10.75,7.5],"tintindex":0,"rotation":0,"texture":"#0"}}},{"from":[7.5,-8.353554,3.3964443],"to":[8.5,-7.6464443,4.1035557],"faces":{"east":{"uv":[11.5,10.25,11.625,10.375],"tintindex":0,"rotation":0,"texture":"#0"},"south":{"uv":[11.375,6.0,11.625,6.125],"tintindex":0,"rotation":0,"texture":"#0"},"north":{"uv":[11.375,5.875,11.625,6.0],"tintindex":0,"rotation":0,"texture":"#0"},"west":{"uv":[10.375,11.5,10.5,11.625],"tintindex":0,"rotation":0,"texture":"#0"},"up":{"uv":[11.625,6.25,11.375,6.125],"tintindex":0,"rotation":0,"texture":"#0"},"down":{"uv":[11.625,6.25,11.375,6.375],"tintindex":0,"rotation":0,"texture":"#0"}},"rotation":{"origin":[8.0,-8.0,3.75],"angle":45.0,"axis":"x"}},{"from":[7.25,-8.75,4.75],"to":[8.75,-7.25,5.75],"faces":{"east":{"uv":[11.0,4.75,11.25,5.125],"tintindex":0,"rotation":0,"texture":"#0"},"south":{"uv":[10.75,1.5,11.125,1.875],"tintindex":0,"rotation":0,"texture":"#0"},"north":{"uv":[10.75,1.125,11.125,1.5],"tintindex":0,"rotation":0,"texture":"#0"},"west":{"uv":[11.0,5.125,11.25,5.5],"tintindex":0,"rotation":0,"texture":"#0"},"up":{"uv":[11.375,6.75,11.0,6.5],"tintindex":0,"rotation":0,"texture":"#0"},"down":{"uv":[11.375,6.75,11.0,7.0],"tintindex":0,"rotation":0,"texture":"#0"}},"rotation":{"origin":[8.0,-8.0,7.25],"angle":45.0,"axis":"z"}},{"from":[7.75,-15.69186,7.882164],"to":[8.25,-14.3853,8.423359],"faces":{"east":{"uv":[10.5,11.125,10.625,11.5],"tintindex":0,"rotation":0,"texture":"#0"},"south":{"uv":[11.125,11.0,11.25,11.375],"tintindex":0,"rotation":0,"texture":"#0"},"north":{"uv":[10.375,11.125,10.5,11.5],"tintindex":0,"rotation":0,"texture":"#0"},"west":{"uv":[11.25,2.5,11.375,2.875],"tintindex":0,"rotation":0,"texture":"#0"},"up":{"uv":[11.625,9.75,11.5,9.625],"tintindex":0,"rotation":0,"texture":"#0"},"down":{"uv":[11.625,9.75,11.5,9.875],"tintindex":0,"rotation":0,"texture":"#0"}},"rotation":{"origin":[8.0,-14.6353,8.173359],"angle":22.5,"axis":"x"}},{"from":[7.75,4.80814,6.826639],"to":[8.25,6.1147,7.367834],"faces":{"east":{"uv":[11.25,5.5,11.375,5.875],"tintindex":0,"rotation":0,"texture":"#0"},"south":{"uv":[11.25,5.875,11.375,6.25],"tintindex":0,"rotation":0,"texture":"#0"},"north":{"uv":[11.25,5.125,11.375,5.5],"tintindex":0,"rotation":0,"texture":"#0"},"west":{"uv":[11.25,7.0,11.375,7.375],"tintindex":0,"rotation":0,"texture":"#0"},"up":{"uv":[11.625,10.25,11.5,10.125],"tintindex":0,"rotation":0,"texture":"#0"},"down":{"uv":[10.375,11.5,10.25,11.625],"tintindex":0,"rotation":0,"texture":"#0"}},"rotation":{"origin":[8.0,5.8647,7.076639],"angle":-22.5,"axis":"x"}},{"from":[7.75,5.0,8.75],"to":[8.25,6.0,9.25],"faces":{"east":{"uv":[11.375,9.875,11.5,10.125],"tintindex":0,"rotation":0,"texture":"#0"},"south":{"uv":[11.375,10.125,11.5,10.375],"tintindex":0,"rotation":0,"texture":"#0"},"north":{"uv":[11.375,9.625,11.5,9.875],"tintindex":0,"rotation":0,"texture":"#0"},"west":{"uv":[11.375,10.375,11.5,10.625],"tintindex":0,"rotation":0,"texture":"#0"},"up":{"uv":[11.625,11.375,11.5,11.25],"tintindex":0,"rotation":0,"texture":"#0"},"down":{"uv":[11.625,11.375,11.5,11.5],"tintindex":0,"rotation":0,"texture":"#0"}}},{"from":[7.75,-14.5,7.5],"to":[8.25,-8.5,8.5],"faces":{"east":{"uv":[8.75,9.75,9.0,11.25],"tintindex":0,"rotation":0,"texture":"#0"},"south":{"uv":[10.625,3.0,10.75,4.5],"tintindex":0,"rotation":0,"texture":"#0"},"north":{"uv":[10.625,1.5,10.75,3.0],"tintindex":0,"rotation":0,"texture":"#0"},"west":{"uv":[9.875,0.0,10.125,1.5],"tintindex":0,"rotation":0,"texture":"#0"},"up":{"uv":[11.5,4.625,11.375,4.375],"tintindex":0,"rotation":0,"texture":"#0"},"down":{"uv":[11.5,4.625,11.375,4.875],"tintindex":0,"rotation":0,"texture":"#0"}}},{"from":[7.75,-1.5,6.75],"to":[8.25,5.0,7.75],"faces":{"east":{"uv":[9.375,6.0,9.625,7.625],"tintindex":0,"rotation":0,"texture":"#0"},"south":{"uv":[10.5,0.0,10.625,1.625],"tintindex":0,"rotation":0,"texture":"#0"},"north":{"uv":[10.375,9.25,10.5,10.875],"tintindex":0,"rotation":0,"texture":"#0"},"west":{"uv":[9.375,7.625,9.625,9.25],"tintindex":0,"rotation":0,"texture":"#0"},"up":{"uv":[11.5,9.375,11.375,9.125],"tintindex":0,"rotation":0,"texture":"#0"},"down":{"uv":[11.5,9.375,11.375,9.625],"tintindex":0,"rotation":0,"texture":"#0"}}},{"from":[7.5,-13.353554,8.646444],"to":[8.5,-12.646446,9.353556],"faces":{"east":{"uv":[11.5,10.5,11.625,10.625],"tintindex":0,"rotation":0,"texture":"#0"},"south":{"uv":[11.375,7.0,11.625,7.125],"tintindex":0,"rotation":0,"texture":"#0"},"north":{"uv":[11.375,6.875,11.625,7.0],"tintindex":0,"rotation":0,"texture":"#0"},"west":{"uv":[11.5,10.625,11.625,10.75],"tintindex":0,"rotation":0,"texture":"#0"},"up":{"uv":[11.625,7.25,11.375,7.125],"tintindex":0,"rotation":0,"texture":"#0"},"down":{"uv":[11.625,7.25,11.375,7.375],"tintindex":0,"rotation":0,"texture":"#0"}},"rotation":{"origin":[8.0,-13.0,9.0],"angle":45.0,"axis":"x"}},{"from":[7.25,-8.25,6.5],"to":[8.75,-5.25,9.5],"faces":{"east":{"uv":[8.625,1.5,9.375,2.25],"tintindex":0,"rotation":0,"texture":"#0"},"south":{"uv":[9.875,9.0,10.25,9.75],"tintindex":0,"rotation":0,"texture":"#0"},"north":{"uv":[9.875,8.25,10.25,9.0],"tintindex":0,"rotation":0,"texture":"#0"},"west":{"uv":[8.625,2.25,9.375,3.0],"tintindex":0,"rotation":0,"texture":"#0"},"up":{"uv":[10.25,10.5,9.875,9.75],"tintindex":0,"rotation":0,"texture":"#0"},"down":{"uv":[10.5,0.0,10.125,0.75],"tintindex":0,"rotation":0,"texture":"#0"}},"rotation":{"origin":[8.0,-6.75,8.0],"angle":-45.0,"axis":"x"}},{"from":[7.5,-8.5,3.75],"to":[8.5,-7.5,12.25],"faces":{"east":{"uv":[8.875,5.0,11.0,5.25],"tintindex":0,"rotation":0,"texture":"#0"},"south":{"uv":[11.125,1.25,11.375,1.5],"tintindex":0,"rotation":0,"texture":"#0"},"north":{"uv":[11.125,1.0,11.375,1.25],"tintindex":0,"rotation":0,"texture":"#0"},"west":{"uv":[8.875,5.25,11.0,5.5],"tintindex":0,"rotation":0,"texture":"#0"},"up":{"uv":[9.125,7.625,8.875,5.5],"tintindex":0,"rotation":0,"texture":"#0"},"down":{"uv":[9.125,7.625,8.875,9.75],"tintindex":0,"rotation":0,"texture":"#0"}}},{"from":[7.5,-13.353554,6.6464443],"to":[8.5,-12.646446,7.3535557],"faces":{"east":{"uv":[11.5,10.75,11.625,10.875],"tintindex":0,"rotation":0,"texture":"#0"},"south":{"uv":[11.375,7.5,11.625,7.625],"tintindex":0,"rotation":0,"texture":"#0"},"north":{"uv":[11.375,7.375,11.625,7.5],"tintindex":0,"rotation":0,"texture":"#0"},"west":{"uv":[11.5,10.875,11.625,11.0],"tintindex":0,"rotation":0,"texture":"#0"},"up":{"uv":[11.625,7.75,11.375,7.625],"tintindex":0,"rotation":0,"texture":"#0"},"down":{"uv":[11.625,7.75,11.375,7.875],"tintindex":0,"rotation":0,"texture":"#0"}},"rotation":{"origin":[8.0,-13.0,7.0],"angle":45.0,"axis":"x"}},{"from":[7.25,-8.75,10.25],"to":[8.75,-7.25,11.25],"faces":{"east":{"uv":[8.5,10.875,8.75,11.25],"tintindex":0,"rotation":0,"texture":"#0"},"south":{"uv":[10.75,0.75,11.125,1.125],"tintindex":0,"rotation":0,"texture":"#0"},"north":{"uv":[10.75,0.375,11.125,0.75],"tintindex":0,"rotation":0,"texture":"#0"},"west":{"uv":[11.0,3.875,11.25,4.25],"tintindex":0,"rotation":0,"texture":"#0"},"up":{"uv":[11.375,4.5,11.0,4.25],"tintindex":0,"rotation":0,"texture":"#0"},"down":{"uv":[11.375,4.5,11.0,4.75],"tintindex":0,"rotation":0,"texture":"#0"}},"rotation":{"origin":[8.0,-8.0,8.75],"angle":45.0,"axis":"z"}},{"from":[7.75,5.0,6.75],"to":[8.25,6.0,7.25],"faces":{"east":{"uv":[11.375,8.625,11.5,8.875],"tintindex":0,"rotation":0,"texture":"#0"},"south":{"uv":[11.375,8.875,11.5,9.125],"tintindex":0,"rotation":0,"texture":"#0"},"north":{"uv":[11.375,8.375,11.5,8.625],"tintindex":0,"rotation":0,"texture":"#0"},"west":{"uv":[9.0,11.375,9.125,11.625],"tintindex":0,"rotation":0,"texture":"#0"},"up":{"uv":[11.625,11.125,11.5,11.0],"tintindex":0,"rotation":0,"texture":"#0"},"down":{"uv":[11.625,11.125,11.5,11.25],"tintindex":0,"rotation":0,"texture":"#0"}}},{"from":[7.75,-7.5,6.75],"to":[8.25,-1.5,9.25],"faces":{"east":{"uv":[8.0,3.0,8.625,4.5],"tintindex":0,"rotation":0,"texture":"#0"},"south":{"uv":[10.625,7.5,10.75,9.0],"tintindex":0,"rotation":0,"texture":"#0"},"north":{"uv":[10.625,6.0,10.75,7.5],"tintindex":0,"rotation":0,"texture":"#0"},"west":{"uv":[8.0,4.5,8.625,6.0],"tintindex":0,"rotation":0,"texture":"#0"},"up":{"uv":[10.625,3.875,10.5,3.25],"tintindex":0,"rotation":0,"texture":"#0"},"down":{"uv":[10.625,3.875,10.5,4.5],"tintindex":0,"rotation":0,"texture":"#0"}}}],"display":{"head":{"rotation":[0.0,0.0,0.0]},"firstperson_righthand":{"rotation":[0.0,0.0,0.0]},"thirdperson_lefthand":{"rotation":[0.0,-0.0,-0.0]},"firstperson_lefthand":{"rotation":[0.0,-0.0,-0.0]},"fixed":{"rotation":[0.0,0.0,0.0]},"ground":{"rotation":[0.0,0.0,0.0]},"thirdperson_righthand":{"rotation":[0.0,0.0,0.0]},"gui":{"rotation":[-150.0,-75.0,-180.0]}}}