{"textures":{"0":"modelengine:block/qmob_endermite"},"elements":[{"from":[9.95,6.9,7.7],"to":[9.95,8.1,8.3],"faces":{"east":{"uv":[0.0,8.0,0.5,9.0],"tintindex":0,"rotation":0,"texture":"#0"},"west":{"uv":[0.5,8.0,1.0,9.0],"tintindex":0,"rotation":0,"texture":"#0"}},"rotation":{"origin":[9.8,7.95,8.0],"angle":45.0,"axis":"z"}},{"from":[6.05,6.9,7.7],"to":[6.05,8.1,8.3],"faces":{"east":{"uv":[1.0,8.0,0.5,9.0],"tintindex":0,"rotation":0,"texture":"#0"},"west":{"uv":[0.5,8.0,0.0,9.0],"tintindex":0,"rotation":0,"texture":"#0"}},"rotation":{"origin":[6.2,7.95,8.0],"angle":-45.0,"axis":"z"}}],"display":{"head":{"rotation":[0.0,0.0,0.0]},"firstperson_righthand":{"rotation":[0.0,0.0,0.0]},"thirdperson_lefthand":{"rotation":[0.0,-0.0,-0.0]},"firstperson_lefthand":{"rotation":[0.0,-0.0,-0.0]},"fixed":{"rotation":[0.0,0.0,0.0]},"ground":{"rotation":[0.0,0.0,0.0]},"thirdperson_righthand":{"rotation":[0.0,0.0,0.0]},"gui":{"rotation":[-150.0,-75.0,-180.0]}}}