{"textures":{"0":"modelengine:block/qmob_endermite"},"elements":[{"from":[8.6,7.321429,4.6975474],"to":[9.2,7.9214287,5.2975473],"faces":{"east":{"uv":[1.5,8.0,2.0,8.5],"tintindex":0,"rotation":0,"texture":"#0"},"south":{"uv":[2.0,8.0,2.5,8.5],"tintindex":0,"rotation":0,"texture":"#0"},"north":{"uv":[1.0,8.0,1.5,8.5],"tintindex":0,"rotation":0,"texture":"#0"},"west":{"uv":[2.5,8.0,3.0,8.5],"tintindex":0,"rotation":0,"texture":"#0"},"up":{"uv":[3.5,8.5,3.0,8.0],"tintindex":0,"rotation":0,"texture":"#0"},"down":{"uv":[4.0,8.0,3.5,8.5],"tintindex":0,"rotation":0,"texture":"#0"}},"rotation":{"origin":[8.4,7.6214285,4.747547],"angle":22.5,"axis":"y"}},{"from":[6.8,7.321429,5.2975473],"to":[7.4,7.9214287,5.8975477],"faces":{"east":{"uv":[8.0,8.0,8.5,8.5],"tintindex":0,"rotation":0,"texture":"#0"},"south":{"uv":[1.0,8.5,1.5,9.0],"tintindex":0,"rotation":0,"texture":"#0"},"north":{"uv":[8.0,7.5,8.5,8.0],"tintindex":0,"rotation":0,"texture":"#0"},"west":{"uv":[1.5,8.5,2.0,9.0],"tintindex":0,"rotation":0,"texture":"#0"},"up":{"uv":[2.5,9.0,2.0,8.5],"tintindex":0,"rotation":0,"texture":"#0"},"down":{"uv":[3.0,8.5,2.5,9.0],"tintindex":0,"rotation":0,"texture":"#0"}},"rotation":{"origin":[7.6,7.6214285,4.747547],"angle":-22.5,"axis":"y"}},{"from":[6.8,7.321429,4.6975474],"to":[7.4,7.9214287,5.2975473],"faces":{"east":{"uv":[8.0,8.0,8.5,8.5],"tintindex":0,"rotation":0,"texture":"#0"},"south":{"uv":[1.0,8.5,1.5,9.0],"tintindex":0,"rotation":0,"texture":"#0"},"north":{"uv":[8.0,7.5,8.5,8.0],"tintindex":0,"rotation":0,"texture":"#0"},"west":{"uv":[1.5,8.5,2.0,9.0],"tintindex":0,"rotation":0,"texture":"#0"},"up":{"uv":[2.5,9.0,2.0,8.5],"tintindex":0,"rotation":0,"texture":"#0"},"down":{"uv":[3.0,8.5,2.5,9.0],"tintindex":0,"rotation":0,"texture":"#0"}},"rotation":{"origin":[7.6,7.6214285,4.747547],"angle":-22.5,"axis":"y"}},{"from":[5.6,7.721429,5.6475477],"to":[10.4,7.721429,10.447548],"faces":{"up":{"uv":[4.0,4.0,0.0,0.0],"tintindex":0,"rotation":0,"texture":"#0"},"down":{"uv":[4.0,4.0,0.0,8.0],"tintindex":0,"rotation":0,"texture":"#0"}}},{"from":[6.2,7.1214285,6.247547],"to":[9.8,8.921429,9.847548],"faces":{"east":{"uv":[7.0,0.0,10.0,1.5],"tintindex":0,"rotation":0,"texture":"#0"},"south":{"uv":[7.0,1.5,10.0,3.0],"tintindex":0,"rotation":0,"texture":"#0"},"north":{"uv":[4.0,6.0,7.0,7.5],"tintindex":0,"rotation":0,"texture":"#0"},"west":{"uv":[7.0,3.0,10.0,4.5],"tintindex":0,"rotation":0,"texture":"#0"},"up":{"uv":[7.0,3.0,4.0,0.0],"tintindex":0,"rotation":0,"texture":"#0"},"down":{"uv":[7.0,3.0,4.0,6.0],"tintindex":0,"rotation":0,"texture":"#0"}}},{"from":[6.8,7.4214287,5.0475473],"to":[9.2,8.6214285,6.247547],"faces":{"east":{"uv":[6.0,7.5,7.0,8.5],"tintindex":0,"rotation":0,"texture":"#0"},"south":{"uv":[7.0,5.5,9.0,6.5],"tintindex":0,"rotation":0,"texture":"#0"},"north":{"uv":[7.0,4.5,9.0,5.5],"tintindex":0,"rotation":0,"texture":"#0"},"west":{"uv":[7.0,7.5,8.0,8.5],"tintindex":0,"rotation":0,"texture":"#0"},"up":{"uv":[9.0,7.5,7.0,6.5],"tintindex":0,"rotation":0,"texture":"#0"},"down":{"uv":[6.0,7.5,4.0,8.5],"tintindex":0,"rotation":0,"texture":"#0"}}},{"from":[8.6,7.321429,5.2975473],"to":[9.2,7.9214287,5.8975477],"faces":{"east":{"uv":[1.5,8.0,2.0,8.5],"tintindex":0,"rotation":0,"texture":"#0"},"south":{"uv":[2.0,8.0,2.5,8.5],"tintindex":0,"rotation":0,"texture":"#0"},"north":{"uv":[1.0,8.0,1.5,8.5],"tintindex":0,"rotation":0,"texture":"#0"},"west":{"uv":[2.5,8.0,3.0,8.5],"tintindex":0,"rotation":0,"texture":"#0"},"up":{"uv":[3.5,8.5,3.0,8.0],"tintindex":0,"rotation":0,"texture":"#0"},"down":{"uv":[4.0,8.0,3.5,8.5],"tintindex":0,"rotation":0,"texture":"#0"}},"rotation":{"origin":[8.4,7.6214285,4.747547],"angle":22.5,"axis":"y"}}],"display":{"head":{"rotation":[0.0,0.0,0.0]},"firstperson_righthand":{"rotation":[0.0,0.0,0.0]},"thirdperson_lefthand":{"rotation":[0.0,-0.0,-0.0]},"firstperson_lefthand":{"rotation":[0.0,-0.0,-0.0]},"fixed":{"rotation":[0.0,0.0,0.0]},"ground":{"rotation":[0.0,0.0,0.0]},"thirdperson_righthand":{"rotation":[0.0,0.0,0.0]},"gui":{"rotation":[-150.0,-75.0,-180.0]}}}