{"textures":{"0":"modelengine:entity/end_enderman"},"elements":[{"from":[4.5,7.0,5.0],"to":[11.5,16.0,8.0],"faces":{"east":{"uv":[8.0,3.75,8.75,6.0],"tintindex":0,"rotation":0,"texture":"#0"},"south":{"uv":[12.25,3.75,14.0,6.0],"tintindex":0,"rotation":0,"texture":"#0"},"north":{"uv":[9.25,3.75,11.0,6.0],"tintindex":0,"rotation":0,"texture":"#0"},"west":{"uv":[11.5,3.75,12.25,6.0],"tintindex":0,"rotation":0,"texture":"#0"},"up":{"uv":[11.0,3.25,9.25,2.5],"tintindex":0,"rotation":0,"texture":"#0"},"down":{"uv":[12.75,2.5,11.0,3.25],"tintindex":0,"rotation":0,"texture":"#0"}}},{"from":[4.5,7.0,3.0],"to":[4.5,16.0,5.0],"faces":{"east":{"uv":[8.75,3.75,9.25,6.0],"tintindex":0,"rotation":0,"texture":"#0"},"west":{"uv":[9.25,3.75,8.75,6.0],"tintindex":0,"rotation":0,"texture":"#0"}}},{"from":[11.5,7.0,3.0],"to":[11.5,16.0,5.0],"faces":{"east":{"uv":[8.75,3.75,9.25,6.0],"tintindex":0,"rotation":0,"texture":"#0"},"west":{"uv":[9.25,3.75,8.75,6.0],"tintindex":0,"rotation":0,"texture":"#0"}}},{"from":[4.5,6.0,5.0],"to":[11.5,16.0,5.0],"faces":{"south":{"uv":[9.75,13.25,11.5,15.75],"tintindex":0,"rotation":0,"texture":"#0"},"north":{"uv":[8.0,13.25,9.75,15.75],"tintindex":0,"rotation":0,"texture":"#0"}}},{"from":[4.5,16.0,3.0],"to":[11.5,16.0,5.0],"faces":{"up":{"uv":[11.0,3.75,9.25,3.25],"tintindex":0,"rotation":0,"texture":"#0"},"down":{"uv":[11.0,3.25,9.25,3.75],"tintindex":0,"rotation":0,"texture":"#0"}}}],"display":{"head":{"rotation":[0.0,0.0,0.0]},"firstperson_righthand":{"rotation":[0.0,0.0,0.0]},"thirdperson_lefthand":{"rotation":[0.0,-0.0,-0.0]},"firstperson_lefthand":{"rotation":[0.0,-0.0,-0.0]},"fixed":{"rotation":[0.0,0.0,0.0]},"ground":{"rotation":[0.0,0.0,0.0]},"thirdperson_righthand":{"rotation":[0.0,0.0,0.0]},"gui":{"rotation":[-150.0,-75.0,-180.0]}}}