{"textures":{"0":"modelengine:entity/end_enderman"},"elements":[{"from":[4.0,19.0,12.0],"to":[12.0,20.0,12.0],"faces":{"south":{"uv":[4.25,2.0,6.25,2.25],"tintindex":0,"rotation":0,"texture":"#0"},"north":{"uv":[4.25,2.0,6.25,2.25],"tintindex":0,"rotation":0,"texture":"#0"}}},{"from":[12.0,19.0,3.0],"to":[12.0,20.0,12.0],"faces":{"east":{"uv":[0.0,2.25,2.25,2.5],"tintindex":0,"rotation":0,"texture":"#0"},"west":{"uv":[2.25,2.25,0.0,2.5],"tintindex":0,"rotation":0,"texture":"#0"}}},{"from":[4.0,8.0,4.0],"to":[12.0,14.0,12.0],"faces":{"east":{"uv":[0.0,5.75,2.0,7.25],"tintindex":0,"rotation":0,"texture":"#0"},"south":{"uv":[6.0,5.75,8.0,7.25],"tintindex":0,"rotation":0,"texture":"#0"},"north":{"uv":[2.0,5.75,4.0,7.25],"tintindex":0,"rotation":0,"texture":"#0"},"west":{"uv":[4.0,5.75,6.0,7.25],"tintindex":0,"rotation":0,"texture":"#0"},"up":{"uv":[4.0,5.75,2.0,3.75],"tintindex":0,"rotation":0,"texture":"#0"},"down":{"uv":[6.0,3.75,4.0,5.75],"tintindex":0,"rotation":0,"texture":"#0"}}},{"from":[4.0,19.0,3.0],"to":[12.0,20.0,3.0],"faces":{"south":{"uv":[2.25,2.25,4.25,2.5],"tintindex":0,"rotation":0,"texture":"#0"},"north":{"uv":[2.25,2.25,4.25,2.5],"tintindex":0,"rotation":0,"texture":"#0"}}},{"from":[4.0,19.0,3.0],"to":[4.0,20.0,12.0],"faces":{"east":{"uv":[0.0,2.25,2.25,2.5],"tintindex":0,"rotation":0,"texture":"#0"},"west":{"uv":[2.25,2.25,0.0,2.5],"tintindex":0,"rotation":0,"texture":"#0"}}},{"from":[4.0,20.0,9.0],"to":[12.0,20.0,12.0],"faces":{"up":{"uv":[4.25,0.75,2.25,0.0],"tintindex":0,"rotation":0,"texture":"#0"},"down":{"uv":[4.25,0.0,2.25,0.75],"tintindex":0,"rotation":0,"texture":"#0"}}},{"from":[4.0,19.0,3.0],"to":[12.0,19.0,12.0],"faces":{"up":{"uv":[12.25,13.25,10.25,11.0],"tintindex":0,"rotation":0,"texture":"#0"},"down":{"uv":[14.25,11.0,12.25,13.25],"tintindex":0,"rotation":0,"texture":"#0"}}},{"from":[4.0,14.0,3.0],"to":[12.0,19.0,12.0],"faces":{"east":{"uv":[0.0,2.5,2.25,3.75],"tintindex":0,"rotation":0,"texture":"#0"},"south":{"uv":[6.5,2.5,8.5,3.75],"tintindex":0,"rotation":0,"texture":"#0"},"north":{"uv":[2.25,2.5,4.25,3.75],"tintindex":0,"rotation":0,"texture":"#0"},"west":{"uv":[4.25,2.5,6.5,3.75],"tintindex":0,"rotation":0,"texture":"#0"},"up":{"uv":[4.25,2.25,2.25,0.0],"tintindex":0,"rotation":0,"texture":"#0"},"down":{"uv":[4.25,0.0,2.25,2.25],"tintindex":0,"rotation":0,"texture":"#0"}}}],"display":{"head":{"rotation":[0.0,0.0,0.0]},"firstperson_righthand":{"rotation":[0.0,0.0,0.0]},"thirdperson_lefthand":{"rotation":[0.0,-0.0,-0.0]},"firstperson_lefthand":{"rotation":[0.0,-0.0,-0.0]},"fixed":{"rotation":[0.0,0.0,0.0]},"ground":{"rotation":[0.0,0.0,0.0]},"thirdperson_righthand":{"rotation":[0.0,0.0,0.0]},"gui":{"rotation":[-150.0,-75.0,-180.0]}}}