{"textures":{"0":"modelengine:entity/end_enderman"},"elements":[{"from":[7.5,-6.0,7.5],"to":[8.5,8.5,8.5],"faces":{"east":{"uv":[0.0,7.75,0.5,15.0],"tintindex":0,"rotation":0,"texture":"#0"},"south":{"uv":[1.5,7.75,2.0,15.0],"tintindex":0,"rotation":0,"texture":"#0"},"north":{"uv":[0.5,7.75,1.0,15.0],"tintindex":0,"rotation":0,"texture":"#0"},"west":{"uv":[1.0,7.75,1.5,15.0],"tintindex":0,"rotation":0,"texture":"#0"},"up":{"uv":[1.0,7.75,0.5,7.25],"tintindex":0,"rotation":0,"texture":"#0"},"down":{"uv":[1.5,7.25,1.0,7.75],"tintindex":0,"rotation":0,"texture":"#0"}}}],"display":{"head":{"rotation":[0.0,0.0,0.0]},"firstperson_righthand":{"rotation":[0.0,0.0,0.0]},"thirdperson_lefthand":{"rotation":[0.0,-0.0,-0.0]},"firstperson_lefthand":{"rotation":[0.0,-0.0,-0.0]},"fixed":{"rotation":[0.0,0.0,0.0]},"ground":{"rotation":[0.0,0.0,0.0]},"thirdperson_righthand":{"rotation":[0.0,0.0,0.0]},"gui":{"rotation":[-150.0,-75.0,-180.0]}}}