{"textures":{"0":"modelengine:entity/end_enderman"},"elements":[{"from":[7.5,-4.5,7.5],"to":[8.5,9.0,8.5],"faces":{"east":{"uv":[6.0,7.75,6.5,14.5],"tintindex":0,"rotation":0,"texture":"#0"},"south":{"uv":[7.5,7.75,8.0,14.5],"tintindex":0,"rotation":0,"texture":"#0"},"north":{"uv":[6.5,7.75,7.0,14.5],"tintindex":0,"rotation":0,"texture":"#0"},"west":{"uv":[7.0,7.75,7.5,14.5],"tintindex":0,"rotation":0,"texture":"#0"},"up":{"uv":[7.0,7.75,6.5,7.25],"tintindex":0,"rotation":0,"texture":"#0"},"down":{"uv":[7.5,7.25,7.0,7.75],"tintindex":0,"rotation":0,"texture":"#0"}}}],"display":{"head":{"rotation":[0.0,0.0,0.0]},"firstperson_righthand":{"rotation":[0.0,0.0,0.0]},"thirdperson_lefthand":{"rotation":[0.0,-0.0,-0.0]},"firstperson_lefthand":{"rotation":[0.0,-0.0,-0.0]},"fixed":{"rotation":[0.0,0.0,0.0]},"ground":{"rotation":[0.0,0.0,0.0]},"thirdperson_righthand":{"rotation":[0.0,0.0,0.0]},"gui":{"rotation":[-150.0,-75.0,-180.0]}}}