{"textures":{"0":"modelengine:entity/end_enderman"},"elements":[{"from":[7.5,-6.0,7.5],"to":[8.5,8.5,8.5],"faces":{"east":{"uv":[2.0,7.75,2.5,15.0],"tintindex":0,"rotation":0,"texture":"#0"},"south":{"uv":[3.5,7.75,4.0,15.0],"tintindex":0,"rotation":0,"texture":"#0"},"north":{"uv":[2.5,7.75,3.0,15.0],"tintindex":0,"rotation":0,"texture":"#0"},"west":{"uv":[3.0,7.75,3.5,15.0],"tintindex":0,"rotation":0,"texture":"#0"},"up":{"uv":[3.0,7.75,2.5,7.25],"tintindex":0,"rotation":0,"texture":"#0"},"down":{"uv":[3.5,7.25,3.0,7.75],"tintindex":0,"rotation":0,"texture":"#0"}}}],"display":{"head":{"rotation":[0.0,0.0,0.0]},"firstperson_righthand":{"rotation":[0.0,0.0,0.0]},"thirdperson_lefthand":{"rotation":[0.0,-0.0,-0.0]},"firstperson_lefthand":{"rotation":[0.0,-0.0,-0.0]},"fixed":{"rotation":[0.0,0.0,0.0]},"ground":{"rotation":[0.0,0.0,0.0]},"thirdperson_righthand":{"rotation":[0.0,0.0,0.0]},"gui":{"rotation":[-150.0,-75.0,-180.0]}}}