{"textures":{"0":"modelengine:entity/meg"},"elements":[{"from":[8.1191435,9.016603,5.593238],"to":[8.1191435,29.266605,25.843237],"faces":{"east":{"uv":[0.0,0.0,1.578125,1.578125],"tintindex":0,"rotation":0,"texture":"#0"},"west":{"uv":[0.0,1.578125,1.578125,3.15625],"tintindex":0,"rotation":0,"texture":"#0"}}},{"from":[7.6128936,9.830231,-2.2104225],"to":[8.625394,17.25523,13.314577],"faces":{"east":{"uv":[5.640625,0.0,6.859375,0.578125],"tintindex":0,"rotation":0,"texture":"#0"},"south":{"uv":[10.21875,12.296875,10.296875,12.875],"tintindex":0,"rotation":0,"texture":"#0"},"north":{"uv":[10.78125,11.25,10.859375,11.828125],"tintindex":0,"rotation":0,"texture":"#0"},"west":{"uv":[5.8125,4.96875,7.03125,5.546875],"tintindex":0,"rotation":0,"texture":"#0"},"up":{"uv":[3.0625,8.75,2.984375,7.53125],"tintindex":0,"rotation":0,"texture":"#0"},"down":{"uv":[1.875,13.265625,1.796875,14.484375],"tintindex":0,"rotation":0,"texture":"#0"}},"rotation":{"origin":[3.9772215,11.352537,9.955591],"angle":45.0,"axis":"x"}},{"from":[7.6972685,-1.5751686,-9.531446],"to":[8.5410185,10.574832,3.968554],"faces":{"east":{"uv":[3.6875,1.3125,4.75,2.265625],"tintindex":0,"rotation":0,"texture":"#0"},"south":{"uv":[1.375,6.421875,1.4375,7.375],"tintindex":0,"rotation":0,"texture":"#0"},"north":{"uv":[6.171875,1.953125,6.234375,2.90625],"tintindex":0,"rotation":0,"texture":"#0"},"west":{"uv":[4.328125,3.6875,5.390625,4.640625],"tintindex":0,"rotation":0,"texture":"#0"},"up":{"uv":[7.171875,9.84375,7.109375,8.78125],"tintindex":0,"rotation":0,"texture":"#0"},"down":{"uv":[2.109375,8.84375,2.046875,9.90625],"tintindex":0,"rotation":0,"texture":"#0"}},"rotation":{"origin":[4.1292973,-9.967318,16.321333],"angle":22.5,"axis":"x"}},{"from":[7.866019,4.6782045,4.3182573],"to":[8.372269,11.428205,12.080757],"faces":{"east":{"uv":[0.359375,10.0625,0.96875,10.59375],"tintindex":0,"rotation":0,"texture":"#0"},"south":{"uv":[0.75,7.578125,0.796875,8.109375],"tintindex":0,"rotation":0,"texture":"#0"},"north":{"uv":[2.9375,7.53125,2.984375,8.0625],"tintindex":0,"rotation":0,"texture":"#0"},"west":{"uv":[5.953125,10.375,6.5625,10.90625],"tintindex":0,"rotation":0,"texture":"#0"},"up":{"uv":[1.578125,3.765625,1.53125,3.15625],"tintindex":0,"rotation":0,"texture":"#0"},"down":{"uv":[1.578125,3.765625,1.53125,4.375],"tintindex":0,"rotation":0,"texture":"#0"}},"rotation":{"origin":[4.1292973,-9.967318,16.321333],"angle":22.5,"axis":"x"}}],"display":{"head":{"rotation":[0.0,0.0,0.0]},"firstperson_righthand":{"rotation":[0.0,0.0,0.0]},"thirdperson_lefthand":{"rotation":[0.0,-0.0,-0.0]},"firstperson_lefthand":{"rotation":[0.0,-0.0,-0.0]},"fixed":{"rotation":[0.0,0.0,0.0]},"ground":{"rotation":[0.0,0.0,0.0]},"thirdperson_righthand":{"rotation":[0.0,0.0,0.0]},"gui":{"rotation":[-150.0,-75.0,-180.0]}}}