{"textures":{"0":"modelengine:entity/meg"},"elements":[{"from":[4.9837275,6.011218,-14.335022],"to":[15.325103,9.452593,-3.9936476],"faces":{"east":{"uv":[13.96875,10.5,14.453125,10.65625],"tintindex":0,"rotation":0,"texture":"#0"},"north":{"uv":[13.96875,10.34375,14.453125,10.5],"tintindex":0,"rotation":0,"texture":"#0"}},"rotation":{"origin":[13.108478,12.4756565,-4.873396],"angle":45.0,"axis":"y"}},{"from":[-0.62131405,9.449405,-6.4055977],"to":[16.643686,18.089405,2.2344022],"faces":{"east":{"uv":[12.578125,9.890625,12.984375,10.296875],"tintindex":0,"rotation":0,"texture":"#0"},"south":{"uv":[10.21875,4.3125,11.03125,4.71875],"tintindex":0,"rotation":0,"texture":"#0"},"north":{"uv":[10.21875,3.90625,11.03125,4.3125],"tintindex":0,"rotation":0,"texture":"#0"},"west":{"uv":[1.15625,12.59375,1.5625,13.0],"tintindex":0,"rotation":0,"texture":"#0"},"up":{"uv":[11.03125,5.125,10.21875,4.71875],"tintindex":0,"rotation":0,"texture":"#0"},"down":{"uv":[11.078125,1.53125,10.265625,1.9375],"tintindex":0,"rotation":0,"texture":"#0"}}},{"from":[0.6799364,-3.6468735,1.3114495],"to":[15.342437,9.290627,6.48645],"faces":{"east":{"uv":[8.984375,12.796875,8.734375,13.40625],"tintindex":0,"rotation":0,"texture":"#0"},"south":{"uv":[8.640625,8.46875,9.328125,9.078125],"tintindex":0,"rotation":0,"texture":"#0"},"north":{"uv":[8.59375,0.796875,9.28125,1.40625],"tintindex":0,"rotation":0,"texture":"#0"},"west":{"uv":[8.734375,12.796875,8.984375,13.40625],"tintindex":0,"rotation":0,"texture":"#0"},"up":{"uv":[13.109375,12.390625,12.421875,12.140625],"tintindex":0,"rotation":0,"texture":"#0"},"down":{"uv":[13.25,9.640625,12.5625,9.890625],"tintindex":0,"rotation":0,"texture":"#0"}}},{"from":[4.5309153,9.461218,-15.607208],"to":[16.597292,18.077595,-3.5408382],"faces":{"east":{"uv":[11.28125,11.734375,11.84375,12.140625],"tintindex":0,"rotation":0,"texture":"#0"},"south":{"uv":[11.765625,6.859375,12.328125,7.265625],"tintindex":0,"rotation":0,"texture":"#0"},"north":{"uv":[6.78125,2.75,7.34375,3.15625],"tintindex":0,"rotation":0,"texture":"#0"},"west":{"uv":[11.78125,10.859375,12.34375,11.265625],"tintindex":0,"rotation":0,"texture":"#0"},"up":{"uv":[11.140625,1.40625,10.578125,0.84375],"tintindex":0,"rotation":0,"texture":"#0"},"down":{"uv":[11.140625,5.953125,10.578125,6.515625],"tintindex":0,"rotation":0,"texture":"#0"}},"rotation":{"origin":[13.108478,13.769405,-4.873396],"angle":45.0,"axis":"y"}},{"from":[-0.6095009,8.139166,0.25262356],"to":[16.631876,16.755543,8.868999],"faces":{"east":{"uv":[12.59375,6.03125,13.0,6.4375],"tintindex":0,"rotation":0,"texture":"#0"},"south":{"uv":[10.296875,3.15625,11.109375,3.5625],"tintindex":0,"rotation":0,"texture":"#0"},"north":{"uv":[10.296875,2.75,11.109375,3.15625],"tintindex":0,"rotation":0,"texture":"#0"},"west":{"uv":[11.125,12.640625,11.53125,13.046875],"tintindex":0,"rotation":0,"texture":"#0"},"up":{"uv":[11.1875,5.53125,10.375,5.125],"tintindex":0,"rotation":0,"texture":"#0"},"down":{"uv":[8.3125,10.375,7.5,10.78125],"tintindex":0,"rotation":0,"texture":"#0"}},"rotation":{"origin":[8.011187,12.447353,4.560811],"angle":22.5,"axis":"x"}},{"from":[-0.42312622,3.628941,-2.7299452],"to":[16.444376,11.871442,0.26255322],"faces":{"east":{"uv":[7.359375,10.859375,7.5,11.25],"tintindex":0,"rotation":0,"texture":"#0"},"south":{"uv":[10.59375,7.8125,11.390625,8.203125],"tintindex":0,"rotation":0,"texture":"#0"},"north":{"uv":[10.59375,7.421875,11.390625,7.8125],"tintindex":0,"rotation":0,"texture":"#0"},"west":{"uv":[3.46875,10.875,3.609375,11.265625],"tintindex":0,"rotation":0,"texture":"#0"},"up":{"uv":[10.828125,7.0625,10.03125,6.921875],"tintindex":0,"rotation":0,"texture":"#0"},"down":{"uv":[13.84375,7.40625,13.046875,7.546875],"tintindex":0,"rotation":0,"texture":"#0"}},"rotation":{"origin":[8.199584,13.562129,1.5782394],"angle":-45.0,"axis":"x"}},{"from":[0.61946535,6.0069056,-5.792529],"to":[15.281966,9.456905,2.832471],"faces":{"east":{"uv":[14.15625,0.171875,14.5625,0.328125],"tintindex":0,"rotation":0,"texture":"#0"},"west":{"uv":[14.15625,0.328125,14.5625,0.484375],"tintindex":0,"rotation":0,"texture":"#0"}}}],"display":{"head":{"rotation":[0.0,0.0,0.0]},"firstperson_righthand":{"rotation":[0.0,0.0,0.0]},"thirdperson_lefthand":{"rotation":[0.0,-0.0,-0.0]},"firstperson_lefthand":{"rotation":[0.0,-0.0,-0.0]},"fixed":{"rotation":[0.0,0.0,0.0]},"ground":{"rotation":[0.0,0.0,0.0]},"thirdperson_righthand":{"rotation":[0.0,0.0,0.0]},"gui":{"rotation":[-150.0,-75.0,-180.0]}}}