{"textures":{"0":"modelengine:entity/meg"},"elements":[{"from":[7.9487033,-2.7801857,-1.9312668],"to":[17.511204,2.4698133,6.693733],"faces":{"east":{"uv":[13.5625,10.4375,13.96875,10.6875],"tintindex":0,"rotation":0,"texture":"#0"},"south":{"uv":[13.421875,13.109375,13.875,13.359375],"tintindex":0,"rotation":0,"texture":"#0"},"north":{"uv":[13.421875,12.859375,13.875,13.109375],"tintindex":0,"rotation":0,"texture":"#0"},"west":{"uv":[13.5625,10.6875,13.96875,10.9375],"tintindex":0,"rotation":0,"texture":"#0"},"up":{"uv":[10.90625,12.796875,10.453125,12.390625],"tintindex":0,"rotation":0,"texture":"#0"},"down":{"uv":[12.84375,11.203125,12.390625,11.609375],"tintindex":0,"rotation":0,"texture":"#0"}},"rotation":{"origin":[7.9487033,-2.7801857,2.3812332],"angle":22.5,"axis":"z"}},{"from":[0.22370338,0.5761266,-1.7338438],"to":[3.598703,3.9511266,0.5161562],"faces":{"east":{"uv":[14.203125,4.0625,14.3125,4.21875],"tintindex":0,"rotation":0,"texture":"#0"},"south":{"uv":[14.59375,13.625,14.75,13.78125],"tintindex":0,"rotation":0,"texture":"#0"},"north":{"uv":[14.59375,3.5,14.75,3.65625],"tintindex":0,"rotation":0,"texture":"#0"},"west":{"uv":[13.078125,14.65625,13.1875,14.8125],"tintindex":0,"rotation":0,"texture":"#0"},"up":{"uv":[3.875,9.296875,3.71875,9.1875],"tintindex":0,"rotation":0,"texture":"#0"},"down":{"uv":[8.1875,10.78125,8.03125,10.890625],"tintindex":0,"rotation":0,"texture":"#0"}},"rotation":{"origin":[2.4737034,7.1386266,2.0161562],"angle":22.5,"axis":"x"}},{"from":[12.295786,0.5761266,-1.7338438],"to":[15.670785,3.9511266,0.5161562],"faces":{"east":{"uv":[3.890625,14.71875,4.0,14.875],"tintindex":0,"rotation":0,"texture":"#0"},"south":{"uv":[7.484375,14.703125,7.640625,14.859375],"tintindex":0,"rotation":0,"texture":"#0"},"north":{"uv":[6.953125,14.703125,7.109375,14.859375],"tintindex":0,"rotation":0,"texture":"#0"},"west":{"uv":[14.71875,3.96875,14.828125,4.125],"tintindex":0,"rotation":0,"texture":"#0"},"up":{"uv":[9.453125,11.4375,9.296875,11.328125],"tintindex":0,"rotation":0,"texture":"#0"},"down":{"uv":[4.09375,11.359375,3.9375,11.46875],"tintindex":0,"rotation":0,"texture":"#0"}},"rotation":{"origin":[13.420785,7.1386266,2.0161562],"angle":22.5,"axis":"x"}},{"from":[12.299535,5.128479,-8.844759],"to":[15.667035,8.495979,-1.3522587],"faces":{"east":{"uv":[14.1875,5.28125,14.53125,5.4375],"tintindex":0,"rotation":0,"texture":"#0"},"south":{"uv":[14.703125,6.46875,14.859375,6.625],"tintindex":0,"rotation":0,"texture":"#0"},"north":{"uv":[14.703125,4.65625,14.859375,4.8125],"tintindex":0,"rotation":0,"texture":"#0"},"west":{"uv":[14.1875,9.0,14.53125,9.15625],"tintindex":0,"rotation":0,"texture":"#0"},"up":{"uv":[12.328125,14.546875,12.171875,14.203125],"tintindex":0,"rotation":0,"texture":"#0"},"down":{"uv":[5.671875,14.3125,5.515625,14.65625],"tintindex":0,"rotation":0,"texture":"#0"}},"rotation":{"origin":[13.420785,6.9622293,-5.8110075],"angle":45.0,"axis":"x"}},{"from":[0.22745323,5.128479,-8.844759],"to":[3.594953,8.495979,-1.3522587],"faces":{"east":{"uv":[9.890625,1.53125,10.234375,1.6875],"tintindex":0,"rotation":0,"texture":"#0"},"south":{"uv":[13.515625,9.546875,13.671875,9.703125],"tintindex":0,"rotation":0,"texture":"#0"},"north":{"uv":[13.359375,10.09375,13.515625,10.25],"tintindex":0,"rotation":0,"texture":"#0"},"west":{"uv":[12.0,10.671875,12.34375,10.828125],"tintindex":0,"rotation":0,"texture":"#0"},"up":{"uv":[12.75,6.78125,12.59375,6.4375],"tintindex":0,"rotation":0,"texture":"#0"},"down":{"uv":[10.90625,12.796875,10.75,13.140625],"tintindex":0,"rotation":0,"texture":"#0"}},"rotation":{"origin":[2.4737034,6.9622293,-5.8110075],"angle":45.0,"axis":"x"}},{"from":[13.424536,7.810757,-9.25285],"to":[15.667035,13.053258,-7.0103493],"faces":{"east":{"uv":[9.640625,14.578125,9.75,14.828125],"tintindex":0,"rotation":0,"texture":"#0"},"south":{"uv":[10.125,14.578125,10.234375,14.828125],"tintindex":0,"rotation":0,"texture":"#0"},"north":{"uv":[1.546875,14.5625,1.65625,14.8125],"tintindex":0,"rotation":0,"texture":"#0"},"west":{"uv":[11.421875,14.578125,11.53125,14.828125],"tintindex":0,"rotation":0,"texture":"#0"},"up":{"uv":[14.84375,10.171875,14.734375,10.0625],"tintindex":0,"rotation":0,"texture":"#0"},"down":{"uv":[13.296875,14.734375,13.1875,14.84375],"tintindex":0,"rotation":0,"texture":"#0"}}},{"from":[-1.6167154,-2.7801857,-1.9312668],"to":[7.945785,2.4698133,6.693733],"faces":{"east":{"uv":[12.140625,5.609375,12.546875,5.859375],"tintindex":0,"rotation":0,"texture":"#0"},"south":{"uv":[9.90625,8.71875,10.359375,8.96875],"tintindex":0,"rotation":0,"texture":"#0"},"north":{"uv":[7.109375,1.703125,7.5625,1.953125],"tintindex":0,"rotation":0,"texture":"#0"},"west":{"uv":[13.515625,1.1875,13.921875,1.4375],"tintindex":0,"rotation":0,"texture":"#0"},"up":{"uv":[12.8125,9.375,12.359375,8.96875],"tintindex":0,"rotation":0,"texture":"#0"},"down":{"uv":[8.984375,12.390625,8.53125,12.796875],"tintindex":0,"rotation":0,"texture":"#0"}},"rotation":{"origin":[7.945785,-2.7801857,2.3812332],"angle":-22.5,"axis":"z"}},{"from":[1.864686,10.777508,-3.3849106],"to":[14.0475,14.902508,4.8650894],"faces":{"east":{"uv":[13.984375,5.671875,14.375,5.859375],"tintindex":0,"rotation":0,"texture":"#0"},"west":{"uv":[7.359375,13.984375,7.75,14.171875],"tintindex":0,"rotation":0,"texture":"#0"}}},{"from":[1.5759935,5.719393,-3.471243],"to":[14.318495,10.211893,1.021256],"faces":{"east":{"uv":[13.046875,1.0,13.25,1.203125],"tintindex":0,"rotation":0,"texture":"#0"},"south":{"uv":[13.0625,0.0,13.65625,0.203125],"tintindex":0,"rotation":0,"texture":"#0"},"north":{"uv":[13.046875,7.203125,13.640625,7.40625],"tintindex":0,"rotation":0,"texture":"#0"},"west":{"uv":[2.53125,14.453125,2.734375,14.65625],"tintindex":0,"rotation":0,"texture":"#0"},"up":{"uv":[13.8125,2.734375,13.21875,2.53125],"tintindex":0,"rotation":0,"texture":"#0"},"down":{"uv":[13.8125,2.734375,13.21875,2.9375],"tintindex":0,"rotation":0,"texture":"#0"}},"rotation":{"origin":[7.7769485,-6.784236,-3.884529],"angle":-22.5,"axis":"x"}},{"from":[0.22370338,6.5125594,-8.763325],"to":[2.4737034,10.26256,-0.8883238],"faces":{"east":{"uv":[12.65625,7.984375,13.03125,8.15625],"tintindex":0,"rotation":0,"texture":"#0"},"south":{"uv":[9.21875,8.296875,9.328125,8.46875],"tintindex":0,"rotation":0,"texture":"#0"},"north":{"uv":[0.6875,6.609375,0.796875,6.78125],"tintindex":0,"rotation":0,"texture":"#0"},"west":{"uv":[14.140625,11.296875,14.515625,11.46875],"tintindex":0,"rotation":0,"texture":"#0"},"up":{"uv":[12.6875,10.671875,12.578125,10.296875],"tintindex":0,"rotation":0,"texture":"#0"},"down":{"uv":[8.421875,14.328125,8.3125,14.703125],"tintindex":0,"rotation":0,"texture":"#0"}},"rotation":{"origin":[1.3487034,8.3500595,-5.050825],"angle":22.5,"axis":"x"}},{"from":[0.22745323,7.810757,-9.25285],"to":[2.4699526,13.053258,-7.0103493],"faces":{"east":{"uv":[8.09375,13.484375,8.203125,13.734375],"tintindex":0,"rotation":0,"texture":"#0"},"south":{"uv":[10.09375,13.53125,10.203125,13.78125],"tintindex":0,"rotation":0,"texture":"#0"},"north":{"uv":[13.09375,12.453125,13.203125,12.703125],"tintindex":0,"rotation":0,"texture":"#0"},"west":{"uv":[5.390625,14.5,5.5,14.75],"tintindex":0,"rotation":0,"texture":"#0"},"up":{"uv":[2.3125,6.265625,2.203125,6.15625],"tintindex":0,"rotation":0,"texture":"#0"},"down":{"uv":[13.296875,0.203125,13.1875,0.3125],"tintindex":0,"rotation":0,"texture":"#0"}}},{"from":[0.23120308,12.640015,-9.150837],"to":[2.4662027,13.562514,-7.103339],"faces":{"east":{"uv":[4.65625,1.265625,4.75,1.3125],"tintindex":0,"rotation":0,"texture":"#0"},"south":{"uv":[5.6875,4.578125,5.796875,4.625],"tintindex":0,"rotation":0,"texture":"#0"},"north":{"uv":[5.578125,4.578125,5.6875,4.625],"tintindex":0,"rotation":0,"texture":"#0"},"west":{"uv":[6.859375,0.53125,6.953125,0.578125],"tintindex":0,"rotation":0,"texture":"#0"},"up":{"uv":[0.890625,4.40625,0.78125,4.3125],"tintindex":0,"rotation":0,"texture":"#0"},"down":{"uv":[1.296875,8.671875,1.1875,8.765625],"tintindex":0,"rotation":0,"texture":"#0"}},"rotation":{"origin":[1.3487034,12.981796,-8.12719],"angle":22.5,"axis":"x"}},{"from":[0.07224369,2.3300653,-1.944746],"to":[15.822245,9.080066,7.0552545],"faces":{"east":{"uv":[11.5,3.828125,11.921875,4.140625],"tintindex":0,"rotation":0,"texture":"#0"},"south":{"uv":[10.296875,3.5625,11.03125,3.875],"tintindex":0,"rotation":0,"texture":"#0"},"north":{"uv":[4.53125,3.375,5.265625,3.6875],"tintindex":0,"rotation":0,"texture":"#0"},"west":{"uv":[13.046875,0.6875,13.46875,1.0],"tintindex":0,"rotation":0,"texture":"#0"},"up":{"uv":[11.328125,8.625,10.59375,8.203125],"tintindex":0,"rotation":0,"texture":"#0"},"down":{"uv":[11.390625,0.0,10.65625,0.421875],"tintindex":0,"rotation":0,"texture":"#0"}}},{"from":[13.420785,6.5125594,-8.763325],"to":[15.670785,10.26256,-0.8883238],"faces":{"east":{"uv":[11.34375,14.140625,11.71875,14.3125],"tintindex":0,"rotation":0,"texture":"#0"},"south":{"uv":[0.15625,11.96875,0.265625,12.140625],"tintindex":0,"rotation":0,"texture":"#0"},"north":{"uv":[11.0,2.359375,11.109375,2.53125],"tintindex":0,"rotation":0,"texture":"#0"},"west":{"uv":[14.15625,0.0,14.53125,0.171875],"tintindex":0,"rotation":0,"texture":"#0"},"up":{"uv":[9.96875,14.703125,9.859375,14.328125],"tintindex":0,"rotation":0,"texture":"#0"},"down":{"uv":[10.5625,14.34375,10.453125,14.71875],"tintindex":0,"rotation":0,"texture":"#0"}},"rotation":{"origin":[14.545785,8.3500595,-5.050825],"angle":22.5,"axis":"x"}},{"from":[1.1972437,4.7768636,-8.170662],"to":[14.697245,11.151864,-1.4206619],"faces":{"east":{"uv":[13.703125,12.28125,14.015625,12.578125],"tintindex":0,"rotation":0,"texture":"#0"},"south":{"uv":[12.34375,4.0625,12.984375,4.359375],"tintindex":0,"rotation":0,"texture":"#0"},"north":{"uv":[12.296875,1.484375,12.9375,1.78125],"tintindex":0,"rotation":0,"texture":"#0"},"west":{"uv":[2.3125,13.71875,2.625,14.015625],"tintindex":0,"rotation":0,"texture":"#0"},"up":{"uv":[8.53125,12.5625,7.890625,12.25],"tintindex":0,"rotation":0,"texture":"#0"},"down":{"uv":[5.0,12.265625,4.359375,12.578125],"tintindex":0,"rotation":0,"texture":"#0"}},"rotation":{"origin":[8.208199,5.134034,-7.7979507],"angle":22.5,"axis":"x"}},{"from":[3.8237028,2.129819,-8.855583],"to":[12.073704,4.717319,-1.1493359],"faces":{"east":{"uv":[10.96875,7.296875,11.328125,7.421875],"tintindex":0,"rotation":0,"texture":"#0"},"south":{"uv":[10.578125,1.40625,10.96875,1.53125],"tintindex":0,"rotation":0,"texture":"#0"},"north":{"uv":[3.84375,5.609375,4.234375,5.734375],"tintindex":0,"rotation":0,"texture":"#0"},"west":{"uv":[12.8125,9.25,13.171875,9.375],"tintindex":0,"rotation":0,"texture":"#0"},"up":{"uv":[2.390625,13.375,2.0,13.015625],"tintindex":0,"rotation":0,"texture":"#0"},"down":{"uv":[13.421875,3.265625,13.03125,3.625],"tintindex":0,"rotation":0,"texture":"#0"}},"rotation":{"origin":[7.9487033,1.6985688,-5.1899595],"angle":45.0,"axis":"x"}},{"from":[1.1934938,5.9576635,-5.8431187],"to":[14.7009945,10.840164,4.664382],"faces":{"east":{"uv":[13.21875,5.734375,13.71875,5.96875],"tintindex":0,"rotation":0,"texture":"#0"},"south":{"uv":[12.796875,11.84375,13.4375,12.078125],"tintindex":0,"rotation":0,"texture":"#0"},"north":{"uv":[12.796875,11.609375,13.4375,11.84375],"tintindex":0,"rotation":0,"texture":"#0"},"west":{"uv":[13.34375,8.96875,13.84375,9.203125],"tintindex":0,"rotation":0,"texture":"#0"},"up":{"uv":[8.953125,10.90625,8.3125,10.40625],"tintindex":0,"rotation":0,"texture":"#0"},"down":{"uv":[9.59375,10.40625,8.953125,10.90625],"tintindex":0,"rotation":0,"texture":"#0"}}},{"from":[5.7881403,9.398194,-6.808573],"to":[14.421766,13.905695,1.8250523],"faces":{"east":{"uv":[4.09375,7.59375,4.5,7.8125],"tintindex":0,"rotation":0,"texture":"#0"},"north":{"uv":[5.640625,0.578125,6.046875,0.796875],"tintindex":0,"rotation":0,"texture":"#0"}},"rotation":{"origin":[7.9487033,12.580633,-0.33551311],"angle":45.0,"axis":"y"}},{"from":[13.428286,12.640015,-9.150837],"to":[15.663285,13.562514,-7.103339],"faces":{"east":{"uv":[6.953125,0.53125,7.046875,0.578125],"tintindex":0,"rotation":0,"texture":"#0"},"south":{"uv":[6.015625,1.953125,6.125,2.0],"tintindex":0,"rotation":0,"texture":"#0"},"north":{"uv":[5.90625,1.953125,6.015625,2.0],"tintindex":0,"rotation":0,"texture":"#0"},"west":{"uv":[2.828125,8.703125,2.921875,8.75],"tintindex":0,"rotation":0,"texture":"#0"},"up":{"uv":[4.40625,9.390625,4.296875,9.296875],"tintindex":0,"rotation":0,"texture":"#0"},"down":{"uv":[4.515625,9.296875,4.40625,9.390625],"tintindex":0,"rotation":0,"texture":"#0"}},"rotation":{"origin":[14.545785,12.981796,-8.12719],"angle":22.5,"axis":"x"}}],"display":{"head":{"rotation":[0.0,0.0,0.0]},"firstperson_righthand":{"rotation":[0.0,0.0,0.0]},"thirdperson_lefthand":{"rotation":[0.0,-0.0,-0.0]},"firstperson_lefthand":{"rotation":[0.0,-0.0,-0.0]},"fixed":{"rotation":[0.0,0.0,0.0]},"ground":{"rotation":[0.0,0.0,0.0]},"thirdperson_righthand":{"rotation":[0.0,0.0,0.0]},"gui":{"rotation":[-150.0,-75.0,-180.0]}}}