{"textures":{"0":"modelengine:entity/meg"},"elements":[{"from":[3.5451126,6.4895744,-6.423457],"to":[10.295113,14.364575,0.88904285],"faces":{"east":{"uv":[13.0625,6.40625,13.40625,6.78125],"tintindex":0,"rotation":0,"texture":"#0"},"south":{"uv":[13.359375,9.71875,13.671875,10.09375],"tintindex":0,"rotation":0,"texture":"#0"},"north":{"uv":[8.984375,13.359375,9.296875,13.734375],"tintindex":0,"rotation":0,"texture":"#0"},"west":{"uv":[2.390625,13.078125,2.734375,13.453125],"tintindex":0,"rotation":0,"texture":"#0"},"up":{"uv":[8.09375,13.828125,7.78125,13.484375],"tintindex":0,"rotation":0,"texture":"#0"},"down":{"uv":[12.8125,13.5,12.5,13.84375],"tintindex":0,"rotation":0,"texture":"#0"}},"rotation":{"origin":[7.1076126,9.387868,-1.7869473],"angle":-22.5,"axis":"x"}},{"from":[-1.7048874,9.341964,11.968418],"to":[2.7951126,13.841965,16.468418],"faces":{"east":{"uv":[13.46875,14.328125,13.6875,14.546875],"tintindex":0,"rotation":0,"texture":"#0"},"south":{"uv":[0.265625,14.34375,0.484375,14.5625],"tintindex":0,"rotation":0,"texture":"#0"},"north":{"uv":[8.65625,14.328125,8.875,14.546875],"tintindex":0,"rotation":0,"texture":"#0"},"west":{"uv":[1.46875,14.34375,1.6875,14.5625],"tintindex":0,"rotation":0,"texture":"#0"},"up":{"uv":[14.5625,4.46875,14.34375,4.25],"tintindex":0,"rotation":0,"texture":"#0"},"down":{"uv":[5.890625,14.34375,5.671875,14.5625],"tintindex":0,"rotation":0,"texture":"#0"}},"rotation":{"origin":[0.6857376,10.853731,13.783788],"angle":-45.0,"axis":"x"}},{"from":[-1.4236374,11.46255,-3.7760544],"to":[1.9513626,14.837551,-0.40105438],"faces":{"east":{"uv":[2.4375,14.65625,2.59375,14.8125],"tintindex":0,"rotation":0,"texture":"#0"},"south":{"uv":[4.28125,14.65625,4.4375,14.8125],"tintindex":0,"rotation":0,"texture":"#0"},"north":{"uv":[0.765625,14.65625,0.921875,14.8125],"tintindex":0,"rotation":0,"texture":"#0"},"west":{"uv":[5.5,14.65625,5.65625,14.8125],"tintindex":0,"rotation":0,"texture":"#0"},"up":{"uv":[6.015625,14.8125,5.859375,14.65625],"tintindex":0,"rotation":0,"texture":"#0"},"down":{"uv":[6.171875,14.65625,6.015625,14.8125],"tintindex":0,"rotation":0,"texture":"#0"}}},{"from":[-1.8298874,-5.506111,-1.9148254],"to":[2.6701126,-1.0061111,2.5851731],"faces":{"east":{"uv":[4.765625,14.46875,4.96875,14.671875],"tintindex":0,"rotation":0,"texture":"#0"},"south":{"uv":[14.4375,9.375,14.65625,9.578125],"tintindex":0,"rotation":0,"texture":"#0"},"north":{"uv":[14.421875,6.078125,14.640625,6.28125],"tintindex":0,"rotation":0,"texture":"#0"},"west":{"uv":[4.96875,14.46875,5.171875,14.671875],"tintindex":0,"rotation":0,"texture":"#0"},"up":{"uv":[12.984375,14.640625,12.765625,14.4375],"tintindex":0,"rotation":0,"texture":"#0"},"down":{"uv":[14.25,14.4375,14.03125,14.640625],"tintindex":0,"rotation":0,"texture":"#0"}},"rotation":{"origin":[0.2794876,-2.7181654,-1.2074566],"angle":-22.5,"axis":"x"}},{"from":[-0.5798874,-5.911639,7.725249],"to":[8.420113,10.963362,21.22525],"faces":{"east":{"uv":[0.0,7.578125,0.625,8.375],"tintindex":0,"rotation":0,"texture":"#0"},"south":{"uv":[3.609375,9.984375,4.03125,10.78125],"tintindex":0,"rotation":0,"texture":"#0"},"north":{"uv":[1.953125,4.40625,2.375,5.203125],"tintindex":0,"rotation":0,"texture":"#0"},"west":{"uv":[3.46875,7.59375,4.09375,8.390625],"tintindex":0,"rotation":0,"texture":"#0"},"up":{"uv":[11.5625,6.578125,11.140625,5.953125],"tintindex":0,"rotation":0,"texture":"#0"},"down":{"uv":[11.609375,4.828125,11.1875,5.453125],"tintindex":0,"rotation":0,"texture":"#0"}},"rotation":{"origin":[2.7951126,2.5258608,12.787749],"angle":22.5,"axis":"x"}},{"from":[3.0763626,-5.649519,-5.7012587],"to":[7.5763626,-1.149519,-1.2012587],"faces":{"east":{"uv":[14.359375,10.0625,14.578125,10.28125],"tintindex":0,"rotation":0,"texture":"#0"},"south":{"uv":[0.484375,14.375,0.703125,14.59375],"tintindex":0,"rotation":0,"texture":"#0"},"north":{"uv":[14.359375,9.84375,14.578125,10.0625],"tintindex":0,"rotation":0,"texture":"#0"},"west":{"uv":[14.375,3.359375,14.59375,3.578125],"tintindex":0,"rotation":0,"texture":"#0"},"up":{"uv":[14.59375,5.8125,14.375,5.59375],"tintindex":0,"rotation":0,"texture":"#0"},"down":{"uv":[14.59375,6.28125,14.375,6.5],"tintindex":0,"rotation":0,"texture":"#0"}},"rotation":{"origin":[5.1857376,-4.9421463,-3.9892073],"angle":45.0,"axis":"x"}},{"from":[-0.01738739,3.3591633,1.9086342],"to":[7.8576126,14.609163,12.033634],"faces":{"east":{"uv":[3.46875,11.359375,3.9375,11.890625],"tintindex":0,"rotation":0,"texture":"#0"},"south":{"uv":[12.28125,0.421875,12.65625,0.953125],"tintindex":0,"rotation":0,"texture":"#0"},"north":{"uv":[1.6875,12.234375,2.0625,12.765625],"tintindex":0,"rotation":0,"texture":"#0"},"west":{"uv":[7.359375,11.359375,7.828125,11.890625],"tintindex":0,"rotation":0,"texture":"#0"},"up":{"uv":[3.140625,12.984375,2.765625,12.515625],"tintindex":0,"rotation":0,"texture":"#0"},"down":{"uv":[2.4375,12.546875,2.0625,13.015625],"tintindex":0,"rotation":0,"texture":"#0"}},"rotation":{"origin":[3.9201126,10.109164,7.533634],"angle":-22.5,"axis":"x"}},{"from":[-3.6423874,1.0051365,12.509777],"to":[-1.3923874,4.3801365,15.884777],"faces":{"east":{"uv":[14.625,3.0625,14.78125,3.21875],"tintindex":0,"rotation":0,"texture":"#0"},"south":{"uv":[11.0,14.703125,11.109375,14.859375],"tintindex":0,"rotation":0,"texture":"#0"},"north":{"uv":[13.78125,14.65625,13.890625,14.8125],"tintindex":0,"rotation":0,"texture":"#0"},"west":{"uv":[14.625,4.875,14.78125,5.03125],"tintindex":0,"rotation":0,"texture":"#0"},"up":{"uv":[14.5625,14.859375,14.453125,14.703125],"tintindex":0,"rotation":0,"texture":"#0"},"down":{"uv":[14.828125,0.0,14.71875,0.15625],"tintindex":0,"rotation":0,"texture":"#0"}},"rotation":{"origin":[-5.6423874,1.0676365,11.759777],"angle":-22.5,"axis":"z"}},{"from":[-1.7048874,-8.498264,0.47909164],"to":[9.545113,8.376737,17.354092],"faces":{"east":{"uv":[6.578125,5.546875,7.375,6.34375],"tintindex":0,"rotation":0,"texture":"#0"},"south":{"uv":[7.578125,8.46875,8.109375,9.265625],"tintindex":0,"rotation":0,"texture":"#0"},"north":{"uv":[3.46875,8.390625,4.0,9.1875],"tintindex":0,"rotation":0,"texture":"#0"},"west":{"uv":[0.0,6.78125,0.796875,7.578125],"tintindex":0,"rotation":0,"texture":"#0"},"up":{"uv":[8.640625,9.265625,8.109375,8.46875],"tintindex":0,"rotation":0,"texture":"#0"},"down":{"uv":[4.53125,8.5,4.0,9.296875],"tintindex":0,"rotation":0,"texture":"#0"}}},{"from":[-1.4236374,10.381883,15.377405],"to":[1.9513626,13.756883,18.752407],"faces":{"east":{"uv":[14.625,8.4375,14.78125,8.59375],"tintindex":0,"rotation":0,"texture":"#0"},"south":{"uv":[14.625,8.59375,14.78125,8.75],"tintindex":0,"rotation":0,"texture":"#0"},"north":{"uv":[14.625,5.03125,14.78125,5.1875],"tintindex":0,"rotation":0,"texture":"#0"},"west":{"uv":[14.625,8.75,14.78125,8.90625],"tintindex":0,"rotation":0,"texture":"#0"},"up":{"uv":[0.15625,14.796875,0.0,14.640625],"tintindex":0,"rotation":0,"texture":"#0"},"down":{"uv":[14.796875,5.390625,14.640625,5.546875],"tintindex":0,"rotation":0,"texture":"#0"}},"rotation":{"origin":[0.6857376,10.853731,13.783788],"angle":-22.5,"axis":"x"}},{"from":[-5.3255033,-3.4045887,1.0722771],"to":[0.29949665,2.2204118,5.572277],"faces":{"east":{"uv":[14.1875,8.46875,14.40625,8.734375],"tintindex":0,"rotation":0,"texture":"#0"},"south":{"uv":[13.296875,14.046875,13.5625,14.3125],"tintindex":0,"rotation":0,"texture":"#0"},"north":{"uv":[10.03125,14.046875,10.296875,14.3125],"tintindex":0,"rotation":0,"texture":"#0"},"west":{"uv":[14.1875,8.734375,14.40625,9.0],"tintindex":0,"rotation":0,"texture":"#0"},"up":{"uv":[14.453125,12.03125,14.1875,11.8125],"tintindex":0,"rotation":0,"texture":"#0"},"down":{"uv":[14.453125,12.75,14.1875,12.96875],"tintindex":0,"rotation":0,"texture":"#0"}},"rotation":{"origin":[-1.7630033,0.15791178,3.322277],"angle":45.0,"axis":"z"}},{"from":[-2.5486374,5.212506,-6.172496],"to":[0.8263626,8.587506,-2.7974958],"faces":{"east":{"uv":[6.328125,14.65625,6.484375,14.8125],"tintindex":0,"rotation":0,"texture":"#0"},"south":{"uv":[6.484375,14.65625,6.640625,14.8125],"tintindex":0,"rotation":0,"texture":"#0"},"north":{"uv":[6.171875,14.65625,6.328125,14.8125],"tintindex":0,"rotation":0,"texture":"#0"},"west":{"uv":[14.65625,7.359375,14.8125,7.515625],"tintindex":0,"rotation":0,"texture":"#0"},"up":{"uv":[7.984375,14.8125,7.828125,14.65625],"tintindex":0,"rotation":0,"texture":"#0"},"down":{"uv":[8.140625,14.65625,7.984375,14.8125],"tintindex":0,"rotation":0,"texture":"#0"}},"rotation":{"origin":[-0.4392624,3.6418467,-3.3034697],"angle":-45.0,"axis":"x"}},{"from":[-1.5486374,-4.4990063,-4.526022],"to":[1.8263626,-1.1240063,-1.151022],"faces":{"east":{"uv":[12.5625,14.65625,12.71875,14.8125],"tintindex":0,"rotation":0,"texture":"#0"},"south":{"uv":[14.65625,12.71875,14.8125,12.875],"tintindex":0,"rotation":0,"texture":"#0"},"north":{"uv":[12.40625,14.65625,12.5625,14.8125],"tintindex":0,"rotation":0,"texture":"#0"},"west":{"uv":[12.921875,14.65625,13.078125,14.8125],"tintindex":0,"rotation":0,"texture":"#0"},"up":{"uv":[14.8125,13.421875,14.65625,13.265625],"tintindex":0,"rotation":0,"texture":"#0"},"down":{"uv":[13.78125,14.65625,13.625,14.8125],"tintindex":0,"rotation":0,"texture":"#0"}}},{"from":[1.4826126,13.296528,4.3675103],"to":[7.1076126,18.921528,8.867511],"faces":{"east":{"uv":[7.6875,0.796875,7.90625,1.0625],"tintindex":0,"rotation":0,"texture":"#0"},"south":{"uv":[14.0,5.859375,14.265625,6.125],"tintindex":0,"rotation":0,"texture":"#0"},"north":{"uv":[13.03125,10.53125,13.296875,10.796875],"tintindex":0,"rotation":0,"texture":"#0"},"west":{"uv":[8.046875,14.171875,8.265625,14.4375],"tintindex":0,"rotation":0,"texture":"#0"},"up":{"uv":[12.21875,0.640625,11.953125,0.421875],"tintindex":0,"rotation":0,"texture":"#0"},"down":{"uv":[14.4375,9.359375,14.171875,9.578125],"tintindex":0,"rotation":0,"texture":"#0"}},"rotation":{"origin":[3.9201126,14.421528,21.242512],"angle":22.5,"axis":"x"}},{"from":[2.9826126,-2.1327286,-9.23933],"to":[10.857613,9.117271,0.8856697],"faces":{"east":{"uv":[11.453125,4.171875,11.921875,4.703125],"tintindex":0,"rotation":0,"texture":"#0"},"south":{"uv":[12.296875,0.953125,12.671875,1.484375],"tintindex":0,"rotation":0,"texture":"#0"},"north":{"uv":[12.28125,7.640625,12.65625,8.171875],"tintindex":0,"rotation":0,"texture":"#0"},"west":{"uv":[3.9375,11.46875,4.40625,12.0],"tintindex":0,"rotation":0,"texture":"#0"},"up":{"uv":[12.921875,3.46875,12.546875,3.0],"tintindex":0,"rotation":0,"texture":"#0"},"down":{"uv":[12.9375,1.78125,12.5625,2.25],"tintindex":0,"rotation":0,"texture":"#0"}},"rotation":{"origin":[7.1076126,9.387868,-1.7869473],"angle":-45.0,"axis":"x"}},{"from":[0.5451126,12.3176365,2.759777],"to":[7.2951126,20.192638,10.072277],"faces":{"east":{"uv":[11.375,13.046875,11.71875,13.421875],"tintindex":0,"rotation":0,"texture":"#0"},"south":{"uv":[13.359375,3.890625,13.671875,4.265625],"tintindex":0,"rotation":0,"texture":"#0"},"north":{"uv":[9.765625,11.46875,10.078125,11.84375],"tintindex":0,"rotation":0,"texture":"#0"},"west":{"uv":[11.71875,13.046875,12.0625,13.421875],"tintindex":0,"rotation":0,"texture":"#0"},"up":{"uv":[13.78125,5.140625,13.46875,4.796875],"tintindex":0,"rotation":0,"texture":"#0"},"down":{"uv":[7.78125,13.484375,7.46875,13.828125],"tintindex":0,"rotation":0,"texture":"#0"}}},{"from":[-2.2673874,-5.8377876,-12.779083],"to":[4.4826126,-0.21278763,-7.1540833],"faces":{"east":{"uv":[3.265625,14.0625,3.53125,14.328125],"tintindex":0,"rotation":0,"texture":"#0"},"south":{"uv":[13.84375,10.078125,14.15625,10.34375],"tintindex":0,"rotation":0,"texture":"#0"},"north":{"uv":[13.84375,7.390625,14.15625,7.65625],"tintindex":0,"rotation":0,"texture":"#0"},"west":{"uv":[3.53125,14.0625,3.796875,14.328125],"tintindex":0,"rotation":0,"texture":"#0"},"up":{"uv":[12.8125,14.109375,12.5,13.84375],"tintindex":0,"rotation":0,"texture":"#0"},"down":{"uv":[6.3125,13.859375,6.0,14.125],"tintindex":0,"rotation":0,"texture":"#0"}},"rotation":{"origin":[1.1076126,-50.52529,29.533417],"angle":22.5,"axis":"x"}},{"from":[-5.338356,2.595931,3.9925103],"to":[0.28664398,8.220931,8.492511],"faces":{"east":{"uv":[14.1875,3.09375,14.40625,3.359375],"tintindex":0,"rotation":0,"texture":"#0"},"south":{"uv":[14.046875,6.625,14.3125,6.890625],"tintindex":0,"rotation":0,"texture":"#0"},"north":{"uv":[14.046875,4.75,14.3125,5.015625],"tintindex":0,"rotation":0,"texture":"#0"},"west":{"uv":[14.1875,5.015625,14.40625,5.28125],"tintindex":0,"rotation":0,"texture":"#0"},"up":{"uv":[14.453125,8.25,14.1875,8.03125],"tintindex":0,"rotation":0,"texture":"#0"},"down":{"uv":[14.453125,8.25,14.1875,8.46875],"tintindex":0,"rotation":0,"texture":"#0"}},"rotation":{"origin":[-2.900856,3.720931,20.867512],"angle":22.5,"axis":"x"}},{"from":[-3.3923874,-0.63905334,-2.976637],"to":[3.3576126,4.9859457,2.648365],"faces":{"east":{"uv":[14.015625,12.484375,14.28125,12.75],"tintindex":0,"rotation":0,"texture":"#0"},"south":{"uv":[3.3125,13.796875,3.625,14.0625],"tintindex":0,"rotation":0,"texture":"#0"},"north":{"uv":[3.0,13.796875,3.3125,14.0625],"tintindex":0,"rotation":0,"texture":"#0"},"west":{"uv":[14.046875,3.796875,14.3125,4.0625],"tintindex":0,"rotation":0,"texture":"#0"},"up":{"uv":[14.125,2.796875,13.8125,2.53125],"tintindex":0,"rotation":0,"texture":"#0"},"down":{"uv":[6.0,13.8125,5.6875,14.078125],"tintindex":0,"rotation":0,"texture":"#0"}}},{"from":[-2.2673874,5.61099,-0.5801954],"to":[4.4826126,11.235991,5.0448046],"faces":{"east":{"uv":[14.015625,6.984375,14.28125,7.25],"tintindex":0,"rotation":0,"texture":"#0"},"south":{"uv":[13.703125,12.578125,14.015625,12.84375],"tintindex":0,"rotation":0,"texture":"#0"},"north":{"uv":[13.6875,0.3125,14.0,0.578125],"tintindex":0,"rotation":0,"texture":"#0"},"west":{"uv":[14.015625,12.21875,14.28125,12.484375],"tintindex":0,"rotation":0,"texture":"#0"},"up":{"uv":[10.40625,14.046875,10.09375,13.78125],"tintindex":0,"rotation":0,"texture":"#0"},"down":{"uv":[13.609375,13.78125,13.296875,14.046875],"tintindex":0,"rotation":0,"texture":"#0"}},"rotation":{"origin":[0.6857376,9.891891,-0.9070282],"angle":45.0,"axis":"x"}},{"from":[-4.775856,1.9920397,2.384777],"to":[1.9741449,9.86704,9.697277],"faces":{"east":{"uv":[0.15625,13.109375,0.5,13.484375],"tintindex":0,"rotation":0,"texture":"#0"},"south":{"uv":[13.375,0.203125,13.6875,0.578125],"tintindex":0,"rotation":0,"texture":"#0"},"north":{"uv":[12.0625,13.359375,12.375,13.734375],"tintindex":0,"rotation":0,"texture":"#0"},"west":{"uv":[4.109375,13.109375,4.453125,13.484375],"tintindex":0,"rotation":0,"texture":"#0"},"up":{"uv":[13.828125,1.1875,13.515625,0.84375],"tintindex":0,"rotation":0,"texture":"#0"},"down":{"uv":[13.828125,9.203125,13.515625,9.546875],"tintindex":0,"rotation":0,"texture":"#0"}},"rotation":{"origin":[-2.900856,5.5545397,6.041027],"angle":22.5,"axis":"z"}},{"from":[-1.7048874,8.042251,-3.8725204],"to":[2.7951126,12.542252,0.62747955],"faces":{"east":{"uv":[14.453125,12.734375,14.65625,12.9375],"tintindex":0,"rotation":0,"texture":"#0"},"south":{"uv":[12.984375,14.453125,13.1875,14.65625],"tintindex":0,"rotation":0,"texture":"#0"},"north":{"uv":[14.453125,11.734375,14.65625,11.9375],"tintindex":0,"rotation":0,"texture":"#0"},"west":{"uv":[14.453125,13.265625,14.65625,13.46875],"tintindex":0,"rotation":0,"texture":"#0"},"up":{"uv":[13.890625,14.65625,13.6875,14.453125],"tintindex":0,"rotation":0,"texture":"#0"},"down":{"uv":[14.671875,0.484375,14.46875,0.6875],"tintindex":0,"rotation":0,"texture":"#0"}},"rotation":{"origin":[0.6857376,9.891891,-0.9070282],"angle":-22.5,"axis":"x"}},{"from":[4.4826126,12.827656,-5.5656996],"to":[10.107613,18.452658,-1.0656996],"faces":{"east":{"uv":[14.171875,9.578125,14.390625,9.84375],"tintindex":0,"rotation":0,"texture":"#0"},"south":{"uv":[4.34375,14.015625,4.609375,14.28125],"tintindex":0,"rotation":0,"texture":"#0"},"north":{"uv":[4.078125,14.015625,4.34375,14.28125],"tintindex":0,"rotation":0,"texture":"#0"},"west":{"uv":[14.03125,14.171875,14.25,14.4375],"tintindex":0,"rotation":0,"texture":"#0"},"up":{"uv":[14.453125,2.875,14.1875,2.65625],"tintindex":0,"rotation":0,"texture":"#0"},"down":{"uv":[14.453125,2.875,14.1875,3.09375],"tintindex":0,"rotation":0,"texture":"#0"}}},{"from":[-2.8298874,0.28438187,-5.7371855],"to":[1.6701126,4.784382,-1.2371855],"faces":{"east":{"uv":[10.234375,14.34375,10.453125,14.5625],"tintindex":0,"rotation":0,"texture":"#0"},"south":{"uv":[14.359375,0.703125,14.578125,0.921875],"tintindex":0,"rotation":0,"texture":"#0"},"north":{"uv":[8.875,14.34375,9.09375,14.5625],"tintindex":0,"rotation":0,"texture":"#0"},"west":{"uv":[14.359375,0.921875,14.578125,1.140625],"tintindex":0,"rotation":0,"texture":"#0"},"up":{"uv":[14.578125,7.375,14.359375,7.15625],"tintindex":0,"rotation":0,"texture":"#0"},"down":{"uv":[9.703125,14.359375,9.484375,14.578125],"tintindex":0,"rotation":0,"texture":"#0"}},"rotation":{"origin":[-0.5798874,4.034382,-2.7371855],"angle":22.5,"axis":"x"}},{"from":[3.3576126,-6.722987,-7.3077726],"to":[6.7326126,-3.3479872,-3.9327726],"faces":{"east":{"uv":[9.0,14.65625,9.15625,14.8125],"tintindex":0,"rotation":0,"texture":"#0"},"south":{"uv":[14.65625,9.125,14.8125,9.28125],"tintindex":0,"rotation":0,"texture":"#0"},"north":{"uv":[8.140625,14.65625,8.296875,14.8125],"tintindex":0,"rotation":0,"texture":"#0"},"west":{"uv":[9.15625,14.65625,9.3125,14.8125],"tintindex":0,"rotation":0,"texture":"#0"},"up":{"uv":[14.8125,9.4375,14.65625,9.28125],"tintindex":0,"rotation":0,"texture":"#0"},"down":{"uv":[14.8125,11.734375,14.65625,11.890625],"tintindex":0,"rotation":0,"texture":"#0"}},"rotation":{"origin":[5.1857376,-4.9421463,-3.9892073],"angle":-22.5,"axis":"x"}}],"display":{"head":{"rotation":[0.0,0.0,0.0]},"firstperson_righthand":{"rotation":[0.0,0.0,0.0]},"thirdperson_lefthand":{"rotation":[0.0,-0.0,-0.0]},"firstperson_lefthand":{"rotation":[0.0,-0.0,-0.0]},"fixed":{"rotation":[0.0,0.0,0.0]},"ground":{"rotation":[0.0,0.0,0.0]},"thirdperson_righthand":{"rotation":[0.0,0.0,0.0]},"gui":{"rotation":[-150.0,-75.0,-180.0]}}}