{"textures":{"0":"modelengine:entity/meg"},"elements":[{"from":[6.7975893,-11.07954,15.790596],"to":[8.906964,8.748586,24.649971],"faces":{"east":{"uv":[0.984375,3.15625,1.53125,4.390625],"tintindex":0,"rotation":0,"texture":"#0"},"south":{"uv":[8.359375,12.5625,8.484375,13.796875],"tintindex":0,"rotation":0,"texture":"#0"},"north":{"uv":[10.09375,12.296875,10.21875,13.53125],"tintindex":0,"rotation":0,"texture":"#0"},"west":{"uv":[1.46875,6.15625,2.015625,7.390625],"tintindex":0,"rotation":0,"texture":"#0"},"up":{"uv":[3.828125,6.765625,3.703125,6.21875],"tintindex":0,"rotation":0,"texture":"#0"},"down":{"uv":[6.75,13.859375,6.625,14.40625],"tintindex":0,"rotation":0,"texture":"#0"}}},{"from":[4.5668073,8.174019,24.238987],"to":[7.9502454,13.244957,29.309925],"faces":{"east":{"uv":[13.6875,0.0,14.0,0.3125],"tintindex":0,"rotation":0,"texture":"#0"},"south":{"uv":[14.125,4.25,14.34375,4.5625],"tintindex":0,"rotation":0,"texture":"#0"},"north":{"uv":[4.53125,8.5,4.75,8.8125],"tintindex":0,"rotation":0,"texture":"#0"},"west":{"uv":[4.78125,13.6875,5.09375,14.0],"tintindex":0,"rotation":0,"texture":"#0"},"up":{"uv":[6.171875,14.4375,5.953125,14.125],"tintindex":0,"rotation":0,"texture":"#0"},"down":{"uv":[6.390625,14.125,6.171875,14.4375],"tintindex":0,"rotation":0,"texture":"#0"}},"rotation":{"origin":[6.258527,9.382727,25.447695],"angle":22.5,"axis":"x"}},{"from":[5.402569,3.2515721,24.0142],"to":[8.355694,6.626572,28.23295],"faces":{"east":{"uv":[7.890625,5.671875,8.15625,5.890625],"tintindex":0,"rotation":0,"texture":"#0"},"south":{"uv":[6.765625,14.453125,6.953125,14.671875],"tintindex":0,"rotation":0,"texture":"#0"},"north":{"uv":[7.703125,12.3125,7.890625,12.53125],"tintindex":0,"rotation":0,"texture":"#0"},"west":{"uv":[5.15625,11.609375,5.421875,11.828125],"tintindex":0,"rotation":0,"texture":"#0"},"up":{"uv":[4.53125,2.53125,4.34375,2.265625],"tintindex":0,"rotation":0,"texture":"#0"},"down":{"uv":[7.703125,12.84375,7.515625,13.109375],"tintindex":0,"rotation":0,"texture":"#0"}},"rotation":{"origin":[7.008463,11.075856,26.4397],"angle":22.5,"axis":"x"}},{"from":[3.7150688,3.8246484,20.654266],"to":[6.668194,6.3558984,23.185516],"faces":{"east":{"uv":[14.609375,4.5,14.765625,4.65625],"tintindex":0,"rotation":0,"texture":"#0"},"south":{"uv":[8.8125,14.5625,9.0,14.71875],"tintindex":0,"rotation":0,"texture":"#0"},"north":{"uv":[5.671875,14.5625,5.859375,14.71875],"tintindex":0,"rotation":0,"texture":"#0"},"west":{"uv":[14.609375,9.578125,14.765625,9.734375],"tintindex":0,"rotation":0,"texture":"#0"},"up":{"uv":[10.421875,14.71875,10.234375,14.5625],"tintindex":0,"rotation":0,"texture":"#0"},"down":{"uv":[14.75,10.640625,14.5625,10.796875],"tintindex":0,"rotation":0,"texture":"#0"}},"rotation":{"origin":[4.980694,6.3558984,23.607391],"angle":22.5,"axis":"z"}},{"from":[4.571026,5.7361264,22.858496],"to":[7.946027,12.486126,25.389746],"faces":{"east":{"uv":[11.390625,0.0,11.546875,0.421875],"tintindex":0,"rotation":0,"texture":"#0"},"south":{"uv":[3.21875,8.765625,3.4375,9.1875],"tintindex":0,"rotation":0,"texture":"#0"},"north":{"uv":[7.375,5.890625,7.59375,6.3125],"tintindex":0,"rotation":0,"texture":"#0"},"west":{"uv":[10.5625,14.078125,10.71875,14.5],"tintindex":0,"rotation":0,"texture":"#0"},"up":{"uv":[5.765625,12.359375,5.546875,12.203125],"tintindex":0,"rotation":0,"texture":"#0"},"down":{"uv":[14.71875,12.125,14.5,12.28125],"tintindex":0,"rotation":0,"texture":"#0"}},"rotation":{"origin":[6.258527,9.382727,25.447695],"angle":45.0,"axis":"x"}},{"from":[5.824444,3.0746484,25.669891],"to":[7.933819,5.6058984,28.201141],"faces":{"east":{"uv":[14.609375,1.671875,14.765625,1.828125],"tintindex":0,"rotation":0,"texture":"#0"},"south":{"uv":[3.765625,14.609375,3.890625,14.765625],"tintindex":0,"rotation":0,"texture":"#0"},"north":{"uv":[1.875,14.0,2.0,14.15625],"tintindex":0,"rotation":0,"texture":"#0"},"west":{"uv":[14.609375,4.34375,14.765625,4.5],"tintindex":0,"rotation":0,"texture":"#0"},"up":{"uv":[2.71875,14.8125,2.59375,14.65625],"tintindex":0,"rotation":0,"texture":"#0"},"down":{"uv":[3.671875,14.703125,3.546875,14.859375],"tintindex":0,"rotation":0,"texture":"#0"}},"rotation":{"origin":[6.8791313,5.0902734,26.560516],"angle":45.0,"axis":"x"}},{"from":[6.9560003,-9.763926,14.460126],"to":[8.6435,5.001699,20.78825],"faces":{"east":{"uv":[3.15625,4.0,3.546875,4.921875],"tintindex":0,"rotation":0,"texture":"#0"},"south":{"uv":[5.28125,13.21875,5.390625,14.140625],"tintindex":0,"rotation":0,"texture":"#0"},"north":{"uv":[8.234375,12.828125,8.34375,13.75],"tintindex":0,"rotation":0,"texture":"#0"},"west":{"uv":[2.828125,9.8125,3.21875,10.734375],"tintindex":0,"rotation":0,"texture":"#0"},"up":{"uv":[11.59375,9.28125,11.484375,8.890625],"tintindex":0,"rotation":0,"texture":"#0"},"down":{"uv":[5.9375,12.828125,5.828125,13.21875],"tintindex":0,"rotation":0,"texture":"#0"}},"rotation":{"origin":[7.8159494,-6.9746075,18.057123],"angle":-22.5,"axis":"x"}},{"from":[4.574777,6.7972775,21.804844],"to":[7.9422765,9.321028,28.547344],"faces":{"east":{"uv":[14.0,6.125,14.421875,6.28125],"tintindex":0,"rotation":0,"texture":"#0"},"south":{"uv":[12.359375,9.375,12.5625,9.53125],"tintindex":0,"rotation":0,"texture":"#0"},"north":{"uv":[6.8125,7.234375,7.015625,7.390625],"tintindex":0,"rotation":0,"texture":"#0"},"west":{"uv":[14.0625,7.875,14.484375,8.03125],"tintindex":0,"rotation":0,"texture":"#0"},"up":{"uv":[6.8125,8.703125,6.609375,8.28125],"tintindex":0,"rotation":0,"texture":"#0"},"down":{"uv":[2.203125,13.75,2.0,14.171875],"tintindex":0,"rotation":0,"texture":"#0"}}},{"from":[7.0238914,-14.515333,13.614544],"to":[8.500454,-8.398146,19.731731],"faces":{"east":{"uv":[12.984375,3.96875,13.359375,4.34375],"tintindex":0,"rotation":0,"texture":"#0"},"south":{"uv":[12.046875,14.375,12.140625,14.75],"tintindex":0,"rotation":0,"texture":"#0"},"north":{"uv":[13.109375,13.234375,13.203125,13.609375],"tintindex":0,"rotation":0,"texture":"#0"},"west":{"uv":[8.984375,12.984375,9.359375,13.359375],"tintindex":0,"rotation":0,"texture":"#0"},"up":{"uv":[1.390625,14.78125,1.296875,14.40625],"tintindex":0,"rotation":0,"texture":"#0"},"down":{"uv":[13.984375,14.453125,13.890625,14.828125],"tintindex":0,"rotation":0,"texture":"#0"}},"rotation":{"origin":[7.8159494,-6.9746075,18.057123],"angle":-45.0,"axis":"x"}},{"from":[5.742901,5.79546,9.884345],"to":[9.961652,11.279836,25.493721],"faces":{"east":{"uv":[10.0,7.078125,10.96875,7.421875],"tintindex":0,"rotation":0,"texture":"#0"},"south":{"uv":[13.6875,13.71875,13.953125,14.0625],"tintindex":0,"rotation":0,"texture":"#0"},"north":{"uv":[13.71875,5.59375,13.984375,5.9375],"tintindex":0,"rotation":0,"texture":"#0"},"west":{"uv":[10.015625,5.609375,10.984375,5.953125],"tintindex":0,"rotation":0,"texture":"#0"},"up":{"uv":[10.78125,12.21875,10.515625,11.25],"tintindex":0,"rotation":0,"texture":"#0"},"down":{"uv":[8.296875,11.28125,8.03125,12.25],"tintindex":0,"rotation":0,"texture":"#0"}},"rotation":{"origin":[7.852277,5.1626477,17.478096],"angle":-22.5,"axis":"x"}}],"display":{"head":{"rotation":[0.0,0.0,0.0]},"firstperson_righthand":{"rotation":[0.0,0.0,0.0]},"thirdperson_lefthand":{"rotation":[0.0,-0.0,-0.0]},"firstperson_lefthand":{"rotation":[0.0,-0.0,-0.0]},"fixed":{"rotation":[0.0,0.0,0.0]},"ground":{"rotation":[0.0,0.0,0.0]},"thirdperson_righthand":{"rotation":[0.0,0.0,0.0]},"gui":{"rotation":[-150.0,-75.0,-180.0]}}}