{"textures":{"0":"modelengine:entity/meg"},"elements":[{"from":[8.057724,6.7972775,21.804844],"to":[11.425222,9.321028,28.547344],"faces":{"east":{"uv":[14.125,2.5,14.546875,2.65625],"tintindex":0,"rotation":0,"texture":"#0"},"south":{"uv":[0.21875,14.5625,0.421875,14.71875],"tintindex":0,"rotation":0,"texture":"#0"},"north":{"uv":[14.546875,2.484375,14.75,2.640625],"tintindex":0,"rotation":0,"texture":"#0"},"west":{"uv":[14.140625,11.140625,14.5625,11.296875],"tintindex":0,"rotation":0,"texture":"#0"},"up":{"uv":[7.359375,14.171875,7.15625,13.75],"tintindex":0,"rotation":0,"texture":"#0"},"down":{"uv":[8.296875,13.75,8.09375,14.171875],"tintindex":0,"rotation":0,"texture":"#0"}}},{"from":[7.644306,3.2515721,24.0142],"to":[10.597431,6.626572,28.23295],"faces":{"east":{"uv":[0.0,14.203125,0.265625,14.421875],"tintindex":0,"rotation":0,"texture":"#0"},"south":{"uv":[4.09375,14.5,4.28125,14.71875],"tintindex":0,"rotation":0,"texture":"#0"},"north":{"uv":[3.90625,14.5,4.09375,14.71875],"tintindex":0,"rotation":0,"texture":"#0"},"west":{"uv":[14.203125,0.484375,14.46875,0.703125],"tintindex":0,"rotation":0,"texture":"#0"},"up":{"uv":[2.921875,14.59375,2.734375,14.328125],"tintindex":0,"rotation":0,"texture":"#0"},"down":{"uv":[3.109375,14.328125,2.921875,14.59375],"tintindex":0,"rotation":0,"texture":"#0"}},"rotation":{"origin":[8.991537,11.075856,26.4397],"angle":22.5,"axis":"x"}},{"from":[7.499546,-14.515333,13.614544],"to":[8.976109,-8.398146,19.731731],"faces":{"east":{"uv":[1.15625,13.0,1.53125,13.375],"tintindex":0,"rotation":0,"texture":"#0"},"south":{"uv":[2.1875,14.484375,2.28125,14.859375],"tintindex":0,"rotation":0,"texture":"#0"},"north":{"uv":[5.171875,14.46875,5.265625,14.84375],"tintindex":0,"rotation":0,"texture":"#0"},"west":{"uv":[13.0,6.03125,13.375,6.40625],"tintindex":0,"rotation":0,"texture":"#0"},"up":{"uv":[3.765625,14.859375,3.671875,14.484375],"tintindex":0,"rotation":0,"texture":"#0"},"down":{"uv":[7.328125,14.484375,7.234375,14.859375],"tintindex":0,"rotation":0,"texture":"#0"}},"rotation":{"origin":[8.184051,-6.9746075,18.057123],"angle":-45.0,"axis":"x"}},{"from":[8.053973,5.7361264,22.858496],"to":[11.428974,12.486126,25.389746],"faces":{"east":{"uv":[11.1875,14.109375,11.34375,14.53125],"tintindex":0,"rotation":0,"texture":"#0"},"south":{"uv":[13.71875,6.28125,13.9375,6.703125],"tintindex":0,"rotation":0,"texture":"#0"},"north":{"uv":[12.8125,13.703125,13.03125,14.125],"tintindex":0,"rotation":0,"texture":"#0"},"west":{"uv":[4.609375,14.125,4.765625,14.546875],"tintindex":0,"rotation":0,"texture":"#0"},"up":{"uv":[14.734375,6.84375,14.515625,6.6875],"tintindex":0,"rotation":0,"texture":"#0"},"down":{"uv":[14.75,5.234375,14.53125,5.390625],"tintindex":0,"rotation":0,"texture":"#0"}},"rotation":{"origin":[9.741473,9.382727,25.447695],"angle":45.0,"axis":"x"}},{"from":[9.331806,3.8246484,20.654266],"to":[12.284931,6.3558984,23.185516],"faces":{"east":{"uv":[7.328125,14.671875,7.484375,14.828125],"tintindex":0,"rotation":0,"texture":"#0"},"south":{"uv":[13.1875,14.578125,13.375,14.734375],"tintindex":0,"rotation":0,"texture":"#0"},"north":{"uv":[14.578125,7.203125,14.765625,7.359375],"tintindex":0,"rotation":0,"texture":"#0"},"west":{"uv":[14.671875,7.515625,14.828125,7.671875],"tintindex":0,"rotation":0,"texture":"#0"},"up":{"uv":[0.609375,14.75,0.421875,14.59375],"tintindex":0,"rotation":0,"texture":"#0"},"down":{"uv":[2.921875,14.59375,2.734375,14.75],"tintindex":0,"rotation":0,"texture":"#0"}},"rotation":{"origin":[11.019306,6.3558984,23.607391],"angle":-22.5,"axis":"z"}},{"from":[7.3564997,-9.763926,14.460126],"to":[9.044,5.001699,20.78825],"faces":{"east":{"uv":[6.71875,9.828125,7.109375,10.75],"tintindex":0,"rotation":0,"texture":"#0"},"south":{"uv":[7.046875,13.421875,7.15625,14.34375],"tintindex":0,"rotation":0,"texture":"#0"},"north":{"uv":[8.796875,13.40625,8.90625,14.328125],"tintindex":0,"rotation":0,"texture":"#0"},"west":{"uv":[7.109375,9.9375,7.5,10.859375],"tintindex":0,"rotation":0,"texture":"#0"},"up":{"uv":[10.078125,13.21875,9.96875,12.828125],"tintindex":0,"rotation":0,"texture":"#0"},"down":{"uv":[11.65625,14.3125,11.546875,14.703125],"tintindex":0,"rotation":0,"texture":"#0"}},"rotation":{"origin":[8.184051,-6.9746075,18.057123],"angle":-22.5,"axis":"x"}},{"from":[7.0930357,-11.07954,15.790596],"to":[9.202411,8.748586,24.649971],"faces":{"east":{"uv":[3.15625,6.21875,3.703125,7.453125],"tintindex":0,"rotation":0,"texture":"#0"},"south":{"uv":[1.875,12.765625,2.0,14.0],"tintindex":0,"rotation":0,"texture":"#0"},"north":{"uv":[5.40625,12.71875,5.53125,13.953125],"tintindex":0,"rotation":0,"texture":"#0"},"west":{"uv":[6.234375,1.953125,6.78125,3.1875],"tintindex":0,"rotation":0,"texture":"#0"},"up":{"uv":[5.515625,14.5,5.390625,13.953125],"tintindex":0,"rotation":0,"texture":"#0"},"down":{"uv":[7.875,13.984375,7.75,14.53125],"tintindex":0,"rotation":0,"texture":"#0"}}},{"from":[6.038348,5.79546,9.884345],"to":[10.257099,11.279836,25.493721],"faces":{"east":{"uv":[10.03125,6.578125,11.0,6.921875],"tintindex":0,"rotation":0,"texture":"#0"},"south":{"uv":[8.90625,13.734375,9.171875,14.078125],"tintindex":0,"rotation":0,"texture":"#0"},"north":{"uv":[1.53125,13.734375,1.796875,14.078125],"tintindex":0,"rotation":0,"texture":"#0"},"west":{"uv":[9.59375,10.046875,10.5625,10.390625],"tintindex":0,"rotation":0,"texture":"#0"},"up":{"uv":[8.5625,12.25,8.296875,11.28125],"tintindex":0,"rotation":0,"texture":"#0"},"down":{"uv":[8.828125,11.28125,8.5625,12.25],"tintindex":0,"rotation":0,"texture":"#0"}},"rotation":{"origin":[8.147723,5.1626477,17.478096],"angle":-22.5,"axis":"x"}},{"from":[8.066181,3.0746484,25.669891],"to":[10.175556,5.6058984,28.201141],"faces":{"east":{"uv":[6.640625,14.671875,6.796875,14.828125],"tintindex":0,"rotation":0,"texture":"#0"},"south":{"uv":[11.53125,14.703125,11.65625,14.859375],"tintindex":0,"rotation":0,"texture":"#0"},"north":{"uv":[10.875,14.703125,11.0,14.859375],"tintindex":0,"rotation":0,"texture":"#0"},"west":{"uv":[6.796875,14.671875,6.953125,14.828125],"tintindex":0,"rotation":0,"texture":"#0"},"up":{"uv":[14.828125,12.4375,14.703125,12.28125],"tintindex":0,"rotation":0,"texture":"#0"},"down":{"uv":[14.828125,12.4375,14.703125,12.59375],"tintindex":0,"rotation":0,"texture":"#0"}},"rotation":{"origin":[9.120869,5.0902734,26.560516],"angle":45.0,"axis":"x"}},{"from":[8.049755,8.174019,24.238987],"to":[11.433193,13.244957,29.309925],"faces":{"east":{"uv":[13.6875,5.96875,14.0,6.28125],"tintindex":0,"rotation":0,"texture":"#0"},"south":{"uv":[9.171875,14.125,9.390625,14.4375],"tintindex":0,"rotation":0,"texture":"#0"},"north":{"uv":[6.390625,14.125,6.609375,14.4375],"tintindex":0,"rotation":0,"texture":"#0"},"west":{"uv":[13.6875,10.9375,14.0,11.25],"tintindex":0,"rotation":0,"texture":"#0"},"up":{"uv":[12.84375,14.4375,12.625,14.125],"tintindex":0,"rotation":0,"texture":"#0"},"down":{"uv":[13.0625,14.125,12.84375,14.4375],"tintindex":0,"rotation":0,"texture":"#0"}},"rotation":{"origin":[9.741473,9.382727,25.447695],"angle":22.5,"axis":"x"}}],"display":{"head":{"rotation":[0.0,0.0,0.0]},"firstperson_righthand":{"rotation":[0.0,0.0,0.0]},"thirdperson_lefthand":{"rotation":[0.0,-0.0,-0.0]},"firstperson_lefthand":{"rotation":[0.0,-0.0,-0.0]},"fixed":{"rotation":[0.0,0.0,0.0]},"ground":{"rotation":[0.0,0.0,0.0]},"thirdperson_righthand":{"rotation":[0.0,0.0,0.0]},"gui":{"rotation":[-150.0,-75.0,-180.0]}}}