{"textures":{"0":"modelengine:entity/meg"},"elements":[{"from":[15.700503,-3.4045887,1.0722771],"to":[21.325504,2.2204118,5.572277],"faces":{"east":{"uv":[14.265625,10.875,14.484375,11.140625],"tintindex":0,"rotation":0,"texture":"#0"},"south":{"uv":[10.296875,14.078125,10.5625,14.34375],"tintindex":0,"rotation":0,"texture":"#0"},"north":{"uv":[8.90625,14.078125,9.171875,14.34375],"tintindex":0,"rotation":0,"texture":"#0"},"west":{"uv":[2.3125,14.28125,2.53125,14.546875],"tintindex":0,"rotation":0,"texture":"#0"},"up":{"uv":[4.34375,14.5,4.078125,14.28125],"tintindex":0,"rotation":0,"texture":"#0"},"down":{"uv":[4.609375,14.28125,4.34375,14.5],"tintindex":0,"rotation":0,"texture":"#0"}},"rotation":{"origin":[17.763004,0.15791178,3.322277],"angle":-45.0,"axis":"z"}},{"from":[13.204887,9.341964,11.968418],"to":[17.704887,13.841965,16.468418],"faces":{"east":{"uv":[7.875,14.4375,8.09375,14.65625],"tintindex":0,"rotation":0,"texture":"#0"},"south":{"uv":[8.09375,14.4375,8.3125,14.65625],"tintindex":0,"rotation":0,"texture":"#0"},"north":{"uv":[6.328125,14.4375,6.546875,14.65625],"tintindex":0,"rotation":0,"texture":"#0"},"west":{"uv":[9.09375,14.4375,9.3125,14.65625],"tintindex":0,"rotation":0,"texture":"#0"},"up":{"uv":[14.65625,9.375,14.4375,9.15625],"tintindex":0,"rotation":0,"texture":"#0"},"down":{"uv":[12.765625,14.4375,12.546875,14.65625],"tintindex":0,"rotation":0,"texture":"#0"}},"rotation":{"origin":[15.314262,10.853731,13.783788],"angle":-45.0,"axis":"x"}},{"from":[8.142387,3.3591633,1.9086342],"to":[16.017387,14.609163,12.033634],"faces":{"east":{"uv":[11.5,3.296875,11.96875,3.828125],"tintindex":0,"rotation":0,"texture":"#0"},"south":{"uv":[7.328125,12.3125,7.703125,12.84375],"tintindex":0,"rotation":0,"texture":"#0"},"north":{"uv":[9.71875,12.296875,10.09375,12.828125],"tintindex":0,"rotation":0,"texture":"#0"},"west":{"uv":[2.625,11.515625,3.09375,12.046875],"tintindex":0,"rotation":0,"texture":"#0"},"up":{"uv":[12.9375,2.71875,12.5625,2.25],"tintindex":0,"rotation":0,"texture":"#0"},"down":{"uv":[12.9375,4.359375,12.5625,4.828125],"tintindex":0,"rotation":0,"texture":"#0"}},"rotation":{"origin":[12.079887,10.109164,7.533634],"angle":-22.5,"axis":"x"}},{"from":[9.267387,-6.722987,-7.3077726],"to":[12.642387,-3.3479872,-3.9327726],"faces":{"east":{"uv":[14.6875,1.296875,14.84375,1.453125],"tintindex":0,"rotation":0,"texture":"#0"},"south":{"uv":[14.6875,2.234375,14.84375,2.390625],"tintindex":0,"rotation":0,"texture":"#0"},"north":{"uv":[14.671875,14.25,14.828125,14.40625],"tintindex":0,"rotation":0,"texture":"#0"},"west":{"uv":[14.6875,5.78125,14.84375,5.9375],"tintindex":0,"rotation":0,"texture":"#0"},"up":{"uv":[14.84375,9.0625,14.6875,8.90625],"tintindex":0,"rotation":0,"texture":"#0"},"down":{"uv":[14.84375,10.484375,14.6875,10.640625],"tintindex":0,"rotation":0,"texture":"#0"}},"rotation":{"origin":[10.814262,-4.9421463,-3.9892073],"angle":-22.5,"axis":"x"}},{"from":[12.642387,-0.63905334,-2.976637],"to":[19.392387,4.9859457,2.648365],"faces":{"east":{"uv":[14.109375,13.90625,14.375,14.171875],"tintindex":0,"rotation":0,"texture":"#0"},"south":{"uv":[13.875,11.953125,14.1875,12.21875],"tintindex":0,"rotation":0,"texture":"#0"},"north":{"uv":[13.875,8.84375,14.1875,9.109375],"tintindex":0,"rotation":0,"texture":"#0"},"west":{"uv":[14.125,1.65625,14.390625,1.921875],"tintindex":0,"rotation":0,"texture":"#0"},"up":{"uv":[14.1875,13.109375,13.875,12.84375],"tintindex":0,"rotation":0,"texture":"#0"},"down":{"uv":[14.203125,0.578125,13.890625,0.84375],"tintindex":0,"rotation":0,"texture":"#0"}}},{"from":[7.5798874,-5.911639,7.725249],"to":[16.579887,10.963362,21.22525],"faces":{"east":{"uv":[7.59375,5.890625,8.21875,6.6875],"tintindex":0,"rotation":0,"texture":"#0"},"south":{"uv":[5.109375,10.03125,5.53125,10.828125],"tintindex":0,"rotation":0,"texture":"#0"},"north":{"uv":[4.6875,10.03125,5.109375,10.828125],"tintindex":0,"rotation":0,"texture":"#0"},"west":{"uv":[7.6875,0.0,8.3125,0.796875],"tintindex":0,"rotation":0,"texture":"#0"},"up":{"uv":[11.28125,11.859375,10.859375,11.234375],"tintindex":0,"rotation":0,"texture":"#0"},"down":{"uv":[10.515625,11.25,10.09375,11.875],"tintindex":0,"rotation":0,"texture":"#0"}},"rotation":{"origin":[13.204887,2.5258608,12.787749],"angle":22.5,"axis":"x"}},{"from":[14.329887,0.28438187,-5.7371855],"to":[18.829887,4.784382,-1.2371855],"faces":{"east":{"uv":[14.375,13.859375,14.59375,14.078125],"tintindex":0,"rotation":0,"texture":"#0"},"south":{"uv":[14.390625,1.640625,14.609375,1.859375],"tintindex":0,"rotation":0,"texture":"#0"},"north":{"uv":[14.375,13.640625,14.59375,13.859375],"tintindex":0,"rotation":0,"texture":"#0"},"west":{"uv":[14.390625,4.46875,14.609375,4.6875],"tintindex":0,"rotation":0,"texture":"#0"},"up":{"uv":[14.609375,9.796875,14.390625,9.578125],"tintindex":0,"rotation":0,"texture":"#0"},"down":{"uv":[14.625,3.09375,14.40625,3.3125],"tintindex":0,"rotation":0,"texture":"#0"}},"rotation":{"origin":[16.579887,4.034382,-2.7371855],"angle":22.5,"axis":"x"}},{"from":[5.8923874,12.827656,-5.5656996],"to":[11.517387,18.452658,-1.0656996],"faces":{"east":{"uv":[14.28125,6.890625,14.5,7.15625],"tintindex":0,"rotation":0,"texture":"#0"},"south":{"uv":[0.609375,14.109375,0.875,14.375],"tintindex":0,"rotation":0,"texture":"#0"},"north":{"uv":[9.484375,14.09375,9.75,14.359375],"tintindex":0,"rotation":0,"texture":"#0"},"west":{"uv":[14.28125,12.03125,14.5,12.296875],"tintindex":0,"rotation":0,"texture":"#0"},"up":{"uv":[14.546875,12.515625,14.28125,12.296875],"tintindex":0,"rotation":0,"texture":"#0"},"down":{"uv":[14.546875,12.515625,14.28125,12.734375],"tintindex":0,"rotation":0,"texture":"#0"}}},{"from":[14.048637,10.381883,15.377405],"to":[17.423637,13.756883,18.752407],"faces":{"east":{"uv":[3.078125,14.703125,3.234375,14.859375],"tintindex":0,"rotation":0,"texture":"#0"},"south":{"uv":[3.234375,14.703125,3.390625,14.859375],"tintindex":0,"rotation":0,"texture":"#0"},"north":{"uv":[1.96875,14.703125,2.125,14.859375],"tintindex":0,"rotation":0,"texture":"#0"},"west":{"uv":[3.390625,14.703125,3.546875,14.859375],"tintindex":0,"rotation":0,"texture":"#0"},"up":{"uv":[14.859375,3.8125,14.703125,3.65625],"tintindex":0,"rotation":0,"texture":"#0"},"down":{"uv":[14.859375,3.8125,14.703125,3.96875],"tintindex":0,"rotation":0,"texture":"#0"}},"rotation":{"origin":[15.314262,10.853731,13.783788],"angle":-22.5,"axis":"x"}},{"from":[14.048637,11.46255,-3.7760544],"to":[17.423637,14.837551,-0.40105438],"faces":{"east":{"uv":[14.671875,10.328125,14.828125,10.484375],"tintindex":0,"rotation":0,"texture":"#0"},"south":{"uv":[10.71875,14.671875,10.875,14.828125],"tintindex":0,"rotation":0,"texture":"#0"},"north":{"uv":[14.671875,10.171875,14.828125,10.328125],"tintindex":0,"rotation":0,"texture":"#0"},"west":{"uv":[14.671875,10.796875,14.828125,10.953125],"tintindex":0,"rotation":0,"texture":"#0"},"up":{"uv":[14.828125,11.421875,14.671875,11.265625],"tintindex":0,"rotation":0,"texture":"#0"},"down":{"uv":[14.828125,11.421875,14.671875,11.578125],"tintindex":0,"rotation":0,"texture":"#0"}}},{"from":[15.173637,5.212506,-6.172496],"to":[18.548637,8.587506,-2.7974958],"faces":{"east":{"uv":[11.65625,14.671875,11.8125,14.828125],"tintindex":0,"rotation":0,"texture":"#0"},"south":{"uv":[14.671875,12.875,14.828125,13.03125],"tintindex":0,"rotation":0,"texture":"#0"},"north":{"uv":[14.671875,11.578125,14.828125,11.734375],"tintindex":0,"rotation":0,"texture":"#0"},"west":{"uv":[14.671875,13.03125,14.828125,13.1875],"tintindex":0,"rotation":0,"texture":"#0"},"up":{"uv":[14.828125,14.09375,14.671875,13.9375],"tintindex":0,"rotation":0,"texture":"#0"},"down":{"uv":[14.828125,14.09375,14.671875,14.25],"tintindex":0,"rotation":0,"texture":"#0"}},"rotation":{"origin":[16.439262,3.6418467,-3.3034697],"angle":-45.0,"axis":"x"}},{"from":[14.025855,1.9920397,2.384777],"to":[20.775856,9.86704,9.697277],"faces":{"east":{"uv":[7.859375,13.109375,8.203125,13.484375],"tintindex":0,"rotation":0,"texture":"#0"},"south":{"uv":[13.375,11.0,13.6875,11.375],"tintindex":0,"rotation":0,"texture":"#0"},"north":{"uv":[7.15625,13.375,7.46875,13.75],"tintindex":0,"rotation":0,"texture":"#0"},"west":{"uv":[13.109375,12.078125,13.453125,12.453125],"tintindex":0,"rotation":0,"texture":"#0"},"up":{"uv":[13.84375,7.890625,13.53125,7.546875],"tintindex":0,"rotation":0,"texture":"#0"},"down":{"uv":[13.84375,10.09375,13.53125,10.4375],"tintindex":0,"rotation":0,"texture":"#0"}},"rotation":{"origin":[18.900856,5.5545397,6.041027],"angle":-22.5,"axis":"z"}},{"from":[6.4548874,-8.498264,0.47909164],"to":[17.704887,8.376737,17.354092],"faces":{"east":{"uv":[6.78125,1.953125,7.578125,2.75],"tintindex":0,"rotation":0,"texture":"#0"},"south":{"uv":[8.578125,2.8125,9.109375,3.609375],"tintindex":0,"rotation":0,"texture":"#0"},"north":{"uv":[8.578125,2.015625,9.109375,2.8125],"tintindex":0,"rotation":0,"texture":"#0"},"west":{"uv":[3.703125,6.796875,4.5,7.59375],"tintindex":0,"rotation":0,"texture":"#0"},"up":{"uv":[9.109375,4.40625,8.578125,3.609375],"tintindex":0,"rotation":0,"texture":"#0"},"down":{"uv":[9.109375,4.40625,8.578125,5.203125],"tintindex":0,"rotation":0,"texture":"#0"}}},{"from":[11.517387,-5.8377876,-12.779083],"to":[18.267387,-0.21278763,-7.1540833],"faces":{"east":{"uv":[12.359375,14.109375,12.625,14.375],"tintindex":0,"rotation":0,"texture":"#0"},"south":{"uv":[13.875,8.046875,14.1875,8.3125],"tintindex":0,"rotation":0,"texture":"#0"},"north":{"uv":[13.875,2.796875,14.1875,3.0625],"tintindex":0,"rotation":0,"texture":"#0"},"west":{"uv":[14.109375,13.640625,14.375,13.90625],"tintindex":0,"rotation":0,"texture":"#0"},"up":{"uv":[14.1875,8.578125,13.875,8.3125],"tintindex":0,"rotation":0,"texture":"#0"},"down":{"uv":[14.1875,8.578125,13.875,8.84375],"tintindex":0,"rotation":0,"texture":"#0"}},"rotation":{"origin":[14.892387,-50.52529,29.533417],"angle":22.5,"axis":"x"}},{"from":[8.892387,13.296528,4.3675103],"to":[14.517387,18.921528,8.867511],"faces":{"east":{"uv":[10.71875,14.203125,10.9375,14.46875],"tintindex":0,"rotation":0,"texture":"#0"},"south":{"uv":[0.34375,14.078125,0.609375,14.34375],"tintindex":0,"rotation":0,"texture":"#0"},"north":{"uv":[13.5625,14.0625,13.828125,14.328125],"tintindex":0,"rotation":0,"texture":"#0"},"west":{"uv":[1.078125,14.21875,1.296875,14.484375],"tintindex":0,"rotation":0,"texture":"#0"},"up":{"uv":[14.484375,7.78125,14.21875,7.5625],"tintindex":0,"rotation":0,"texture":"#0"},"down":{"uv":[14.515625,12.96875,14.25,13.1875],"tintindex":0,"rotation":0,"texture":"#0"}},"rotation":{"origin":[12.079887,14.421528,21.242512],"angle":22.5,"axis":"x"}},{"from":[8.704887,12.3176365,2.759777],"to":[15.454887,20.192638,10.072277],"faces":{"east":{"uv":[4.453125,13.109375,4.796875,13.484375],"tintindex":0,"rotation":0,"texture":"#0"},"south":{"uv":[13.375,5.96875,13.6875,6.34375],"tintindex":0,"rotation":0,"texture":"#0"},"north":{"uv":[2.0,13.375,2.3125,13.75],"tintindex":0,"rotation":0,"texture":"#0"},"west":{"uv":[7.515625,13.109375,7.859375,13.484375],"tintindex":0,"rotation":0,"texture":"#0"},"up":{"uv":[9.609375,13.859375,9.296875,13.515625],"tintindex":0,"rotation":0,"texture":"#0"},"down":{"uv":[13.84375,3.484375,13.53125,3.828125],"tintindex":0,"rotation":0,"texture":"#0"}}},{"from":[11.517387,5.61099,-0.5801954],"to":[18.267387,11.235991,5.0448046],"faces":{"east":{"uv":[14.109375,3.40625,14.375,3.671875],"tintindex":0,"rotation":0,"texture":"#0"},"south":{"uv":[9.171875,13.859375,9.484375,14.125],"tintindex":0,"rotation":0,"texture":"#0"},"north":{"uv":[6.3125,13.859375,6.625,14.125],"tintindex":0,"rotation":0,"texture":"#0"},"west":{"uv":[11.90625,14.109375,12.171875,14.375],"tintindex":0,"rotation":0,"texture":"#0"},"up":{"uv":[14.171875,9.625,13.859375,9.359375],"tintindex":0,"rotation":0,"texture":"#0"},"down":{"uv":[14.171875,9.625,13.859375,9.890625],"tintindex":0,"rotation":0,"texture":"#0"}},"rotation":{"origin":[15.314262,9.891891,-0.9070282],"angle":45.0,"axis":"x"}},{"from":[8.423637,-5.649519,-5.7012587],"to":[12.923637,-1.149519,-1.2012587],"faces":{"east":{"uv":[14.40625,8.46875,14.625,8.6875],"tintindex":0,"rotation":0,"texture":"#0"},"south":{"uv":[14.40625,8.6875,14.625,8.90625],"tintindex":0,"rotation":0,"texture":"#0"},"north":{"uv":[14.40625,5.015625,14.625,5.234375],"tintindex":0,"rotation":0,"texture":"#0"},"west":{"uv":[0.0,14.421875,0.21875,14.640625],"tintindex":0,"rotation":0,"texture":"#0"},"up":{"uv":[6.109375,14.65625,5.890625,14.4375],"tintindex":0,"rotation":0,"texture":"#0"},"down":{"uv":[6.328125,14.4375,6.109375,14.65625],"tintindex":0,"rotation":0,"texture":"#0"}},"rotation":{"origin":[10.814262,-4.9421463,-3.9892073],"angle":45.0,"axis":"x"}},{"from":[5.7048874,6.4895744,-6.423457],"to":[12.454887,14.364575,0.88904285],"faces":{"east":{"uv":[12.5,13.125,12.84375,13.5],"tintindex":0,"rotation":0,"texture":"#0"},"south":{"uv":[8.484375,13.40625,8.796875,13.78125],"tintindex":0,"rotation":0,"texture":"#0"},"north":{"uv":[13.40625,6.34375,13.71875,6.71875],"tintindex":0,"rotation":0,"texture":"#0"},"west":{"uv":[10.75,13.1875,11.09375,13.5625],"tintindex":0,"rotation":0,"texture":"#0"},"up":{"uv":[1.046875,13.890625,0.734375,13.546875],"tintindex":0,"rotation":0,"texture":"#0"},"down":{"uv":[13.875,8.625,13.5625,8.96875],"tintindex":0,"rotation":0,"texture":"#0"}},"rotation":{"origin":[8.892387,9.387868,-1.7869473],"angle":-22.5,"axis":"x"}},{"from":[13.329887,-5.506111,-1.9148254],"to":[17.829887,-1.0061111,2.5851731],"faces":{"east":{"uv":[14.46875,14.078125,14.671875,14.28125],"tintindex":0,"rotation":0,"texture":"#0"},"south":{"uv":[14.453125,8.03125,14.671875,8.234375],"tintindex":0,"rotation":0,"texture":"#0"},"north":{"uv":[6.546875,14.453125,6.765625,14.65625],"tintindex":0,"rotation":0,"texture":"#0"},"west":{"uv":[14.46875,14.28125,14.671875,14.484375],"tintindex":0,"rotation":0,"texture":"#0"},"up":{"uv":[14.671875,8.4375,14.453125,8.234375],"tintindex":0,"rotation":0,"texture":"#0"},"down":{"uv":[14.671875,10.28125,14.453125,10.484375],"tintindex":0,"rotation":0,"texture":"#0"}},"rotation":{"origin":[15.720512,-2.7181654,-1.2074566],"angle":-22.5,"axis":"x"}},{"from":[13.204887,8.042251,-3.8725204],"to":[17.704887,12.542252,0.62747955],"faces":{"east":{"uv":[7.359375,14.46875,7.5625,14.671875],"tintindex":0,"rotation":0,"texture":"#0"},"south":{"uv":[0.703125,14.453125,0.921875,14.65625],"tintindex":0,"rotation":0,"texture":"#0"},"north":{"uv":[14.25,14.4375,14.46875,14.640625],"tintindex":0,"rotation":0,"texture":"#0"},"west":{"uv":[10.71875,14.46875,10.921875,14.671875],"tintindex":0,"rotation":0,"texture":"#0"},"up":{"uv":[14.671875,2.859375,14.453125,2.65625],"tintindex":0,"rotation":0,"texture":"#0"},"down":{"uv":[14.671875,2.859375,14.453125,3.0625],"tintindex":0,"rotation":0,"texture":"#0"}},"rotation":{"origin":[15.314262,9.891891,-0.9070282],"angle":-22.5,"axis":"x"}},{"from":[14.173637,-4.4990063,-4.526022],"to":[17.548637,-1.1240063,-1.151022],"faces":{"east":{"uv":[14.6875,13.421875,14.84375,13.578125],"tintindex":0,"rotation":0,"texture":"#0"},"south":{"uv":[0.921875,14.703125,1.078125,14.859375],"tintindex":0,"rotation":0,"texture":"#0"},"north":{"uv":[14.6875,11.890625,14.84375,12.046875],"tintindex":0,"rotation":0,"texture":"#0"},"west":{"uv":[1.078125,14.703125,1.234375,14.859375],"tintindex":0,"rotation":0,"texture":"#0"},"up":{"uv":[1.8125,14.859375,1.65625,14.703125],"tintindex":0,"rotation":0,"texture":"#0"},"down":{"uv":[1.96875,14.703125,1.8125,14.859375],"tintindex":0,"rotation":0,"texture":"#0"}}},{"from":[17.392387,1.0051365,12.509777],"to":[19.642387,4.3801365,15.884777],"faces":{"east":{"uv":[14.671875,8.015625,14.828125,8.171875],"tintindex":0,"rotation":0,"texture":"#0"},"south":{"uv":[14.71875,0.15625,14.828125,0.3125],"tintindex":0,"rotation":0,"texture":"#0"},"north":{"uv":[0.15625,14.71875,0.265625,14.875],"tintindex":0,"rotation":0,"texture":"#0"},"west":{"uv":[14.671875,8.171875,14.828125,8.328125],"tintindex":0,"rotation":0,"texture":"#0"},"up":{"uv":[0.375,14.875,0.265625,14.71875],"tintindex":0,"rotation":0,"texture":"#0"},"down":{"uv":[14.828125,1.0625,14.71875,1.21875],"tintindex":0,"rotation":0,"texture":"#0"}},"rotation":{"origin":[21.642387,1.0676365,11.759777],"angle":22.5,"axis":"z"}},{"from":[15.713356,2.595931,3.9925103],"to":[21.338356,8.220931,8.492511],"faces":{"east":{"uv":[10.9375,14.21875,11.15625,14.484375],"tintindex":0,"rotation":0,"texture":"#0"},"south":{"uv":[5.6875,14.078125,5.953125,14.34375],"tintindex":0,"rotation":0,"texture":"#0"},"north":{"uv":[1.46875,14.078125,1.734375,14.34375],"tintindex":0,"rotation":0,"texture":"#0"},"west":{"uv":[14.25,14.171875,14.46875,14.4375],"tintindex":0,"rotation":0,"texture":"#0"},"up":{"uv":[14.53125,1.640625,14.265625,1.421875],"tintindex":0,"rotation":0,"texture":"#0"},"down":{"uv":[14.53125,5.859375,14.265625,6.078125],"tintindex":0,"rotation":0,"texture":"#0"}},"rotation":{"origin":[18.900856,3.720931,20.867512],"angle":22.5,"axis":"x"}},{"from":[5.1423874,-2.1327286,-9.23933],"to":[13.017387,9.117271,0.8856697],"faces":{"east":{"uv":[1.3125,11.5625,1.78125,12.09375],"tintindex":0,"rotation":0,"texture":"#0"},"south":{"uv":[12.34375,10.671875,12.71875,11.203125],"tintindex":0,"rotation":0,"texture":"#0"},"north":{"uv":[12.34375,3.53125,12.71875,4.0625],"tintindex":0,"rotation":0,"texture":"#0"},"west":{"uv":[11.5625,5.953125,12.03125,6.484375],"tintindex":0,"rotation":0,"texture":"#0"},"up":{"uv":[12.9375,5.296875,12.5625,4.828125],"tintindex":0,"rotation":0,"texture":"#0"},"down":{"uv":[12.9375,5.296875,12.5625,5.765625],"tintindex":0,"rotation":0,"texture":"#0"}},"rotation":{"origin":[8.892387,9.387868,-1.7869473],"angle":-45.0,"axis":"x"}}],"display":{"head":{"rotation":[0.0,0.0,0.0]},"firstperson_righthand":{"rotation":[0.0,0.0,0.0]},"thirdperson_lefthand":{"rotation":[0.0,-0.0,-0.0]},"firstperson_lefthand":{"rotation":[0.0,-0.0,-0.0]},"fixed":{"rotation":[0.0,0.0,0.0]},"ground":{"rotation":[0.0,0.0,0.0]},"thirdperson_righthand":{"rotation":[0.0,0.0,0.0]},"gui":{"rotation":[-150.0,-75.0,-180.0]}}}