{"textures":{"0":"modelengine:entity/meg"},"elements":[{"from":[2.9375,-12.25,-8.03125],"to":[13.062499,28.25,24.03125],"faces":{"east":{"uv":[10.5,1.9375,11.0,2.578125],"tintindex":0,"rotation":0,"texture":"#0"},"south":{"uv":[11.03125,13.578125,11.1875,14.21875],"tintindex":0,"rotation":0,"texture":"#0"},"north":{"uv":[10.875,13.5625,11.03125,14.203125],"tintindex":0,"rotation":0,"texture":"#0"},"west":{"uv":[10.5625,9.65625,11.0625,10.296875],"tintindex":0,"rotation":0,"texture":"#0"},"up":{"uv":[1.46875,14.40625,1.3125,13.90625],"tintindex":0,"rotation":0,"texture":"#0"},"down":{"uv":[14.109375,13.640625,13.953125,14.140625],"tintindex":0,"rotation":0,"texture":"#0"}}}],"display":{"head":{"rotation":[0.0,0.0,0.0]},"firstperson_righthand":{"rotation":[0.0,0.0,0.0]},"thirdperson_lefthand":{"rotation":[0.0,-0.0,-0.0]},"firstperson_lefthand":{"rotation":[0.0,-0.0,-0.0]},"fixed":{"rotation":[0.0,0.0,0.0]},"ground":{"rotation":[0.0,0.0,0.0]},"thirdperson_righthand":{"rotation":[0.0,0.0,0.0]},"gui":{"rotation":[-150.0,-75.0,-180.0]}}}