{"textures":{"0":"modelengine:entity/meg"},"elements":[{"from":[3.8328547,-1.0809879,-1.234375],"to":[10.582854,24.231514,14.796875],"faces":{"east":{"uv":[3.21875,9.1875,3.71875,9.984375],"tintindex":0,"rotation":0,"texture":"#0"},"south":{"uv":[3.140625,12.515625,3.359375,13.3125],"tintindex":0,"rotation":0,"texture":"#0"},"north":{"uv":[10.90625,12.390625,11.125,13.1875],"tintindex":0,"rotation":0,"texture":"#0"},"west":{"uv":[9.1875,9.078125,9.6875,9.875],"tintindex":0,"rotation":0,"texture":"#0"},"up":{"uv":[0.4375,13.984375,0.21875,13.484375],"tintindex":0,"rotation":0,"texture":"#0"},"down":{"uv":[4.21875,13.484375,4.0,13.984375],"tintindex":0,"rotation":0,"texture":"#0"}}}],"display":{"head":{"rotation":[0.0,0.0,0.0]},"firstperson_righthand":{"rotation":[0.0,0.0,0.0]},"thirdperson_lefthand":{"rotation":[0.0,-0.0,-0.0]},"firstperson_lefthand":{"rotation":[0.0,-0.0,-0.0]},"fixed":{"rotation":[0.0,0.0,0.0]},"ground":{"rotation":[0.0,0.0,0.0]},"thirdperson_righthand":{"rotation":[0.0,0.0,0.0]},"gui":{"rotation":[-150.0,-75.0,-180.0]}}}