{"textures":{"0":"modelengine:entity/meg"},"elements":[{"from":[5.4171457,-1.0809879,-1.234375],"to":[12.167145,24.231514,14.796875],"faces":{"east":{"uv":[9.109375,4.34375,9.609375,5.140625],"tintindex":0,"rotation":0,"texture":"#0"},"south":{"uv":[0.9375,12.21875,1.15625,13.015625],"tintindex":0,"rotation":0,"texture":"#0"},"north":{"uv":[4.03125,9.984375,4.25,10.78125],"tintindex":0,"rotation":0,"texture":"#0"},"west":{"uv":[0.0,9.171875,0.5,9.96875],"tintindex":0,"rotation":0,"texture":"#0"},"up":{"uv":[10.09375,13.828125,9.875,13.328125],"tintindex":0,"rotation":0,"texture":"#0"},"down":{"uv":[0.21875,13.484375,0.0,13.984375],"tintindex":0,"rotation":0,"texture":"#0"}}}],"display":{"head":{"rotation":[0.0,0.0,0.0]},"firstperson_righthand":{"rotation":[0.0,0.0,0.0]},"thirdperson_lefthand":{"rotation":[0.0,-0.0,-0.0]},"firstperson_lefthand":{"rotation":[0.0,-0.0,-0.0]},"fixed":{"rotation":[0.0,0.0,0.0]},"ground":{"rotation":[0.0,0.0,0.0]},"thirdperson_righthand":{"rotation":[0.0,0.0,0.0]},"gui":{"rotation":[-150.0,-75.0,-180.0]}}}