{"textures":{"0":"modelengine:entity/meg"},"elements":[{"from":[6.790859,-3.7032824,5.8264065],"to":[13.111485,17.382969,18.400158],"faces":{"east":{"uv":[2.375,4.0,3.15625,5.3125],"tintindex":0,"rotation":0,"texture":"#0"},"south":{"uv":[1.75,7.53125,2.140625,8.84375],"tintindex":0,"rotation":0,"texture":"#0"},"north":{"uv":[0.796875,7.484375,1.1875,8.796875],"tintindex":0,"rotation":0,"texture":"#0"},"west":{"uv":[0.0,4.3125,0.78125,5.625],"tintindex":0,"rotation":0,"texture":"#0"},"up":{"uv":[5.078125,11.609375,4.6875,10.828125],"tintindex":0,"rotation":0,"texture":"#0"},"down":{"uv":[5.46875,10.828125,5.078125,11.609375],"tintindex":0,"rotation":0,"texture":"#0"}}},{"from":[4.681484,0.0935936,-8.517342],"to":[8.892735,16.117344,-2.693593],"faces":{"east":{"uv":[5.59375,9.953125,5.953125,10.953125],"tintindex":0,"rotation":0,"texture":"#0"},"south":{"uv":[1.890625,11.234375,2.15625,12.234375],"tintindex":0,"rotation":0,"texture":"#0"},"north":{"uv":[0.53125,11.171875,0.796875,12.171875],"tintindex":0,"rotation":0,"texture":"#0"},"west":{"uv":[0.0,9.96875,0.359375,10.96875],"tintindex":0,"rotation":0,"texture":"#0"},"up":{"uv":[3.921875,14.0625,3.65625,13.703125],"tintindex":0,"rotation":0,"texture":"#0"},"down":{"uv":[13.96875,11.59375,13.703125,11.953125],"tintindex":0,"rotation":0,"texture":"#0"}}},{"from":[5.525234,0.5154686,18.576405],"to":[11.00211,19.914219,29.462656],"faces":{"east":{"uv":[5.125,4.640625,5.8125,5.859375],"tintindex":0,"rotation":0,"texture":"#0"},"south":{"uv":[5.625,8.734375,5.96875,9.953125],"tintindex":0,"rotation":0,"texture":"#0"},"north":{"uv":[7.1875,8.71875,7.53125,9.9375],"tintindex":0,"rotation":0,"texture":"#0"},"west":{"uv":[0.78125,5.203125,1.46875,6.421875],"tintindex":0,"rotation":0,"texture":"#0"},"up":{"uv":[12.03125,2.46875,11.6875,1.78125],"tintindex":0,"rotation":0,"texture":"#0"},"down":{"uv":[12.03125,2.46875,11.6875,3.15625],"tintindex":0,"rotation":0,"texture":"#0"}}},{"from":[3.8377342,-1.5939064,-2.6110926],"to":[10.15836,15.273595,5.743906],"faces":{"east":{"uv":[7.375,3.796875,7.890625,4.84375],"tintindex":0,"rotation":0,"texture":"#0"},"south":{"uv":[1.65625,8.84375,2.046875,9.890625],"tintindex":0,"rotation":0,"texture":"#0"},"north":{"uv":[6.71875,8.78125,7.109375,9.828125],"tintindex":0,"rotation":0,"texture":"#0"},"west":{"uv":[7.375,4.84375,7.890625,5.890625],"tintindex":0,"rotation":0,"texture":"#0"},"up":{"uv":[12.59375,6.78125,12.203125,6.265625],"tintindex":0,"rotation":0,"texture":"#0"},"down":{"uv":[0.9375,12.21875,0.546875,12.734375],"tintindex":0,"rotation":0,"texture":"#0"}}}],"display":{"head":{"rotation":[0.0,0.0,0.0]},"firstperson_righthand":{"rotation":[0.0,0.0,0.0]},"thirdperson_lefthand":{"rotation":[0.0,-0.0,-0.0]},"firstperson_lefthand":{"rotation":[0.0,-0.0,-0.0]},"fixed":{"rotation":[0.0,0.0,0.0]},"ground":{"rotation":[0.0,0.0,0.0]},"thirdperson_righthand":{"rotation":[0.0,0.0,0.0]},"gui":{"rotation":[-150.0,-75.0,-180.0]}}}