{"textures":{"0":"modelengine:entity/meg"},"elements":[{"from":[3.78125,-8.875,-1.2812481],"to":[12.21875,24.874998,17.28125],"faces":{"east":{"uv":[7.015625,6.34375,7.59375,7.40625],"tintindex":0,"rotation":0,"texture":"#0"},"south":{"uv":[2.359375,10.921875,2.625,11.984375],"tintindex":0,"rotation":0,"texture":"#0"},"north":{"uv":[6.265625,10.90625,6.53125,11.96875],"tintindex":0,"rotation":0,"texture":"#0"},"west":{"uv":[7.109375,0.0,7.6875,1.0625],"tintindex":0,"rotation":0,"texture":"#0"},"up":{"uv":[6.8125,13.359375,6.546875,12.78125],"tintindex":0,"rotation":0,"texture":"#0"},"down":{"uv":[12.375,12.78125,12.109375,13.359375],"tintindex":0,"rotation":0,"texture":"#0"}}}],"display":{"head":{"rotation":[0.0,0.0,0.0]},"firstperson_righthand":{"rotation":[0.0,0.0,0.0]},"thirdperson_lefthand":{"rotation":[0.0,-0.0,-0.0]},"firstperson_lefthand":{"rotation":[0.0,-0.0,-0.0]},"fixed":{"rotation":[0.0,0.0,0.0]},"ground":{"rotation":[0.0,0.0,0.0]},"thirdperson_righthand":{"rotation":[0.0,0.0,0.0]},"gui":{"rotation":[-150.0,-75.0,-180.0]}}}