{"textures":{"0":"modelengine:entity/meg"},"elements":[{"from":[3.019391,-8.03125,3.0913506],"to":[30.019392,25.71875,19.966347],"faces":{"east":{"uv":[12.9375,5.15625,13.203125,5.6875],"tintindex":0,"rotation":0,"texture":"#0"},"south":{"uv":[11.921875,3.828125,12.34375,4.359375],"tintindex":0,"rotation":0,"texture":"#0"},"north":{"uv":[3.46875,11.890625,3.890625,12.421875],"tintindex":0,"rotation":0,"texture":"#0"},"west":{"uv":[12.9375,12.703125,13.203125,13.234375],"tintindex":0,"rotation":0,"texture":"#0"},"up":{"uv":[13.890625,4.53125,13.46875,4.265625],"tintindex":0,"rotation":0,"texture":"#0"},"down":{"uv":[13.890625,4.53125,13.46875,4.796875],"tintindex":0,"rotation":0,"texture":"#0"}},"rotation":{"origin":[8.0,13.0625,8.0],"angle":22.5,"axis":"y"}},{"from":[-14.019392,-8.03125,3.0913506],"to":[12.980609,25.71875,19.966347],"faces":{"east":{"uv":[7.25,12.84375,7.515625,13.375],"tintindex":0,"rotation":0,"texture":"#0"},"south":{"uv":[10.78125,11.859375,11.203125,12.390625],"tintindex":0,"rotation":0,"texture":"#0"},"north":{"uv":[8.828125,11.859375,9.25,12.390625],"tintindex":0,"rotation":0,"texture":"#0"},"west":{"uv":[12.9375,4.359375,13.203125,4.890625],"tintindex":0,"rotation":0,"texture":"#0"},"up":{"uv":[13.875,12.28125,13.453125,12.015625],"tintindex":0,"rotation":0,"texture":"#0"},"down":{"uv":[13.890625,0.578125,13.46875,0.84375],"tintindex":0,"rotation":0,"texture":"#0"}},"rotation":{"origin":[8.0,13.0625,8.0],"angle":-22.5,"axis":"y"}}],"display":{"head":{"rotation":[0.0,0.0,0.0]},"firstperson_righthand":{"rotation":[0.0,0.0,0.0]},"thirdperson_lefthand":{"rotation":[0.0,-0.0,-0.0]},"firstperson_lefthand":{"rotation":[0.0,-0.0,-0.0]},"fixed":{"rotation":[0.0,0.0,0.0]},"ground":{"rotation":[0.0,0.0,0.0]},"thirdperson_righthand":{"rotation":[0.0,0.0,0.0]},"gui":{"rotation":[-150.0,-75.0,-180.0]}}}