{"textures":{"0":"modelengine:entity/meg"},"elements":[{"from":[5.841641,-1.5939064,-2.6110926],"to":[12.162266,15.273595,5.743906],"faces":{"east":{"uv":[6.296875,7.234375,6.8125,8.28125],"tintindex":0,"rotation":0,"texture":"#0"},"south":{"uv":[2.828125,8.765625,3.21875,9.8125],"tintindex":0,"rotation":0,"texture":"#0"},"north":{"uv":[1.265625,8.765625,1.65625,9.8125],"tintindex":0,"rotation":0,"texture":"#0"},"west":{"uv":[7.375,2.75,7.890625,3.796875],"tintindex":0,"rotation":0,"texture":"#0"},"up":{"uv":[0.546875,12.6875,0.15625,12.171875],"tintindex":0,"rotation":0,"texture":"#0"},"down":{"uv":[5.546875,12.203125,5.15625,12.71875],"tintindex":0,"rotation":0,"texture":"#0"}}},{"from":[4.997891,0.5154686,18.576405],"to":[10.474766,19.914219,29.462656],"faces":{"east":{"uv":[4.75,0.796875,5.4375,2.015625],"tintindex":0,"rotation":0,"texture":"#0"},"south":{"uv":[2.484375,8.703125,2.828125,9.921875],"tintindex":0,"rotation":0,"texture":"#0"},"north":{"uv":[2.140625,8.703125,2.484375,9.921875],"tintindex":0,"rotation":0,"texture":"#0"},"west":{"uv":[3.15625,5.0,3.84375,6.21875],"tintindex":0,"rotation":0,"texture":"#0"},"up":{"uv":[7.375,5.46875,7.03125,4.78125],"tintindex":0,"rotation":0,"texture":"#0"},"down":{"uv":[12.0,10.171875,11.65625,10.859375],"tintindex":0,"rotation":0,"texture":"#0"}}},{"from":[2.888516,-3.7032824,5.8264065],"to":[9.209141,17.382969,18.400158],"faces":{"east":{"uv":[3.6875,0.0,4.46875,1.3125],"tintindex":0,"rotation":0,"texture":"#0"},"south":{"uv":[3.078125,7.453125,3.46875,8.765625],"tintindex":0,"rotation":0,"texture":"#0"},"north":{"uv":[7.1875,7.40625,7.578125,8.71875],"tintindex":0,"rotation":0,"texture":"#0"},"west":{"uv":[3.546875,3.6875,4.328125,5.0],"tintindex":0,"rotation":0,"texture":"#0"},"up":{"uv":[2.359375,11.234375,1.96875,10.453125],"tintindex":0,"rotation":0,"texture":"#0"},"down":{"uv":[3.203125,10.734375,2.8125,11.515625],"tintindex":0,"rotation":0,"texture":"#0"}}},{"from":[7.107266,0.0935936,-8.517342],"to":[11.318516,16.117344,-2.693593],"faces":{"east":{"uv":[2.375,2.9375,2.734375,3.9375],"tintindex":0,"rotation":0,"texture":"#0"},"south":{"uv":[0.265625,11.171875,0.53125,12.171875],"tintindex":0,"rotation":0,"texture":"#0"},"north":{"uv":[0.0,10.96875,0.265625,11.96875],"tintindex":0,"rotation":0,"texture":"#0"},"west":{"uv":[2.453125,9.921875,2.8125,10.921875],"tintindex":0,"rotation":0,"texture":"#0"},"up":{"uv":[13.953125,13.71875,13.6875,13.359375],"tintindex":0,"rotation":0,"texture":"#0"},"down":{"uv":[3.0,13.703125,2.734375,14.0625],"tintindex":0,"rotation":0,"texture":"#0"}}}],"display":{"head":{"rotation":[0.0,0.0,0.0]},"firstperson_righthand":{"rotation":[0.0,0.0,0.0]},"thirdperson_lefthand":{"rotation":[0.0,-0.0,-0.0]},"firstperson_lefthand":{"rotation":[0.0,-0.0,-0.0]},"fixed":{"rotation":[0.0,0.0,0.0]},"ground":{"rotation":[0.0,0.0,0.0]},"thirdperson_righthand":{"rotation":[0.0,0.0,0.0]},"gui":{"rotation":[-150.0,-75.0,-180.0]}}}