{"textures":{"0":"modelengine:entity/meg"},"elements":[{"from":[2.937501,-12.25,-8.03125],"to":[13.0625,28.25,24.03125],"faces":{"east":{"uv":[0.96875,10.421875,1.46875,11.0625],"tintindex":0,"rotation":0,"texture":"#0"},"south":{"uv":[10.71875,13.5625,10.875,14.203125],"tintindex":0,"rotation":0,"texture":"#0"},"north":{"uv":[4.625,13.484375,4.78125,14.125],"tintindex":0,"rotation":0,"texture":"#0"},"west":{"uv":[1.46875,10.453125,1.96875,11.09375],"tintindex":0,"rotation":0,"texture":"#0"},"up":{"uv":[8.046875,14.328125,7.890625,13.828125],"tintindex":0,"rotation":0,"texture":"#0"},"down":{"uv":[10.03125,13.828125,9.875,14.328125],"tintindex":0,"rotation":0,"texture":"#0"}}}],"display":{"head":{"rotation":[0.0,0.0,0.0]},"firstperson_righthand":{"rotation":[0.0,0.0,0.0]},"thirdperson_lefthand":{"rotation":[0.0,-0.0,-0.0]},"firstperson_lefthand":{"rotation":[0.0,-0.0,-0.0]},"fixed":{"rotation":[0.0,0.0,0.0]},"ground":{"rotation":[0.0,0.0,0.0]},"thirdperson_righthand":{"rotation":[0.0,0.0,0.0]},"gui":{"rotation":[-150.0,-75.0,-180.0]}}}