{"textures":{"0":"modelengine:entity/meg"},"elements":[{"from":[2.9375005,-8.875,-7.1875],"to":[13.062501,24.875,23.1875],"faces":{"east":{"uv":[9.296875,11.46875,9.765625,12.0],"tintindex":0,"rotation":0,"texture":"#0"},"south":{"uv":[8.296875,13.796875,8.453125,14.328125],"tintindex":0,"rotation":0,"texture":"#0"},"north":{"uv":[8.640625,13.78125,8.796875,14.3125],"tintindex":0,"rotation":0,"texture":"#0"},"west":{"uv":[11.484375,8.359375,11.953125,8.890625],"tintindex":0,"rotation":0,"texture":"#0"},"up":{"uv":[4.9375,14.46875,4.78125,14.0],"tintindex":0,"rotation":0,"texture":"#0"},"down":{"uv":[5.09375,14.0,4.9375,14.46875],"tintindex":0,"rotation":0,"texture":"#0"}}}],"display":{"head":{"rotation":[0.0,0.0,0.0]},"firstperson_righthand":{"rotation":[0.0,0.0,0.0]},"thirdperson_lefthand":{"rotation":[0.0,-0.0,-0.0]},"firstperson_lefthand":{"rotation":[0.0,-0.0,-0.0]},"fixed":{"rotation":[0.0,0.0,0.0]},"ground":{"rotation":[0.0,0.0,0.0]},"thirdperson_righthand":{"rotation":[0.0,0.0,0.0]},"gui":{"rotation":[-150.0,-75.0,-180.0]}}}