{"textures":{"0":"modelengine:entity/meg"},"elements":[{"from":[-11.138649,-1.8598347,-10.5625],"to":[12.486351,11.640163,26.5625],"faces":{"east":{"uv":[4.75,2.015625,5.328125,2.234375],"tintindex":0,"rotation":0,"texture":"#0"},"south":{"uv":[13.875,13.109375,14.25,13.328125],"tintindex":0,"rotation":0,"texture":"#0"},"north":{"uv":[13.84375,7.65625,14.21875,7.875],"tintindex":0,"rotation":0,"texture":"#0"},"west":{"uv":[7.90625,1.484375,8.484375,1.703125],"tintindex":0,"rotation":0,"texture":"#0"},"up":{"uv":[5.625,9.390625,5.25,8.8125],"tintindex":0,"rotation":0,"texture":"#0"},"down":{"uv":[7.328125,11.921875,6.953125,12.5],"tintindex":0,"rotation":0,"texture":"#0"}},"rotation":{"origin":[8.0,8.913269,2.9375],"angle":-22.5,"axis":"z"}},{"from":[3.5136485,-1.8598347,-10.5625],"to":[27.138649,11.640163,26.5625],"faces":{"east":{"uv":[8.515625,7.71875,9.09375,7.9375],"tintindex":0,"rotation":0,"texture":"#0"},"south":{"uv":[13.890625,1.4375,14.265625,1.65625],"tintindex":0,"rotation":0,"texture":"#0"},"north":{"uv":[0.703125,13.890625,1.078125,14.109375],"tintindex":0,"rotation":0,"texture":"#0"},"west":{"uv":[10.0,7.421875,10.578125,7.640625],"tintindex":0,"rotation":0,"texture":"#0"},"up":{"uv":[3.46875,12.515625,3.09375,11.9375],"tintindex":0,"rotation":0,"texture":"#0"},"down":{"uv":[12.359375,8.96875,11.984375,9.546875],"tintindex":0,"rotation":0,"texture":"#0"}},"rotation":{"origin":[8.0,8.913269,2.9375],"angle":22.5,"axis":"z"}}],"display":{"head":{"rotation":[0.0,0.0,0.0]},"firstperson_righthand":{"rotation":[0.0,0.0,0.0]},"thirdperson_lefthand":{"rotation":[0.0,-0.0,-0.0]},"firstperson_lefthand":{"rotation":[0.0,-0.0,-0.0]},"fixed":{"rotation":[0.0,0.0,0.0]},"ground":{"rotation":[0.0,0.0,0.0]},"thirdperson_righthand":{"rotation":[0.0,0.0,0.0]},"gui":{"rotation":[-150.0,-75.0,-180.0]}}}