{"textures":{"0":"modelengine:entity/meg"},"elements":[{"from":[8.3375,3.1418414,-0.4375],"to":[21.8375,11.579342,20.65625],"faces":{"east":{"uv":[12.5625,8.703125,13.21875,8.96875],"tintindex":0,"rotation":0,"texture":"#0"},"south":{"uv":[13.46875,2.265625,13.890625,2.53125],"tintindex":0,"rotation":0,"texture":"#0"},"north":{"uv":[13.46875,2.0,13.890625,2.265625],"tintindex":0,"rotation":0,"texture":"#0"},"west":{"uv":[12.5625,9.375,13.21875,9.640625],"tintindex":0,"rotation":0,"texture":"#0"},"up":{"uv":[1.3125,11.71875,0.890625,11.0625],"tintindex":0,"rotation":0,"texture":"#0"},"down":{"uv":[11.484375,8.625,11.0625,9.28125],"tintindex":0,"rotation":0,"texture":"#0"}},"rotation":{"origin":[8.0,2.2980914,13.90625],"angle":22.5,"axis":"z"}},{"from":[-5.8374996,3.1418414,-0.4375],"to":[7.6625,11.579342,20.65625],"faces":{"east":{"uv":[12.5625,2.71875,13.21875,2.984375],"tintindex":0,"rotation":0,"texture":"#0"},"south":{"uv":[13.453125,8.359375,13.875,8.625],"tintindex":0,"rotation":0,"texture":"#0"},"north":{"uv":[13.453125,8.09375,13.875,8.359375],"tintindex":0,"rotation":0,"texture":"#0"},"west":{"uv":[12.5625,5.765625,13.21875,6.03125],"tintindex":0,"rotation":0,"texture":"#0"},"up":{"uv":[5.8125,4.578125,5.390625,3.921875],"tintindex":0,"rotation":0,"texture":"#0"},"down":{"uv":[11.453125,4.171875,11.03125,4.828125],"tintindex":0,"rotation":0,"texture":"#0"}},"rotation":{"origin":[8.0,2.2980914,13.90625],"angle":-22.5,"axis":"z"}}],"display":{"head":{"rotation":[0.0,0.0,0.0]},"firstperson_righthand":{"rotation":[0.0,0.0,0.0]},"thirdperson_lefthand":{"rotation":[0.0,-0.0,-0.0]},"firstperson_lefthand":{"rotation":[0.0,-0.0,-0.0]},"fixed":{"rotation":[0.0,0.0,0.0]},"ground":{"rotation":[0.0,0.0,0.0]},"thirdperson_righthand":{"rotation":[0.0,0.0,0.0]},"gui":{"rotation":[-150.0,-75.0,-180.0]}}}