{"textures":{"0":"modelengine:entity/meg"},"elements":[{"from":[2.937499,-8.875,-7.1875],"to":[13.0625,24.875,23.1875],"faces":{"east":{"uv":[11.390625,7.296875,11.859375,7.828125],"tintindex":0,"rotation":0,"texture":"#0"},"south":{"uv":[8.484375,13.78125,8.640625,14.3125],"tintindex":0,"rotation":0,"texture":"#0"},"north":{"uv":[5.53125,13.78125,5.6875,14.3125],"tintindex":0,"rotation":0,"texture":"#0"},"west":{"uv":[11.390625,7.828125,11.859375,8.359375],"tintindex":0,"rotation":0,"texture":"#0"},"up":{"uv":[4.078125,14.453125,3.921875,13.984375],"tintindex":0,"rotation":0,"texture":"#0"},"down":{"uv":[14.15625,0.0,14.0,0.46875],"tintindex":0,"rotation":0,"texture":"#0"}}}],"display":{"head":{"rotation":[0.0,0.0,0.0]},"firstperson_righthand":{"rotation":[0.0,0.0,0.0]},"thirdperson_lefthand":{"rotation":[0.0,-0.0,-0.0]},"firstperson_lefthand":{"rotation":[0.0,-0.0,-0.0]},"fixed":{"rotation":[0.0,0.0,0.0]},"ground":{"rotation":[0.0,0.0,0.0]},"thirdperson_righthand":{"rotation":[0.0,0.0,0.0]},"gui":{"rotation":[-150.0,-75.0,-180.0]}}}