{"textures":{"0":"modelengine:entity/meg"},"elements":[{"from":[3.78125,-8.875,-1.2812481],"to":[12.21875,24.874998,17.28125],"faces":{"east":{"uv":[0.796875,6.421875,1.375,7.484375],"tintindex":0,"rotation":0,"texture":"#0"},"south":{"uv":[3.203125,10.875,3.46875,11.9375],"tintindex":0,"rotation":0,"texture":"#0"},"north":{"uv":[7.09375,10.859375,7.359375,11.921875],"tintindex":0,"rotation":0,"texture":"#0"},"west":{"uv":[4.5625,6.75,5.140625,7.8125],"tintindex":0,"rotation":0,"texture":"#0"},"up":{"uv":[6.5,3.765625,6.234375,3.1875],"tintindex":0,"rotation":0,"texture":"#0"},"down":{"uv":[6.546875,12.78125,6.28125,13.359375],"tintindex":0,"rotation":0,"texture":"#0"}}}],"display":{"head":{"rotation":[0.0,0.0,0.0]},"firstperson_righthand":{"rotation":[0.0,0.0,0.0]},"thirdperson_lefthand":{"rotation":[0.0,-0.0,-0.0]},"firstperson_lefthand":{"rotation":[0.0,-0.0,-0.0]},"fixed":{"rotation":[0.0,0.0,0.0]},"ground":{"rotation":[0.0,0.0,0.0]},"thirdperson_righthand":{"rotation":[0.0,0.0,0.0]},"gui":{"rotation":[-150.0,-75.0,-180.0]}}}