{"textures":{"0":"modelengine:entity/meg"},"elements":[{"from":[-4.1499996,1.7772303,-2.546875],"to":[7.6625,10.21473,18.546875],"faces":{"east":{"uv":[3.6875,2.265625,4.34375,2.53125],"tintindex":0,"rotation":0,"texture":"#0"},"south":{"uv":[13.640625,7.125,14.015625,7.390625],"tintindex":0,"rotation":0,"texture":"#0"},"north":{"uv":[11.109375,3.296875,11.484375,3.5625],"tintindex":0,"rotation":0,"texture":"#0"},"west":{"uv":[12.484375,8.171875,13.140625,8.4375],"tintindex":0,"rotation":0,"texture":"#0"},"up":{"uv":[11.953125,0.65625,11.578125,0.0],"tintindex":0,"rotation":0,"texture":"#0"},"down":{"uv":[4.78125,11.609375,4.40625,12.265625],"tintindex":0,"rotation":0,"texture":"#0"}},"rotation":{"origin":[8.0,0.93348026,11.796875],"angle":-22.5,"axis":"z"}},{"from":[8.3375,1.7772303,-2.546875],"to":[20.15,10.21473,18.546875],"faces":{"east":{"uv":[7.703125,12.5625,8.359375,12.828125],"tintindex":0,"rotation":0,"texture":"#0"},"south":{"uv":[13.671875,6.71875,14.046875,6.984375],"tintindex":0,"rotation":0,"texture":"#0"},"north":{"uv":[13.671875,3.828125,14.046875,4.09375],"tintindex":0,"rotation":0,"texture":"#0"},"west":{"uv":[12.5625,8.4375,13.21875,8.703125],"tintindex":0,"rotation":0,"texture":"#0"},"up":{"uv":[11.984375,5.359375,11.609375,4.703125],"tintindex":0,"rotation":0,"texture":"#0"},"down":{"uv":[5.15625,11.609375,4.78125,12.265625],"tintindex":0,"rotation":0,"texture":"#0"}},"rotation":{"origin":[8.0,0.93348026,11.796875],"angle":22.5,"axis":"z"}}],"display":{"head":{"rotation":[0.0,0.0,0.0]},"firstperson_righthand":{"rotation":[0.0,0.0,0.0]},"thirdperson_lefthand":{"rotation":[0.0,-0.0,-0.0]},"firstperson_lefthand":{"rotation":[0.0,-0.0,-0.0]},"fixed":{"rotation":[0.0,0.0,0.0]},"ground":{"rotation":[0.0,0.0,0.0]},"thirdperson_righthand":{"rotation":[0.0,0.0,0.0]},"gui":{"rotation":[-150.0,-75.0,-180.0]}}}