{"textures":{"0":"modelengine:entity/meg"},"elements":[{"from":[8.3375,8.0,-8.03125],"to":[26.9,23.1875,13.90625],"faces":{"east":{"uv":[9.59375,10.390625,10.28125,10.859375],"tintindex":0,"rotation":0,"texture":"#0"},"south":{"uv":[11.109375,2.828125,11.6875,3.296875],"tintindex":0,"rotation":0,"texture":"#0"},"north":{"uv":[11.109375,2.359375,11.6875,2.828125],"tintindex":0,"rotation":0,"texture":"#0"},"west":{"uv":[10.28125,10.390625,10.96875,10.859375],"tintindex":0,"rotation":0,"texture":"#0"},"up":{"uv":[9.90625,8.984375,9.328125,8.296875],"tintindex":0,"rotation":0,"texture":"#0"},"down":{"uv":[1.078125,9.375,0.5,10.0625],"tintindex":0,"rotation":0,"texture":"#0"}},"rotation":{"origin":[8.0,7.15625,6.3125],"angle":22.5,"axis":"z"}},{"from":[-10.9,8.0,-8.03125],"to":[7.6625,23.1875,13.90625],"faces":{"east":{"uv":[10.375,8.71875,11.0625,9.1875],"tintindex":0,"rotation":0,"texture":"#0"},"south":{"uv":[1.3125,11.09375,1.890625,11.5625],"tintindex":0,"rotation":0,"texture":"#0"},"north":{"uv":[11.078125,1.40625,11.65625,1.875],"tintindex":0,"rotation":0,"texture":"#0"},"west":{"uv":[10.375,9.1875,11.0625,9.65625],"tintindex":0,"rotation":0,"texture":"#0"},"up":{"uv":[4.296875,9.984375,3.71875,9.296875],"tintindex":0,"rotation":0,"texture":"#0"},"down":{"uv":[9.890625,1.0,9.3125,1.6875],"tintindex":0,"rotation":0,"texture":"#0"}},"rotation":{"origin":[8.0,7.15625,6.3125],"angle":-22.5,"axis":"z"}}],"display":{"head":{"rotation":[0.0,0.0,0.0]},"firstperson_righthand":{"rotation":[0.0,0.0,0.0]},"thirdperson_lefthand":{"rotation":[0.0,-0.0,-0.0]},"firstperson_lefthand":{"rotation":[0.0,-0.0,-0.0]},"fixed":{"rotation":[0.0,0.0,0.0]},"ground":{"rotation":[0.0,0.0,0.0]},"thirdperson_righthand":{"rotation":[0.0,0.0,0.0]},"gui":{"rotation":[-150.0,-75.0,-180.0]}}}