{"textures":{"0":"modelengine:entity/meg"},"elements":[{"from":[8.440401,-14.309486,-0.8848028],"to":[11.252901,-11.496986,1.9276972],"faces":{"east":{"uv":[14.703125,12.59375,14.828125,12.71875],"tintindex":0,"rotation":0,"texture":"#0"},"south":{"uv":[4.0,14.71875,4.125,14.84375],"tintindex":0,"rotation":0,"texture":"#0"},"north":{"uv":[14.671875,10.953125,14.796875,11.078125],"tintindex":0,"rotation":0,"texture":"#0"},"west":{"uv":[4.125,14.71875,4.25,14.84375],"tintindex":0,"rotation":0,"texture":"#0"},"up":{"uv":[14.84375,4.25,14.71875,4.125],"tintindex":0,"rotation":0,"texture":"#0"},"down":{"uv":[5.390625,14.71875,5.265625,14.84375],"tintindex":0,"rotation":0,"texture":"#0"}}},{"from":[8.159151,-12.5233345,-1.1921711],"to":[11.534151,-8.0233345,2.745328],"faces":{"east":{"uv":[14.484375,7.53125,14.671875,7.75],"tintindex":0,"rotation":0,"texture":"#0"},"south":{"uv":[4.515625,14.546875,4.671875,14.765625],"tintindex":0,"rotation":0,"texture":"#0"},"north":{"uv":[2.28125,14.546875,2.4375,14.765625],"tintindex":0,"rotation":0,"texture":"#0"},"west":{"uv":[14.484375,10.859375,14.671875,11.078125],"tintindex":0,"rotation":0,"texture":"#0"},"up":{"uv":[14.734375,9.984375,14.578125,9.796875],"tintindex":0,"rotation":0,"texture":"#0"},"down":{"uv":[10.125,14.578125,9.96875,14.765625],"tintindex":0,"rotation":0,"texture":"#0"}},"rotation":{"origin":[9.706026,-9.384714,1.8149705],"angle":22.5,"axis":"x"}},{"from":[7.315401,-9.357084,-2.5708427],"to":[11.815401,-2.6070824,3.0541558],"faces":{"east":{"uv":[6.765625,13.828125,7.03125,14.140625],"tintindex":0,"rotation":0,"texture":"#0"},"south":{"uv":[1.875,14.171875,2.078125,14.484375],"tintindex":0,"rotation":0,"texture":"#0"},"north":{"uv":[14.15625,7.25,14.359375,7.5625],"tintindex":0,"rotation":0,"texture":"#0"},"west":{"uv":[11.375,13.828125,11.640625,14.140625],"tintindex":0,"rotation":0,"texture":"#0"},"up":{"uv":[10.234375,14.578125,10.03125,14.3125],"tintindex":0,"rotation":0,"texture":"#0"},"down":{"uv":[11.546875,14.3125,11.34375,14.578125],"tintindex":0,"rotation":0,"texture":"#0"}},"rotation":{"origin":[9.706026,-9.384714,1.8149705],"angle":45.0,"axis":"x"}},{"from":[6.7454004,-5.5567245,1.817503],"to":[12.385401,4.5832744,7.457504],"faces":{"east":{"uv":[13.296875,10.53125,13.5625,11.0],"tintindex":0,"rotation":0,"texture":"#0"},"south":{"uv":[3.125,13.328125,3.390625,13.796875],"tintindex":0,"rotation":0,"texture":"#0"},"north":{"uv":[10.453125,13.296875,10.71875,13.765625],"tintindex":0,"rotation":0,"texture":"#0"},"west":{"uv":[3.390625,13.328125,3.65625,13.796875],"tintindex":0,"rotation":0,"texture":"#0"},"up":{"uv":[3.0,14.328125,2.734375,14.0625],"tintindex":0,"rotation":0,"texture":"#0"},"down":{"uv":[3.265625,14.0625,3.0,14.328125],"tintindex":0,"rotation":0,"texture":"#0"}}},{"from":[7.971651,-7.7297316,-3.450327],"to":[11.159151,-4.3547316,-0.07532692],"faces":{"east":{"uv":[14.65625,14.640625,14.8125,14.796875],"tintindex":0,"rotation":0,"texture":"#0"},"south":{"uv":[14.671875,0.40625,14.828125,0.5625],"tintindex":0,"rotation":0,"texture":"#0"},"north":{"uv":[14.65625,14.484375,14.8125,14.640625],"tintindex":0,"rotation":0,"texture":"#0"},"west":{"uv":[14.671875,2.640625,14.828125,2.796875],"tintindex":0,"rotation":0,"texture":"#0"},"up":{"uv":[14.828125,2.953125,14.671875,2.796875],"tintindex":0,"rotation":0,"texture":"#0"},"down":{"uv":[4.828125,14.671875,4.671875,14.828125],"tintindex":0,"rotation":0,"texture":"#0"}},"rotation":{"origin":[9.565401,-4.9728994,-1.4220304],"angle":-45.0,"axis":"x"}},{"from":[6.8335257,-4.9608793,4.526087],"to":[12.2972765,6.277871,9.014834],"faces":{"east":{"uv":[4.21875,13.484375,4.421875,14.015625],"tintindex":0,"rotation":0,"texture":"#0"},"south":{"uv":[11.125,13.046875,11.375,13.578125],"tintindex":0,"rotation":0,"texture":"#0"},"north":{"uv":[0.84375,13.015625,1.09375,13.546875],"tintindex":0,"rotation":0,"texture":"#0"},"west":{"uv":[4.421875,13.484375,4.625,14.015625],"tintindex":0,"rotation":0,"texture":"#0"},"up":{"uv":[14.578125,2.125,14.328125,1.921875],"tintindex":0,"rotation":0,"texture":"#0"},"down":{"uv":[14.578125,2.125,14.328125,2.328125],"tintindex":0,"rotation":0,"texture":"#0"}},"rotation":{"origin":[10.127901,-1.3102531,6.770459],"angle":22.5,"axis":"x"}},{"from":[6.1904006,1.7632742,0.98125315],"to":[12.940401,12.450775,11.668753],"faces":{"east":{"uv":[5.46875,11.328125,5.96875,11.828125],"tintindex":0,"rotation":0,"texture":"#0"},"south":{"uv":[12.75,6.4375,13.0625,6.9375],"tintindex":0,"rotation":0,"texture":"#0"},"north":{"uv":[0.53125,12.734375,0.84375,13.234375],"tintindex":0,"rotation":0,"texture":"#0"},"west":{"uv":[6.53125,11.328125,7.03125,11.828125],"tintindex":0,"rotation":0,"texture":"#0"},"up":{"uv":[1.875,13.265625,1.5625,12.765625],"tintindex":0,"rotation":0,"texture":"#0"},"down":{"uv":[6.28125,12.78125,5.96875,13.28125],"tintindex":0,"rotation":0,"texture":"#0"}},"rotation":{"origin":[9.565401,7.1070247,6.3250017],"angle":-45.0,"axis":"x"}},{"from":[8.534151,-4.9795485,-2.9226418],"to":[10.596651,-2.7295485,-0.110141754],"faces":{"east":{"uv":[12.484375,0.3125,12.609375,0.421875],"tintindex":0,"rotation":0,"texture":"#0"},"south":{"uv":[6.8125,12.78125,6.90625,12.890625],"tintindex":0,"rotation":0,"texture":"#0"},"north":{"uv":[0.84375,12.734375,0.9375,12.84375],"tintindex":0,"rotation":0,"texture":"#0"},"west":{"uv":[13.0625,0.203125,13.1875,0.3125],"tintindex":0,"rotation":0,"texture":"#0"},"up":{"uv":[0.359375,11.09375,0.265625,10.96875],"tintindex":0,"rotation":0,"texture":"#0"},"down":{"uv":[11.953125,8.171875,11.859375,8.296875],"tintindex":0,"rotation":0,"texture":"#0"}},"rotation":{"origin":[9.565401,-4.9728994,-1.4220304],"angle":-22.5,"axis":"x"}}],"display":{"head":{"rotation":[0.0,0.0,0.0]},"firstperson_righthand":{"rotation":[0.0,0.0,0.0]},"thirdperson_lefthand":{"rotation":[0.0,-0.0,-0.0]},"firstperson_lefthand":{"rotation":[0.0,-0.0,-0.0]},"fixed":{"rotation":[0.0,0.0,0.0]},"ground":{"rotation":[0.0,0.0,0.0]},"thirdperson_righthand":{"rotation":[0.0,0.0,0.0]},"gui":{"rotation":[-150.0,-75.0,-180.0]}}}