{"textures":{"0":"modelengine:entity/meg"},"elements":[{"from":[2.4709787,-4.130932,-0.97984314],"to":[12.59598,9.369068,10.832657],"faces":{"east":{"uv":[3.484375,14.484375,3.671875,14.703125],"tintindex":0,"rotation":0,"texture":"#0"},"south":{"uv":[11.109375,14.53125,11.265625,14.75],"tintindex":0,"rotation":0,"texture":"#0"},"north":{"uv":[14.53125,8.90625,14.6875,9.125],"tintindex":0,"rotation":0,"texture":"#0"},"west":{"uv":[7.046875,14.484375,7.234375,14.703125],"tintindex":0,"rotation":0,"texture":"#0"},"up":{"uv":[8.578125,14.765625,8.421875,14.578125],"tintindex":0,"rotation":0,"texture":"#0"},"down":{"uv":[9.640625,14.578125,9.484375,14.765625],"tintindex":0,"rotation":0,"texture":"#0"}}},{"from":[3.3147287,-13.312258,-8.140442],"to":[11.75223,-4.874756,0.2970581],"faces":{"east":{"uv":[12.359375,13.96875,12.484375,14.09375],"tintindex":0,"rotation":0,"texture":"#0"},"south":{"uv":[14.015625,7.25,14.140625,7.375],"tintindex":0,"rotation":0,"texture":"#0"},"north":{"uv":[13.96875,11.8125,14.09375,11.9375],"tintindex":0,"rotation":0,"texture":"#0"},"west":{"uv":[14.140625,11.46875,14.265625,11.59375],"tintindex":0,"rotation":0,"texture":"#0"},"up":{"uv":[14.328125,0.828125,14.203125,0.703125],"tintindex":0,"rotation":0,"texture":"#0"},"down":{"uv":[13.8125,14.328125,13.6875,14.453125],"tintindex":0,"rotation":0,"texture":"#0"}},"rotation":{"origin":[9.484159,23.690735,-5.609192],"angle":-22.5,"axis":"x"}}],"display":{"head":{"rotation":[0.0,0.0,0.0]},"firstperson_righthand":{"rotation":[0.0,0.0,0.0]},"thirdperson_lefthand":{"rotation":[0.0,-0.0,-0.0]},"firstperson_lefthand":{"rotation":[0.0,-0.0,-0.0]},"fixed":{"rotation":[0.0,0.0,0.0]},"ground":{"rotation":[0.0,0.0,0.0]},"thirdperson_righthand":{"rotation":[0.0,0.0,0.0]},"gui":{"rotation":[-150.0,-75.0,-180.0]}}}