{"textures":{"0":"modelengine:entity/meg"},"elements":[{"from":[3.4040203,-4.130932,-0.97984314],"to":[13.529021,9.369068,10.832657],"faces":{"east":{"uv":[0.921875,14.484375,1.109375,14.703125],"tintindex":0,"rotation":0,"texture":"#0"},"south":{"uv":[14.515625,11.515625,14.671875,11.734375],"tintindex":0,"rotation":0,"texture":"#0"},"north":{"uv":[14.515625,11.296875,14.671875,11.515625],"tintindex":0,"rotation":0,"texture":"#0"},"west":{"uv":[1.109375,14.484375,1.296875,14.703125],"tintindex":0,"rotation":0,"texture":"#0"},"up":{"uv":[14.71875,11.265625,14.5625,11.078125],"tintindex":0,"rotation":0,"texture":"#0"},"down":{"uv":[14.734375,0.6875,14.578125,0.875],"tintindex":0,"rotation":0,"texture":"#0"}}},{"from":[4.2477703,-13.312258,-8.140442],"to":[12.685271,-4.874756,0.2970581],"faces":{"east":{"uv":[4.53125,11.46875,4.65625,11.59375],"tintindex":0,"rotation":0,"texture":"#0"},"south":{"uv":[11.5,10.71875,11.625,10.84375],"tintindex":0,"rotation":0,"texture":"#0"},"north":{"uv":[4.40625,11.46875,4.53125,11.59375],"tintindex":0,"rotation":0,"texture":"#0"},"west":{"uv":[11.6875,3.15625,11.8125,3.28125],"tintindex":0,"rotation":0,"texture":"#0"},"up":{"uv":[11.9375,3.28125,11.8125,3.15625],"tintindex":0,"rotation":0,"texture":"#0"},"down":{"uv":[1.8125,12.109375,1.6875,12.234375],"tintindex":0,"rotation":0,"texture":"#0"}},"rotation":{"origin":[6.5158405,23.690735,-5.609192],"angle":-22.5,"axis":"x"}}],"display":{"head":{"rotation":[0.0,0.0,0.0]},"firstperson_righthand":{"rotation":[0.0,0.0,0.0]},"thirdperson_lefthand":{"rotation":[0.0,-0.0,-0.0]},"firstperson_lefthand":{"rotation":[0.0,-0.0,-0.0]},"fixed":{"rotation":[0.0,0.0,0.0]},"ground":{"rotation":[0.0,0.0,0.0]},"thirdperson_righthand":{"rotation":[0.0,0.0,0.0]},"gui":{"rotation":[-150.0,-75.0,-180.0]}}}