{"textures":{"0":"modelengine:entity/meg"},"elements":[{"from":[2.6616325,5.2343674,11.078793],"to":[10.255383,16.203117,22.047543],"faces":{"east":{"uv":[2.734375,13.359375,3.078125,13.703125],"tintindex":0,"rotation":0,"texture":"#0"},"south":{"uv":[13.9375,6.28125,14.171875,6.625],"tintindex":0,"rotation":0,"texture":"#0"},"north":{"uv":[13.90625,11.25,14.140625,11.59375],"tintindex":0,"rotation":0,"texture":"#0"},"west":{"uv":[3.65625,13.359375,4.0,13.703125],"tintindex":0,"rotation":0,"texture":"#0"},"up":{"uv":[14.1875,3.40625,13.953125,3.0625],"tintindex":0,"rotation":0,"texture":"#0"},"down":{"uv":[14.1875,5.109375,13.953125,5.453125],"tintindex":0,"rotation":0,"texture":"#0"}},"rotation":{"origin":[8.277598,19.783417,6.449211],"angle":45.0,"axis":"x"}},{"from":[3.0835075,-5.2863636,5.827015],"to":[9.833508,4.8386364,14.264515],"faces":{"east":{"uv":[11.640625,13.828125,11.90625,14.140625],"tintindex":0,"rotation":0,"texture":"#0"},"south":{"uv":[7.15625,14.171875,7.359375,14.484375],"tintindex":0,"rotation":0,"texture":"#0"},"north":{"uv":[14.171875,6.28125,14.375,6.59375],"tintindex":0,"rotation":0,"texture":"#0"},"west":{"uv":[13.84375,3.484375,14.109375,3.796875],"tintindex":0,"rotation":0,"texture":"#0"},"up":{"uv":[14.515625,11.734375,14.3125,11.46875],"tintindex":0,"rotation":0,"texture":"#0"},"down":{"uv":[13.46875,14.3125,13.265625,14.578125],"tintindex":0,"rotation":0,"texture":"#0"}},"rotation":{"origin":[7.8557234,17.39693,4.6593475],"angle":22.5,"axis":"x"}},{"from":[4.7710075,-15.861,-4.9713135],"to":[8.989758,-11.64225,-0.7525635],"faces":{"east":{"uv":[14.71875,7.859375,14.84375,7.984375],"tintindex":0,"rotation":0,"texture":"#0"},"south":{"uv":[8.8125,14.71875,8.9375,14.84375],"tintindex":0,"rotation":0,"texture":"#0"},"north":{"uv":[5.65625,14.71875,5.78125,14.84375],"tintindex":0,"rotation":0,"texture":"#0"},"west":{"uv":[10.234375,14.71875,10.359375,14.84375],"tintindex":0,"rotation":0,"texture":"#0"},"up":{"uv":[10.484375,14.84375,10.359375,14.71875],"tintindex":0,"rotation":0,"texture":"#0"},"down":{"uv":[10.609375,14.71875,10.484375,14.84375],"tintindex":0,"rotation":0,"texture":"#0"}},"rotation":{"origin":[7.8557234,2.6404963,-3.7056885],"angle":-22.5,"axis":"x"}},{"from":[4.3491325,-11.270338,-1.3910179],"to":[9.411633,-4.520338,4.515232],"faces":{"east":{"uv":[10.921875,14.484375,11.109375,14.703125],"tintindex":0,"rotation":0,"texture":"#0"},"south":{"uv":[12.140625,14.546875,12.296875,14.765625],"tintindex":0,"rotation":0,"texture":"#0"},"north":{"uv":[8.65625,14.546875,8.8125,14.765625],"tintindex":0,"rotation":0,"texture":"#0"},"west":{"uv":[14.46875,14.484375,14.65625,14.703125],"tintindex":0,"rotation":0,"texture":"#0"},"up":{"uv":[14.734375,10.171875,14.578125,9.984375],"tintindex":0,"rotation":0,"texture":"#0"},"down":{"uv":[11.421875,14.578125,11.265625,14.765625],"tintindex":0,"rotation":0,"texture":"#0"}}}],"display":{"head":{"rotation":[0.0,0.0,0.0]},"firstperson_righthand":{"rotation":[0.0,0.0,0.0]},"thirdperson_lefthand":{"rotation":[0.0,-0.0,-0.0]},"firstperson_lefthand":{"rotation":[0.0,-0.0,-0.0]},"fixed":{"rotation":[0.0,0.0,0.0]},"ground":{"rotation":[0.0,0.0,0.0]},"thirdperson_righthand":{"rotation":[0.0,0.0,0.0]},"gui":{"rotation":[-150.0,-75.0,-180.0]}}}