{"textures":{"0":"modelengine:entity/meg"},"elements":[{"from":[7.0102425,-15.861,-4.9713135],"to":[11.228992,-11.64225,-0.7525635],"faces":{"east":{"uv":[8.65625,12.25,8.78125,12.375],"tintindex":0,"rotation":0,"texture":"#0"},"south":{"uv":[2.15625,12.421875,2.28125,12.546875],"tintindex":0,"rotation":0,"texture":"#0"},"north":{"uv":[8.53125,12.25,8.65625,12.375],"tintindex":0,"rotation":0,"texture":"#0"},"west":{"uv":[4.15625,12.453125,4.28125,12.578125],"tintindex":0,"rotation":0,"texture":"#0"},"up":{"uv":[12.84375,11.1875,12.71875,11.0625],"tintindex":0,"rotation":0,"texture":"#0"},"down":{"uv":[0.125,13.34375,0.0,13.46875],"tintindex":0,"rotation":0,"texture":"#0"}},"rotation":{"origin":[8.144277,2.6404963,-3.7056885],"angle":-22.5,"axis":"x"}},{"from":[6.5883675,-11.270338,-1.3910179],"to":[11.650867,-4.520338,4.515232],"faces":{"east":{"uv":[1.6875,14.484375,1.875,14.703125],"tintindex":0,"rotation":0,"texture":"#0"},"south":{"uv":[14.53125,1.296875,14.6875,1.515625],"tintindex":0,"rotation":0,"texture":"#0"},"north":{"uv":[14.515625,12.9375,14.671875,13.15625],"tintindex":0,"rotation":0,"texture":"#0"},"west":{"uv":[1.875,14.484375,2.0625,14.703125],"tintindex":0,"rotation":0,"texture":"#0"},"up":{"uv":[14.734375,1.0625,14.578125,0.875],"tintindex":0,"rotation":0,"texture":"#0"},"down":{"uv":[14.734375,1.859375,14.578125,2.046875],"tintindex":0,"rotation":0,"texture":"#0"}}},{"from":[5.7446175,5.2343674,11.078793],"to":[13.338367,16.203117,22.047543],"faces":{"east":{"uv":[13.21875,8.625,13.5625,8.96875],"tintindex":0,"rotation":0,"texture":"#0"},"south":{"uv":[13.890625,1.65625,14.125,2.0],"tintindex":0,"rotation":0,"texture":"#0"},"north":{"uv":[1.078125,13.875,1.3125,14.21875],"tintindex":0,"rotation":0,"texture":"#0"},"west":{"uv":[13.328125,6.78125,13.671875,7.125],"tintindex":0,"rotation":0,"texture":"#0"},"up":{"uv":[14.125,2.34375,13.890625,2.0],"tintindex":0,"rotation":0,"texture":"#0"},"down":{"uv":[14.125,4.25,13.890625,4.59375],"tintindex":0,"rotation":0,"texture":"#0"}},"rotation":{"origin":[7.7224016,19.783417,6.449211],"angle":45.0,"axis":"x"}},{"from":[6.1664925,-5.2863636,5.827015],"to":[12.916492,4.8386364,14.264515],"faces":{"east":{"uv":[0.4375,13.765625,0.703125,14.078125],"tintindex":0,"rotation":0,"texture":"#0"},"south":{"uv":[13.0625,14.140625,13.265625,14.453125],"tintindex":0,"rotation":0,"texture":"#0"},"north":{"uv":[6.75,14.140625,6.953125,14.453125],"tintindex":0,"rotation":0,"texture":"#0"},"west":{"uv":[10.453125,13.765625,10.71875,14.078125],"tintindex":0,"rotation":0,"texture":"#0"},"up":{"uv":[14.515625,4.046875,14.3125,3.78125],"tintindex":0,"rotation":0,"texture":"#0"},"down":{"uv":[14.515625,4.75,14.3125,5.015625],"tintindex":0,"rotation":0,"texture":"#0"}},"rotation":{"origin":[8.144277,17.39693,4.6593475],"angle":22.5,"axis":"x"}}],"display":{"head":{"rotation":[0.0,0.0,0.0]},"firstperson_righthand":{"rotation":[0.0,0.0,0.0]},"thirdperson_lefthand":{"rotation":[0.0,-0.0,-0.0]},"firstperson_lefthand":{"rotation":[0.0,-0.0,-0.0]},"fixed":{"rotation":[0.0,0.0,0.0]},"ground":{"rotation":[0.0,0.0,0.0]},"thirdperson_righthand":{"rotation":[0.0,0.0,0.0]},"gui":{"rotation":[-150.0,-75.0,-180.0]}}}