{"textures":{"0":"modelengine:entity/meg"},"elements":[{"from":[4.184599,-9.357084,-2.5708427],"to":[8.684599,-2.6070824,3.0541558],"faces":{"east":{"uv":[13.78125,4.796875,14.046875,5.109375],"tintindex":0,"rotation":0,"texture":"#0"},"south":{"uv":[5.09375,14.15625,5.296875,14.46875],"tintindex":0,"rotation":0,"texture":"#0"},"north":{"uv":[13.828125,14.140625,14.03125,14.453125],"tintindex":0,"rotation":0,"texture":"#0"},"west":{"uv":[9.609375,13.78125,9.875,14.09375],"tintindex":0,"rotation":0,"texture":"#0"},"up":{"uv":[14.515625,6.859375,14.3125,6.59375],"tintindex":0,"rotation":0,"texture":"#0"},"down":{"uv":[8.65625,14.3125,8.453125,14.578125],"tintindex":0,"rotation":0,"texture":"#0"}},"rotation":{"origin":[6.293974,-9.384714,1.8149705],"angle":45.0,"axis":"x"}},{"from":[3.6145992,-5.5567245,1.817503],"to":[9.2546,4.5832744,7.457504],"faces":{"east":{"uv":[13.25,1.0,13.515625,1.46875],"tintindex":0,"rotation":0,"texture":"#0"},"south":{"uv":[13.25,9.25,13.515625,9.71875],"tintindex":0,"rotation":0,"texture":"#0"},"north":{"uv":[12.84375,13.234375,13.109375,13.703125],"tintindex":0,"rotation":0,"texture":"#0"},"west":{"uv":[1.53125,13.265625,1.796875,13.734375],"tintindex":0,"rotation":0,"texture":"#0"},"up":{"uv":[14.265625,11.140625,14.0,10.875],"tintindex":0,"rotation":0,"texture":"#0"},"down":{"uv":[2.578125,14.015625,2.3125,14.28125],"tintindex":0,"rotation":0,"texture":"#0"}}},{"from":[3.0595994,1.7632742,0.98125315],"to":[9.809599,12.450775,11.668753],"faces":{"east":{"uv":[11.140625,0.8125,11.640625,1.3125],"tintindex":0,"rotation":0,"texture":"#0"},"south":{"uv":[12.71875,3.46875,13.03125,3.96875],"tintindex":0,"rotation":0,"texture":"#0"},"north":{"uv":[7.578125,2.234375,7.890625,2.734375],"tintindex":0,"rotation":0,"texture":"#0"},"west":{"uv":[11.28125,11.234375,11.78125,11.734375],"tintindex":0,"rotation":0,"texture":"#0"},"up":{"uv":[5.40625,13.21875,5.09375,12.71875],"tintindex":0,"rotation":0,"texture":"#0"},"down":{"uv":[13.03125,10.296875,12.71875,10.796875],"tintindex":0,"rotation":0,"texture":"#0"}},"rotation":{"origin":[6.434599,7.1070247,6.3250017],"angle":-45.0,"axis":"x"}},{"from":[4.747099,-14.309486,-0.8848028],"to":[7.559599,-11.496986,1.9276972],"faces":{"east":{"uv":[13.546875,5.59375,13.671875,5.71875],"tintindex":0,"rotation":0,"texture":"#0"},"south":{"uv":[13.671875,6.984375,13.796875,7.109375],"tintindex":0,"rotation":0,"texture":"#0"},"north":{"uv":[13.421875,5.59375,13.546875,5.71875],"tintindex":0,"rotation":0,"texture":"#0"},"west":{"uv":[13.6875,11.25,13.8125,11.375],"tintindex":0,"rotation":0,"texture":"#0"},"up":{"uv":[9.296875,13.859375,9.171875,13.734375],"tintindex":0,"rotation":0,"texture":"#0"},"down":{"uv":[13.921875,6.984375,13.796875,7.109375],"tintindex":0,"rotation":0,"texture":"#0"}}},{"from":[4.840849,-7.7297316,-3.450327],"to":[8.028349,-4.3547316,-0.07532692],"faces":{"east":{"uv":[12.765625,14.640625,12.921875,14.796875],"tintindex":0,"rotation":0,"texture":"#0"},"south":{"uv":[13.984375,14.640625,14.140625,14.796875],"tintindex":0,"rotation":0,"texture":"#0"},"north":{"uv":[14.640625,6.03125,14.796875,6.1875],"tintindex":0,"rotation":0,"texture":"#0"},"west":{"uv":[14.140625,14.640625,14.296875,14.796875],"tintindex":0,"rotation":0,"texture":"#0"},"up":{"uv":[14.453125,14.796875,14.296875,14.640625],"tintindex":0,"rotation":0,"texture":"#0"},"down":{"uv":[0.765625,14.65625,0.609375,14.8125],"tintindex":0,"rotation":0,"texture":"#0"}},"rotation":{"origin":[6.434599,-4.9728994,-1.4220304],"angle":-45.0,"axis":"x"}},{"from":[5.403349,-4.9795485,-2.9226418],"to":[7.465849,-2.7295485,-0.110141754],"faces":{"east":{"uv":[3.875,9.1875,4.0,9.296875],"tintindex":0,"rotation":0,"texture":"#0"},"south":{"uv":[11.53125,12.640625,11.625,12.75],"tintindex":0,"rotation":0,"texture":"#0"},"north":{"uv":[4.0,8.390625,4.09375,8.5],"tintindex":0,"rotation":0,"texture":"#0"},"west":{"uv":[7.359375,11.25,7.484375,11.359375],"tintindex":0,"rotation":0,"texture":"#0"},"up":{"uv":[4.328125,5.734375,4.234375,5.609375],"tintindex":0,"rotation":0,"texture":"#0"},"down":{"uv":[9.6875,9.875,9.59375,10.0],"tintindex":0,"rotation":0,"texture":"#0"}},"rotation":{"origin":[6.434599,-4.9728994,-1.4220304],"angle":-22.5,"axis":"x"}},{"from":[3.7027235,-4.9608793,4.526087],"to":[9.166474,6.277871,9.014834],"faces":{"east":{"uv":[7.828125,11.359375,8.03125,11.890625],"tintindex":0,"rotation":0,"texture":"#0"},"south":{"uv":[9.359375,12.984375,9.609375,13.515625],"tintindex":0,"rotation":0,"texture":"#0"},"north":{"uv":[6.859375,0.0,7.109375,0.53125],"tintindex":0,"rotation":0,"texture":"#0"},"west":{"uv":[1.328125,13.375,1.53125,13.90625],"tintindex":0,"rotation":0,"texture":"#0"},"up":{"uv":[14.5625,4.25,14.3125,4.046875],"tintindex":0,"rotation":0,"texture":"#0"},"down":{"uv":[14.5625,10.65625,14.3125,10.859375],"tintindex":0,"rotation":0,"texture":"#0"}},"rotation":{"origin":[5.872099,-1.3102531,6.770459],"angle":22.5,"axis":"x"}},{"from":[4.465849,-12.5233345,-1.1921711],"to":[7.840849,-8.0233345,2.745328],"faces":{"east":{"uv":[3.109375,14.484375,3.296875,14.703125],"tintindex":0,"rotation":0,"texture":"#0"},"south":{"uv":[7.671875,14.53125,7.828125,14.75],"tintindex":0,"rotation":0,"texture":"#0"},"north":{"uv":[14.53125,5.8125,14.6875,6.03125],"tintindex":0,"rotation":0,"texture":"#0"},"west":{"uv":[3.296875,14.484375,3.484375,14.703125],"tintindex":0,"rotation":0,"texture":"#0"},"up":{"uv":[14.734375,2.234375,14.578125,2.046875],"tintindex":0,"rotation":0,"texture":"#0"},"down":{"uv":[14.734375,7.015625,14.578125,7.203125],"tintindex":0,"rotation":0,"texture":"#0"}},"rotation":{"origin":[6.293974,-9.384714,1.8149705],"angle":22.5,"axis":"x"}}],"display":{"head":{"rotation":[0.0,0.0,0.0]},"firstperson_righthand":{"rotation":[0.0,0.0,0.0]},"thirdperson_lefthand":{"rotation":[0.0,-0.0,-0.0]},"firstperson_lefthand":{"rotation":[0.0,-0.0,-0.0]},"fixed":{"rotation":[0.0,0.0,0.0]},"ground":{"rotation":[0.0,0.0,0.0]},"thirdperson_righthand":{"rotation":[0.0,0.0,0.0]},"gui":{"rotation":[-150.0,-75.0,-180.0]}}}