{"textures":{"0":"modelengine:entity/meg"},"elements":[{"from":[1.1033645,16.285824,6.8081026],"to":[7.8702397,18.83395,25.387476],"faces":{"east":{"uv":[8.59375,1.40625,9.171875,1.484375],"tintindex":0,"rotation":0,"texture":"#0"},"south":{"uv":[6.578125,6.34375,6.796875,6.421875],"tintindex":0,"rotation":0,"texture":"#0"},"north":{"uv":[3.15625,4.921875,3.375,5.0],"tintindex":0,"rotation":0,"texture":"#0"},"west":{"uv":[10.375,5.53125,10.953125,5.609375],"tintindex":0,"rotation":0,"texture":"#0"},"up":{"uv":[5.015625,13.6875,4.796875,13.109375],"tintindex":0,"rotation":0,"texture":"#0"},"down":{"uv":[13.421875,5.15625,13.203125,5.734375],"tintindex":0,"rotation":0,"texture":"#0"}},"rotation":{"origin":[8.0,19.14416,18.049515],"angle":22.5,"axis":"z"}},{"from":[8.129761,16.285824,6.8081026],"to":[14.896636,18.83395,25.387476],"faces":{"east":{"uv":[14.21875,7.78125,14.796875,7.859375],"tintindex":0,"rotation":0,"texture":"#0"},"south":{"uv":[7.03125,5.46875,7.25,5.546875],"tintindex":0,"rotation":0,"texture":"#0"},"north":{"uv":[6.796875,6.34375,7.015625,6.421875],"tintindex":0,"rotation":0,"texture":"#0"},"west":{"uv":[14.25,13.1875,14.828125,13.265625],"tintindex":0,"rotation":0,"texture":"#0"},"up":{"uv":[13.421875,13.03125,13.203125,12.453125],"tintindex":0,"rotation":0,"texture":"#0"},"down":{"uv":[13.421875,13.03125,13.203125,13.609375],"tintindex":0,"rotation":0,"texture":"#0"}},"rotation":{"origin":[8.0,19.14416,18.049515],"angle":-22.5,"axis":"z"}},{"from":[5.7568245,-0.40629578,5.9783096],"to":[11.6630745,2.9687042,22.85331],"faces":{"east":{"uv":[13.921875,1.3125,14.453125,1.421875],"tintindex":0,"rotation":0,"texture":"#0"},"south":{"uv":[9.078125,7.078125,9.265625,7.1875],"tintindex":0,"rotation":0,"texture":"#0"},"north":{"uv":[3.46875,7.453125,3.65625,7.5625],"tintindex":0,"rotation":0,"texture":"#0"},"west":{"uv":[14.109375,3.671875,14.640625,3.78125],"tintindex":0,"rotation":0,"texture":"#0"},"up":{"uv":[13.296875,14.140625,13.109375,13.609375],"tintindex":0,"rotation":0,"texture":"#0"},"down":{"uv":[13.859375,9.546875,13.671875,10.078125],"tintindex":0,"rotation":0,"texture":"#0"}},"rotation":{"origin":[8.0,4.980257,12.72831],"angle":22.5,"axis":"z"}},{"from":[4.3369255,-0.40629578,5.9783096],"to":[10.2431755,2.9687042,22.85331],"faces":{"east":{"uv":[4.5625,5.75,5.09375,5.859375],"tintindex":0,"rotation":0,"texture":"#0"},"south":{"uv":[1.75,7.390625,1.9375,7.5],"tintindex":0,"rotation":0,"texture":"#0"},"north":{"uv":[2.015625,6.15625,2.203125,6.265625],"tintindex":0,"rotation":0,"texture":"#0"},"west":{"uv":[10.96875,10.71875,11.5,10.828125],"tintindex":0,"rotation":0,"texture":"#0"},"up":{"uv":[2.8125,11.453125,2.625,10.921875],"tintindex":0,"rotation":0,"texture":"#0"},"down":{"uv":[11.375,13.578125,11.1875,14.109375],"tintindex":0,"rotation":0,"texture":"#0"}},"rotation":{"origin":[8.0,4.980257,12.72831],"angle":-22.5,"axis":"z"}},{"from":[3.7821875,2.4290638,7.661232],"to":[12.217813,15.927187,22.846855],"faces":{"east":{"uv":[5.96875,12.359375,6.4375,12.78125],"tintindex":0,"rotation":0,"texture":"#0"},"south":{"uv":[13.4375,11.59375,13.703125,12.015625],"tintindex":0,"rotation":0,"texture":"#0"},"north":{"uv":[13.421875,13.359375,13.6875,13.78125],"tintindex":0,"rotation":0,"texture":"#0"},"west":{"uv":[6.4375,12.359375,6.90625,12.78125],"tintindex":0,"rotation":0,"texture":"#0"},"up":{"uv":[4.734375,1.265625,4.46875,0.796875],"tintindex":0,"rotation":0,"texture":"#0"},"down":{"uv":[3.03125,12.046875,2.765625,12.515625],"tintindex":0,"rotation":0,"texture":"#0"}}},{"from":[0.41468763,-1.7821875,16.106228],"to":[12.210313,11.700938,27.901854],"faces":{"east":{"uv":[12.671875,0.78125,13.046875,1.203125],"tintindex":0,"rotation":0,"texture":"#0"},"south":{"uv":[0.15625,12.6875,0.53125,13.109375],"tintindex":0,"rotation":0,"texture":"#0"},"north":{"uv":[12.65625,7.5625,13.03125,7.984375],"tintindex":0,"rotation":0,"texture":"#0"},"west":{"uv":[12.5625,12.703125,12.9375,13.125],"tintindex":0,"rotation":0,"texture":"#0"},"up":{"uv":[9.234375,0.796875,8.859375,0.421875],"tintindex":0,"rotation":0,"texture":"#0"},"down":{"uv":[3.734375,12.953125,3.359375,13.328125],"tintindex":0,"rotation":0,"texture":"#0"}},"rotation":{"origin":[8.0,1.5843754,20.316544],"angle":45.0,"axis":"y"}}],"display":{"head":{"rotation":[0.0,0.0,0.0]},"firstperson_righthand":{"rotation":[0.0,0.0,0.0]},"thirdperson_lefthand":{"rotation":[0.0,-0.0,-0.0]},"firstperson_lefthand":{"rotation":[0.0,-0.0,-0.0]},"fixed":{"rotation":[0.0,0.0,0.0]},"ground":{"rotation":[0.0,0.0,0.0]},"thirdperson_righthand":{"rotation":[0.0,0.0,0.0]},"gui":{"rotation":[-150.0,-75.0,-180.0]}}}