{"textures":{"0":"modelengine:entity/meg"},"elements":[{"from":[2.6494255,-3.984558,3.315071],"to":[10.2431755,1.0779419,20.190071],"faces":{"east":{"uv":[9.96875,0.84375,10.5,1.0],"tintindex":0,"rotation":0,"texture":"#0"},"south":{"uv":[14.453125,10.484375,14.6875,10.640625],"tintindex":0,"rotation":0,"texture":"#0"},"north":{"uv":[13.453125,12.28125,13.6875,12.4375],"tintindex":0,"rotation":0,"texture":"#0"},"west":{"uv":[10.5,2.578125,11.03125,2.734375],"tintindex":0,"rotation":0,"texture":"#0"},"up":{"uv":[13.453125,8.625,13.21875,8.09375],"tintindex":0,"rotation":0,"texture":"#0"},"down":{"uv":[0.734375,13.234375,0.5,13.765625],"tintindex":0,"rotation":0,"texture":"#0"}},"rotation":{"origin":[8.0,1.4019947,10.065071],"angle":-22.5,"axis":"z"}},{"from":[2.5240626,0.5458002,5.005496],"to":[13.475938,13.185176,20.176123],"faces":{"east":{"uv":[11.625,12.390625,12.09375,12.78125],"tintindex":0,"rotation":0,"texture":"#0"},"south":{"uv":[6.8125,13.03125,7.15625,13.421875],"tintindex":0,"rotation":0,"texture":"#0"},"north":{"uv":[6.1875,11.96875,6.53125,12.359375],"tintindex":0,"rotation":0,"texture":"#0"},"west":{"uv":[12.09375,12.390625,12.5625,12.78125],"tintindex":0,"rotation":0,"texture":"#0"},"up":{"uv":[5.125,8.28125,4.78125,7.8125],"tintindex":0,"rotation":0,"texture":"#0"},"down":{"uv":[13.0,0.3125,12.65625,0.78125],"tintindex":0,"rotation":0,"texture":"#0"}}},{"from":[0.25961447,13.340373,4.1448717],"to":[7.8702397,18.41975,20.192995],"faces":{"east":{"uv":[13.859375,9.890625,14.359375,10.046875],"tintindex":0,"rotation":0,"texture":"#0"},"south":{"uv":[13.0625,6.78125,13.296875,6.9375],"tintindex":0,"rotation":0,"texture":"#0"},"north":{"uv":[12.9375,2.53125,13.171875,2.6875],"tintindex":0,"rotation":0,"texture":"#0"},"west":{"uv":[13.890625,2.34375,14.390625,2.5],"tintindex":0,"rotation":0,"texture":"#0"},"up":{"uv":[6.296875,13.859375,6.0625,13.359375],"tintindex":0,"rotation":0,"texture":"#0"},"down":{"uv":[6.53125,13.359375,6.296875,13.859375],"tintindex":0,"rotation":0,"texture":"#0"}},"rotation":{"origin":[8.0,18.72996,15.386276],"angle":22.5,"axis":"z"}},{"from":[5.7568245,-3.984558,3.315071],"to":[13.3505745,1.0779419,20.190071],"faces":{"east":{"uv":[13.828125,0.84375,14.359375,1.0],"tintindex":0,"rotation":0,"texture":"#0"},"south":{"uv":[14.484375,7.859375,14.71875,8.015625],"tintindex":0,"rotation":0,"texture":"#0"},"north":{"uv":[14.453125,13.46875,14.6875,13.625],"tintindex":0,"rotation":0,"texture":"#0"},"west":{"uv":[13.828125,1.0,14.359375,1.15625],"tintindex":0,"rotation":0,"texture":"#0"},"up":{"uv":[10.453125,13.78125,10.21875,13.25],"tintindex":0,"rotation":0,"texture":"#0"},"down":{"uv":[6.0625,13.28125,5.828125,13.8125],"tintindex":0,"rotation":0,"texture":"#0"}},"rotation":{"origin":[8.0,1.4019947,10.065071],"angle":22.5,"axis":"z"}},{"from":[8.129761,13.340373,4.1448717],"to":[15.740386,18.41975,20.192995],"faces":{"east":{"uv":[13.890625,4.59375,14.390625,4.75],"tintindex":0,"rotation":0,"texture":"#0"},"south":{"uv":[14.5,6.859375,14.734375,7.015625],"tintindex":0,"rotation":0,"texture":"#0"},"north":{"uv":[4.28125,14.5,4.515625,14.65625],"tintindex":0,"rotation":0,"texture":"#0"},"west":{"uv":[13.921875,1.15625,14.421875,1.3125],"tintindex":0,"rotation":0,"texture":"#0"},"up":{"uv":[6.765625,13.859375,6.53125,13.359375],"tintindex":0,"rotation":0,"texture":"#0"},"down":{"uv":[1.328125,13.375,1.09375,13.875],"tintindex":0,"rotation":0,"texture":"#0"}},"rotation":{"origin":[8.0,18.72996,15.386276],"angle":-22.5,"axis":"z"}}],"display":{"head":{"rotation":[0.0,0.0,0.0]},"firstperson_righthand":{"rotation":[0.0,0.0,0.0]},"thirdperson_lefthand":{"rotation":[0.0,-0.0,-0.0]},"firstperson_lefthand":{"rotation":[0.0,-0.0,-0.0]},"fixed":{"rotation":[0.0,0.0,0.0]},"ground":{"rotation":[0.0,0.0,0.0]},"thirdperson_righthand":{"rotation":[0.0,0.0,0.0]},"gui":{"rotation":[-150.0,-75.0,-180.0]}}}