{"textures":{"0":"modelengine:entity/meg"},"elements":[{"from":[1.2605286,11.65007,11.28125],"to":[4.0730286,13.33757,12.96875],"faces":{"east":{"uv":[6.71875,8.703125,6.796875,8.78125],"tintindex":0,"rotation":0,"texture":"#0"},"south":{"uv":[7.25,5.46875,7.375,5.546875],"tintindex":0,"rotation":0,"texture":"#0"},"north":{"uv":[3.375,4.921875,3.5,5.0],"tintindex":0,"rotation":0,"texture":"#0"},"west":{"uv":[1.65625,8.765625,1.734375,8.84375],"tintindex":0,"rotation":0,"texture":"#0"},"up":{"uv":[9.296875,1.484375,9.171875,1.40625],"tintindex":0,"rotation":0,"texture":"#0"},"down":{"uv":[9.453125,8.984375,9.328125,9.0625],"tintindex":0,"rotation":0,"texture":"#0"}}},{"from":[11.926971,11.65007,11.28125],"to":[14.739471,13.33757,12.96875],"faces":{"east":{"uv":[4.21875,10.78125,4.296875,10.859375],"tintindex":0,"rotation":0,"texture":"#0"},"south":{"uv":[1.265625,9.8125,1.390625,9.890625],"tintindex":0,"rotation":0,"texture":"#0"},"north":{"uv":[9.453125,8.984375,9.578125,9.0625],"tintindex":0,"rotation":0,"texture":"#0"},"west":{"uv":[10.78125,8.625,10.859375,8.703125],"tintindex":0,"rotation":0,"texture":"#0"},"up":{"uv":[1.515625,9.890625,1.390625,9.8125],"tintindex":0,"rotation":0,"texture":"#0"},"down":{"uv":[1.640625,9.8125,1.515625,9.890625],"tintindex":0,"rotation":0,"texture":"#0"}}},{"from":[-0.021249771,12.450481,5.088125],"to":[7.3025002,16.961733,16.349377],"faces":{"east":{"uv":[13.375,11.375,13.90625,11.59375],"tintindex":0,"rotation":0,"texture":"#0"},"south":{"uv":[13.96875,11.59375,14.3125,11.8125],"tintindex":0,"rotation":0,"texture":"#0"},"north":{"uv":[13.96875,10.65625,14.3125,10.875],"tintindex":0,"rotation":0,"texture":"#0"},"west":{"uv":[13.421875,3.265625,13.953125,3.484375],"tintindex":0,"rotation":0,"texture":"#0"},"up":{"uv":[9.328125,12.984375,8.984375,12.453125],"tintindex":0,"rotation":0,"texture":"#0"},"down":{"uv":[9.671875,12.453125,9.328125,12.984375],"tintindex":0,"rotation":0,"texture":"#0"}},"rotation":{"origin":[8.0,18.643608,14.65625],"angle":22.5,"axis":"z"}},{"from":[8.6975,12.450481,5.088125],"to":[16.02125,16.961733,16.349377],"faces":{"east":{"uv":[13.421875,5.15625,13.953125,5.375],"tintindex":0,"rotation":0,"texture":"#0"},"south":{"uv":[13.984375,5.453125,14.328125,5.671875],"tintindex":0,"rotation":0,"texture":"#0"},"north":{"uv":[0.0,13.984375,0.34375,14.203125],"tintindex":0,"rotation":0,"texture":"#0"},"west":{"uv":[13.421875,5.375,13.953125,5.59375],"tintindex":0,"rotation":0,"texture":"#0"},"up":{"uv":[12.796875,12.140625,12.453125,11.609375],"tintindex":0,"rotation":0,"texture":"#0"},"down":{"uv":[7.25,12.5,6.90625,13.03125],"tintindex":0,"rotation":0,"texture":"#0"}},"rotation":{"origin":[8.0,18.643608,14.65625],"angle":-22.5,"axis":"z"}},{"from":[2.9431248,-0.7007685,5.661875],"to":[13.056875,12.225483,16.338129],"faces":{"east":{"uv":[4.140625,10.859375,4.640625,11.46875],"tintindex":0,"rotation":0,"texture":"#0"},"south":{"uv":[11.03125,3.5625,11.5,4.171875],"tintindex":0,"rotation":0,"texture":"#0"},"north":{"uv":[3.84375,5.0,4.3125,5.609375],"tintindex":0,"rotation":0,"texture":"#0"},"west":{"uv":[9.59375,10.859375,10.09375,11.46875],"tintindex":0,"rotation":0,"texture":"#0"},"up":{"uv":[12.140625,5.859375,11.671875,5.359375],"tintindex":0,"rotation":0,"texture":"#0"},"down":{"uv":[1.265625,11.71875,0.796875,12.21875],"tintindex":0,"rotation":0,"texture":"#0"}}},{"from":[7.296875,10.528857,14.867859],"to":[8.703125,16.153858,26.117859],"faces":{"east":{"uv":[12.84375,11.34375,13.375,11.609375],"tintindex":0,"rotation":0,"texture":"#0"},"south":{"uv":[0.546875,8.375,0.609375,8.640625],"tintindex":0,"rotation":0,"texture":"#0"},"north":{"uv":[4.5,7.328125,4.5625,7.59375],"tintindex":0,"rotation":0,"texture":"#0"},"west":{"uv":[12.9375,1.46875,13.46875,1.734375],"tintindex":0,"rotation":0,"texture":"#0"},"up":{"uv":[5.390625,3.5,5.328125,2.96875],"tintindex":0,"rotation":0,"texture":"#0"},"down":{"uv":[4.5625,6.796875,4.5,7.328125],"tintindex":0,"rotation":0,"texture":"#0"}}},{"from":[7.15625,12.69503,4.721443],"to":[8.84375,22.44503,25.721447],"faces":{"east":{"uv":[8.21875,6.203125,9.203125,6.65625],"tintindex":0,"rotation":0,"texture":"#0"},"south":{"uv":[0.890625,10.59375,0.96875,11.046875],"tintindex":0,"rotation":0,"texture":"#0"},"north":{"uv":[2.359375,10.453125,2.4375,10.90625],"tintindex":0,"rotation":0,"texture":"#0"},"west":{"uv":[5.625,8.28125,6.609375,8.734375],"tintindex":0,"rotation":0,"texture":"#0"},"up":{"uv":[0.765625,6.609375,0.6875,5.625],"tintindex":0,"rotation":0,"texture":"#0"},"down":{"uv":[3.15625,6.265625,3.078125,7.25],"tintindex":0,"rotation":0,"texture":"#0"}},"rotation":{"origin":[8.0,15.231827,16.98699],"angle":-22.5,"axis":"x"}}],"display":{"head":{"rotation":[0.0,0.0,0.0]},"firstperson_righthand":{"rotation":[0.0,0.0,0.0]},"thirdperson_lefthand":{"rotation":[0.0,-0.0,-0.0]},"firstperson_lefthand":{"rotation":[0.0,-0.0,-0.0]},"fixed":{"rotation":[0.0,0.0,0.0]},"ground":{"rotation":[0.0,0.0,0.0]},"thirdperson_righthand":{"rotation":[0.0,0.0,0.0]},"gui":{"rotation":[-150.0,-75.0,-180.0]}}}