{"textures":{"0":"modelengine:entity/meg"},"elements":[{"from":[8.051904,10.400349,8.289482],"to":[10.421154,11.0821,14.371232],"faces":{"east":{"uv":[8.578125,5.625,9.046875,5.671875],"tintindex":0,"rotation":0,"texture":"#0"},"south":{"uv":[5.390625,4.578125,5.578125,4.625],"tintindex":0,"rotation":0,"texture":"#0"},"north":{"uv":[4.46875,1.265625,4.65625,1.3125],"tintindex":0,"rotation":0,"texture":"#0"},"west":{"uv":[9.109375,5.140625,9.578125,5.1875],"tintindex":0,"rotation":0,"texture":"#0"},"up":{"uv":[5.28125,14.15625,5.09375,13.6875],"tintindex":0,"rotation":0,"texture":"#0"},"down":{"uv":[12.359375,13.734375,12.171875,14.203125],"tintindex":0,"rotation":0,"texture":"#0"}},"rotation":{"origin":[8.0,11.2061825,12.786045],"angle":-22.5,"axis":"z"}},{"from":[7.325,9.578543,14.718658],"to":[8.675,16.328545,20.11866],"faces":{"east":{"uv":[6.53125,11.828125,6.953125,12.359375],"tintindex":0,"rotation":0,"texture":"#0"},"south":{"uv":[7.5625,14.171875,7.671875,14.703125],"tintindex":0,"rotation":0,"texture":"#0"},"north":{"uv":[2.078125,14.171875,2.1875,14.703125],"tintindex":0,"rotation":0,"texture":"#0"},"west":{"uv":[11.859375,7.640625,12.28125,8.171875],"tintindex":0,"rotation":0,"texture":"#0"},"up":{"uv":[3.203125,11.9375,3.09375,11.515625],"tintindex":0,"rotation":0,"texture":"#0"},"down":{"uv":[3.46875,12.515625,3.359375,12.9375],"tintindex":0,"rotation":0,"texture":"#0"}},"rotation":{"origin":[8.0,15.78577,17.171417],"angle":45.0,"axis":"x"}},{"from":[7.325,-6.092078,4.3065643],"to":[8.675,3.3579216,11.394064],"faces":{"east":{"uv":[8.640625,9.078125,9.1875,9.8125],"tintindex":0,"rotation":0,"texture":"#0"},"south":{"uv":[2.203125,13.75,2.3125,14.484375],"tintindex":0,"rotation":0,"texture":"#0"},"north":{"uv":[2.625,13.71875,2.734375,14.453125],"tintindex":0,"rotation":0,"texture":"#0"},"west":{"uv":[9.109375,2.015625,9.65625,2.75],"tintindex":0,"rotation":0,"texture":"#0"},"up":{"uv":[1.890625,12.109375,1.78125,11.5625],"tintindex":0,"rotation":0,"texture":"#0"},"down":{"uv":[3.90625,14.0625,3.796875,14.609375],"tintindex":0,"rotation":0,"texture":"#0"}},"rotation":{"origin":[8.604251,7.034238,8.392664],"angle":-45.0,"axis":"x"}},{"from":[6.984125,-11.417086,11.762386],"to":[9.015875,6.1396656,16.494139],"faces":{"east":{"uv":[1.375,7.390625,1.75,8.765625],"tintindex":0,"rotation":0,"texture":"#0"},"south":{"uv":[0.0,11.96875,0.15625,13.34375],"tintindex":0,"rotation":0,"texture":"#0"},"north":{"uv":[10.296875,11.875,10.453125,13.25],"tintindex":0,"rotation":0,"texture":"#0"},"west":{"uv":[6.8125,7.40625,7.1875,8.78125],"tintindex":0,"rotation":0,"texture":"#0"},"up":{"uv":[6.71875,10.75,6.5625,10.375],"tintindex":0,"rotation":0,"texture":"#0"},"down":{"uv":[10.53125,9.65625,10.375,10.03125],"tintindex":0,"rotation":0,"texture":"#0"}},"rotation":{"origin":[8.583271,6.7593827,8.583725],"angle":-22.5,"axis":"x"}},{"from":[7.409375,6.939673,12.529959],"to":[8.590625,10.989673,19.279963],"faces":{"east":{"uv":[11.0,6.578125,11.53125,6.890625],"tintindex":0,"rotation":0,"texture":"#0"},"south":{"uv":[11.9375,13.421875,12.03125,13.734375],"tintindex":0,"rotation":0,"texture":"#0"},"north":{"uv":[0.734375,13.234375,0.828125,13.546875],"tintindex":0,"rotation":0,"texture":"#0"},"west":{"uv":[12.5625,12.390625,13.09375,12.703125],"tintindex":0,"rotation":0,"texture":"#0"},"up":{"uv":[0.890625,11.703125,0.796875,11.171875],"tintindex":0,"rotation":0,"texture":"#0"},"down":{"uv":[7.046875,14.140625,6.953125,14.671875],"tintindex":0,"rotation":0,"texture":"#0"}},"rotation":{"origin":[8.0,15.78577,17.171417],"angle":22.5,"axis":"x"}},{"from":[7.325,16.328545,14.718658],"to":[8.675,21.053543,17.756159],"faces":{"east":{"uv":[10.265625,1.9375,10.5,2.3125],"tintindex":0,"rotation":0,"texture":"#0"},"south":{"uv":[1.15625,12.21875,1.265625,12.59375],"tintindex":0,"rotation":0,"texture":"#0"},"north":{"uv":[11.65625,10.859375,11.765625,11.234375],"tintindex":0,"rotation":0,"texture":"#0"},"west":{"uv":[11.9375,13.734375,12.171875,14.109375],"tintindex":0,"rotation":0,"texture":"#0"},"up":{"uv":[9.59375,14.09375,9.484375,13.859375],"tintindex":0,"rotation":0,"texture":"#0"},"down":{"uv":[11.9375,14.59375,11.828125,14.828125],"tintindex":0,"rotation":0,"texture":"#0"}},"rotation":{"origin":[8.0,15.78577,17.171417],"angle":45.0,"axis":"x"}},{"from":[6.653375,6.6097155,12.760908],"to":[9.346625,10.315465,17.141659],"faces":{"east":{"uv":[9.3125,1.6875,9.65625,1.984375],"tintindex":0,"rotation":0,"texture":"#0"},"south":{"uv":[7.359375,14.171875,7.5625,14.46875],"tintindex":0,"rotation":0,"texture":"#0"},"north":{"uv":[14.15625,10.046875,14.359375,10.34375],"tintindex":0,"rotation":0,"texture":"#0"},"west":{"uv":[11.96875,3.53125,12.3125,3.828125],"tintindex":0,"rotation":0,"texture":"#0"},"up":{"uv":[1.078125,14.453125,0.875,14.109375],"tintindex":0,"rotation":0,"texture":"#0"},"down":{"uv":[14.328125,1.921875,14.125,2.265625],"tintindex":0,"rotation":0,"texture":"#0"}}},{"from":[6.315875,4.584716,6.6859083],"to":[9.684125,10.315465,12.754158],"faces":{"east":{"uv":[3.890625,12.0,4.359375,12.453125],"tintindex":0,"rotation":0,"texture":"#0"},"south":{"uv":[9.609375,13.328125,9.875,13.78125],"tintindex":0,"rotation":0,"texture":"#0"},"north":{"uv":[5.53125,13.328125,5.796875,13.78125],"tintindex":0,"rotation":0,"texture":"#0"},"west":{"uv":[9.25,12.0,9.71875,12.453125],"tintindex":0,"rotation":0,"texture":"#0"},"up":{"uv":[13.46875,4.8125,13.203125,4.34375],"tintindex":0,"rotation":0,"texture":"#0"},"down":{"uv":[5.28125,13.21875,5.015625,13.6875],"tintindex":0,"rotation":0,"texture":"#0"}}},{"from":[5.578846,10.400349,8.289482],"to":[7.948096,11.0821,14.371232],"faces":{"east":{"uv":[5.4375,1.953125,5.90625,2.0],"tintindex":0,"rotation":0,"texture":"#0"},"south":{"uv":[2.5625,3.9375,2.75,3.984375],"tintindex":0,"rotation":0,"texture":"#0"},"north":{"uv":[2.375,3.9375,2.5625,3.984375],"tintindex":0,"rotation":0,"texture":"#0"},"west":{"uv":[5.328125,6.390625,5.796875,6.4375],"tintindex":0,"rotation":0,"texture":"#0"},"up":{"uv":[5.328125,7.21875,5.140625,6.75],"tintindex":0,"rotation":0,"texture":"#0"},"down":{"uv":[1.265625,9.375,1.078125,9.84375],"tintindex":0,"rotation":0,"texture":"#0"}},"rotation":{"origin":[8.0,11.2061825,12.786045],"angle":22.5,"axis":"z"}},{"from":[7.325,21.053543,14.718658],"to":[8.675,24.091043,16.74366],"faces":{"east":{"uv":[11.03125,4.828125,11.1875,5.0625],"tintindex":0,"rotation":0,"texture":"#0"},"south":{"uv":[12.296875,14.59375,12.40625,14.828125],"tintindex":0,"rotation":0,"texture":"#0"},"north":{"uv":[11.9375,14.59375,12.046875,14.828125],"tintindex":0,"rotation":0,"texture":"#0"},"west":{"uv":[11.328125,8.359375,11.484375,8.59375],"tintindex":0,"rotation":0,"texture":"#0"},"up":{"uv":[13.03125,3.421875,12.921875,3.265625],"tintindex":0,"rotation":0,"texture":"#0"},"down":{"uv":[13.359375,9.71875,13.25,9.875],"tintindex":0,"rotation":0,"texture":"#0"}},"rotation":{"origin":[8.0,15.78577,17.171417],"angle":45.0,"axis":"x"}},{"from":[7.325,-12.842077,4.3065643],"to":[8.675,-6.092078,8.694064],"faces":{"east":{"uv":[3.46875,12.421875,3.8125,12.953125],"tintindex":0,"rotation":0,"texture":"#0"},"south":{"uv":[11.71875,14.140625,11.828125,14.671875],"tintindex":0,"rotation":0,"texture":"#0"},"north":{"uv":[9.75,14.09375,9.859375,14.625],"tintindex":0,"rotation":0,"texture":"#0"},"west":{"uv":[3.8125,12.453125,4.15625,12.984375],"tintindex":0,"rotation":0,"texture":"#0"},"up":{"uv":[1.078125,10.40625,0.96875,10.0625],"tintindex":0,"rotation":0,"texture":"#0"},"down":{"uv":[8.0,11.890625,7.890625,12.234375],"tintindex":0,"rotation":0,"texture":"#0"}},"rotation":{"origin":[8.604251,7.034238,8.392664],"angle":-45.0,"axis":"x"}},{"from":[7.409375,2.1262755,6.1441894],"to":[8.590625,6.1762757,13.569189],"faces":{"east":{"uv":[12.46875,7.25,13.046875,7.5625],"tintindex":0,"rotation":0,"texture":"#0"},"south":{"uv":[7.15625,13.03125,7.25,13.34375],"tintindex":0,"rotation":0,"texture":"#0"},"north":{"uv":[2.0625,12.234375,2.15625,12.546875],"tintindex":0,"rotation":0,"texture":"#0"},"west":{"uv":[12.484375,0.0,13.0625,0.3125],"tintindex":0,"rotation":0,"texture":"#0"},"up":{"uv":[9.484375,14.703125,9.390625,14.125],"tintindex":0,"rotation":0,"texture":"#0"},"down":{"uv":[5.390625,14.140625,5.296875,14.71875],"tintindex":0,"rotation":0,"texture":"#0"}},"rotation":{"origin":[8.583271,6.7593827,8.583725],"angle":-22.5,"axis":"x"}},{"from":[7.15625,8.514829,17.79414],"to":[8.84375,23.702328,20.156641],"faces":{"east":{"uv":[1.1875,7.484375,1.375,8.671875],"tintindex":0,"rotation":0,"texture":"#0"},"south":{"uv":[12.375,12.78125,12.5,13.96875],"tintindex":0,"rotation":0,"texture":"#0"},"north":{"uv":[0.625,7.578125,0.75,8.765625],"tintindex":0,"rotation":0,"texture":"#0"},"west":{"uv":[2.15625,11.234375,2.34375,12.421875],"tintindex":0,"rotation":0,"texture":"#0"},"up":{"uv":[5.390625,3.6875,5.265625,3.5],"tintindex":0,"rotation":0,"texture":"#0"},"down":{"uv":[9.21875,7.71875,9.09375,7.90625],"tintindex":0,"rotation":0,"texture":"#0"}},"rotation":{"origin":[8.0,15.78577,17.171417],"angle":22.5,"axis":"x"}}],"display":{"head":{"rotation":[0.0,0.0,0.0]},"firstperson_righthand":{"rotation":[0.0,0.0,0.0]},"thirdperson_lefthand":{"rotation":[0.0,-0.0,-0.0]},"firstperson_lefthand":{"rotation":[0.0,-0.0,-0.0]},"fixed":{"rotation":[0.0,0.0,0.0]},"ground":{"rotation":[0.0,0.0,0.0]},"thirdperson_righthand":{"rotation":[0.0,0.0,0.0]},"gui":{"rotation":[-150.0,-75.0,-180.0]}}}