{"textures":{"0":"modelengine:entity/meg"},"elements":[{"from":[8.086507,6.4343266,0.4119749],"to":[14.285257,9.820577,11.110725],"faces":{"east":{"uv":[13.953125,13.328125,14.453125,13.484375],"tintindex":0,"rotation":0,"texture":"#0"},"south":{"uv":[14.421875,1.140625,14.71875,1.296875],"tintindex":0,"rotation":0,"texture":"#0"},"north":{"uv":[14.390625,2.328125,14.6875,2.484375],"tintindex":0,"rotation":0,"texture":"#0"},"west":{"uv":[13.953125,13.484375,14.453125,13.640625],"tintindex":0,"rotation":0,"texture":"#0"},"up":{"uv":[5.828125,13.328125,5.53125,12.828125],"tintindex":0,"rotation":0,"texture":"#0"},"down":{"uv":[9.96875,12.828125,9.671875,13.328125],"tintindex":0,"rotation":0,"texture":"#0"}},"rotation":{"origin":[8.0,10.027385,7.90625],"angle":-22.5,"axis":"z"}},{"from":[2.74545,-8.490629,-0.1412201],"to":[9.49545,-5.11563,11.10878],"faces":{"east":{"uv":[13.53125,7.890625,14.0625,8.046875],"tintindex":0,"rotation":0,"texture":"#0"},"south":{"uv":[3.109375,14.328125,3.421875,14.484375],"tintindex":0,"rotation":0,"texture":"#0"},"north":{"uv":[10.453125,12.21875,10.765625,12.375],"tintindex":0,"rotation":0,"texture":"#0"},"west":{"uv":[13.671875,4.09375,14.203125,4.25],"tintindex":0,"rotation":0,"texture":"#0"},"up":{"uv":[2.75,13.078125,2.4375,12.546875],"tintindex":0,"rotation":0,"texture":"#0"},"down":{"uv":[4.46875,12.578125,4.15625,13.109375],"tintindex":0,"rotation":0,"texture":"#0"}},"rotation":{"origin":[8.0,-4.8995953,4.35878],"angle":-22.5,"axis":"z"}},{"from":[6.5045495,-8.490629,-0.1412201],"to":[13.25455,-5.11563,11.10878],"faces":{"east":{"uv":[7.359375,13.828125,7.890625,13.984375],"tintindex":0,"rotation":0,"texture":"#0"},"south":{"uv":[14.328125,5.4375,14.640625,5.59375],"tintindex":0,"rotation":0,"texture":"#0"},"north":{"uv":[3.421875,14.328125,3.734375,14.484375],"tintindex":0,"rotation":0,"texture":"#0"},"west":{"uv":[13.828125,9.203125,14.359375,9.359375],"tintindex":0,"rotation":0,"texture":"#0"},"up":{"uv":[4.78125,13.109375,4.46875,12.578125],"tintindex":0,"rotation":0,"texture":"#0"},"down":{"uv":[5.09375,12.578125,4.78125,13.109375],"tintindex":0,"rotation":0,"texture":"#0"}},"rotation":{"origin":[8.0,-4.8995953,4.35878],"angle":22.5,"axis":"z"}},{"from":[2.001618,5.0337014,5.0551043],"to":[4.251618,6.7212014,6.7426043],"faces":{"east":{"uv":[10.5,0.84375,10.578125,0.921875],"tintindex":0,"rotation":0,"texture":"#0"},"south":{"uv":[10.109375,5.953125,10.21875,6.03125],"tintindex":0,"rotation":0,"texture":"#0"},"north":{"uv":[9.890625,6.578125,10.0,6.65625],"tintindex":0,"rotation":0,"texture":"#0"},"west":{"uv":[10.5,0.921875,10.578125,1.0],"tintindex":0,"rotation":0,"texture":"#0"},"up":{"uv":[10.328125,6.03125,10.21875,5.953125],"tintindex":0,"rotation":0,"texture":"#0"},"down":{"uv":[10.4375,5.953125,10.328125,6.03125],"tintindex":0,"rotation":0,"texture":"#0"}}},{"from":[11.748383,5.0337014,5.0551043],"to":[13.998383,6.7212014,6.7426043],"faces":{"east":{"uv":[10.703125,8.625,10.78125,8.703125],"tintindex":0,"rotation":0,"texture":"#0"},"south":{"uv":[10.5625,10.296875,10.671875,10.375],"tintindex":0,"rotation":0,"texture":"#0"},"north":{"uv":[10.4375,5.953125,10.546875,6.03125],"tintindex":0,"rotation":0,"texture":"#0"},"west":{"uv":[4.140625,10.78125,4.21875,10.859375],"tintindex":0,"rotation":0,"texture":"#0"},"up":{"uv":[10.703125,8.703125,10.59375,8.625],"tintindex":0,"rotation":0,"texture":"#0"},"down":{"uv":[10.78125,10.296875,10.671875,10.375],"tintindex":0,"rotation":0,"texture":"#0"}}},{"from":[3.5056248,-4.9078903,0.98572445],"to":[12.494375,6.330859,11.099476],"faces":{"east":{"uv":[5.328125,5.859375,5.796875,6.390625],"tintindex":0,"rotation":0,"texture":"#0"},"south":{"uv":[5.765625,11.828125,6.1875,12.359375],"tintindex":0,"rotation":0,"texture":"#0"},"north":{"uv":[8.21875,9.265625,8.640625,9.796875],"tintindex":0,"rotation":0,"texture":"#0"},"west":{"uv":[8.828125,11.328125,9.296875,11.859375],"tintindex":0,"rotation":0,"texture":"#0"},"up":{"uv":[12.75,7.25,12.328125,6.78125],"tintindex":0,"rotation":0,"texture":"#0"},"down":{"uv":[5.96875,12.359375,5.546875,12.828125],"tintindex":0,"rotation":0,"texture":"#0"}}},{"from":[1.7147427,6.4343266,0.4119749],"to":[7.913493,9.820577,11.110725],"faces":{"east":{"uv":[6.53125,4.78125,7.03125,4.9375],"tintindex":0,"rotation":0,"texture":"#0"},"south":{"uv":[14.359375,7.375,14.65625,7.53125],"tintindex":0,"rotation":0,"texture":"#0"},"north":{"uv":[6.234375,3.765625,6.53125,3.921875],"tintindex":0,"rotation":0,"texture":"#0"},"west":{"uv":[12.03125,3.0,12.53125,3.15625],"tintindex":0,"rotation":0,"texture":"#0"},"up":{"uv":[6.265625,11.828125,5.96875,11.328125],"tintindex":0,"rotation":0,"texture":"#0"},"down":{"uv":[10.75,12.796875,10.453125,13.296875],"tintindex":0,"rotation":0,"texture":"#0"}},"rotation":{"origin":[8.0,10.027385,7.90625],"angle":22.5,"axis":"z"}}],"display":{"head":{"rotation":[0.0,0.0,0.0]},"firstperson_righthand":{"rotation":[0.0,0.0,0.0]},"thirdperson_lefthand":{"rotation":[0.0,-0.0,-0.0]},"firstperson_lefthand":{"rotation":[0.0,-0.0,-0.0]},"fixed":{"rotation":[0.0,0.0,0.0]},"ground":{"rotation":[0.0,0.0,0.0]},"thirdperson_righthand":{"rotation":[0.0,0.0,0.0]},"gui":{"rotation":[-150.0,-75.0,-180.0]}}}