{"textures":{"0":"modelengine:entity/meg"},"elements":[{"from":[8.000469,-11.530758,-0.1166296],"to":[18.96828,-4.7816963,8.319933],"faces":{"east":{"uv":[11.953125,0.0,12.484375,0.421875],"tintindex":0,"rotation":0,"texture":"#0"},"south":{"uv":[11.0,1.9375,11.6875,2.359375],"tintindex":0,"rotation":0,"texture":"#0"},"north":{"uv":[10.984375,5.53125,11.671875,5.953125],"tintindex":0,"rotation":0,"texture":"#0"},"west":{"uv":[11.953125,8.171875,12.484375,8.59375],"tintindex":0,"rotation":0,"texture":"#0"},"up":{"uv":[10.59375,8.71875,9.90625,8.1875],"tintindex":0,"rotation":0,"texture":"#0"},"down":{"uv":[2.453125,9.921875,1.765625,10.453125],"tintindex":0,"rotation":0,"texture":"#0"}},"rotation":{"origin":[8.0,-11.531227,5.367277],"angle":22.5,"axis":"z"}},{"from":[0.12874985,-2.24576,20.98087],"to":[15.871251,16.308304,31.941183],"faces":{"east":{"uv":[5.4375,0.796875,6.125,1.953125],"tintindex":0,"rotation":0,"texture":"#0"},"south":{"uv":[3.546875,2.53125,4.53125,3.6875],"tintindex":0,"rotation":0,"texture":"#0"},"north":{"uv":[0.0,3.15625,0.984375,4.3125],"tintindex":0,"rotation":0,"texture":"#0"},"west":{"uv":[0.0,5.625,0.6875,6.78125],"tintindex":0,"rotation":0,"texture":"#0"},"up":{"uv":[7.109375,1.265625,6.125,0.578125],"tintindex":0,"rotation":0,"texture":"#0"},"down":{"uv":[7.109375,1.265625,6.125,1.953125],"tintindex":0,"rotation":0,"texture":"#0"}}},{"from":[18.106117,17.003668,12.961027],"to":[20.637367,20.378668,16.336027],"faces":{"east":{"uv":[11.828125,14.375,12.046875,14.59375],"tintindex":0,"rotation":0,"texture":"#0"},"south":{"uv":[14.546875,12.5,14.703125,12.71875],"tintindex":0,"rotation":0,"texture":"#0"},"north":{"uv":[14.546875,12.28125,14.703125,12.5],"tintindex":0,"rotation":0,"texture":"#0"},"west":{"uv":[12.328125,14.375,12.546875,14.59375],"tintindex":0,"rotation":0,"texture":"#0"},"up":{"uv":[13.625,14.765625,13.46875,14.546875],"tintindex":0,"rotation":0,"texture":"#0"},"down":{"uv":[14.71875,0.0,14.5625,0.21875],"tintindex":0,"rotation":0,"texture":"#0"}}},{"from":[1.6287498,-3.08951,-6.0191307],"to":[14.371251,14.620803,-0.12131691],"faces":{"east":{"uv":[5.96875,8.734375,6.34375,9.84375],"tintindex":0,"rotation":0,"texture":"#0"},"south":{"uv":[4.328125,4.640625,5.125,5.75],"tintindex":0,"rotation":0,"texture":"#0"},"north":{"uv":[4.53125,2.265625,5.328125,3.375],"tintindex":0,"rotation":0,"texture":"#0"},"west":{"uv":[6.34375,8.734375,6.71875,9.84375],"tintindex":0,"rotation":0,"texture":"#0"},"up":{"uv":[11.65625,11.234375,10.859375,10.859375],"tintindex":0,"rotation":0,"texture":"#0"},"down":{"uv":[8.828125,10.90625,8.03125,11.28125],"tintindex":0,"rotation":0,"texture":"#0"}}},{"from":[7.99625,16.730648,20.935402],"to":[18.9725,25.175648,31.986652],"faces":{"east":{"uv":[1.078125,9.890625,1.765625,10.421875],"tintindex":0,"rotation":0,"texture":"#0"},"south":{"uv":[9.890625,6.046875,10.578125,6.578125],"tintindex":0,"rotation":0,"texture":"#0"},"north":{"uv":[9.890625,1.0,10.578125,1.53125],"tintindex":0,"rotation":0,"texture":"#0"},"west":{"uv":[9.90625,7.65625,10.59375,8.1875],"tintindex":0,"rotation":0,"texture":"#0"},"up":{"uv":[8.578125,4.296875,7.890625,3.609375],"tintindex":0,"rotation":0,"texture":"#0"},"down":{"uv":[8.578125,4.296875,7.890625,4.984375],"tintindex":0,"rotation":0,"texture":"#0"}},"rotation":{"origin":[8.0,25.171898,26.039152],"angle":-22.5,"axis":"z"}},{"from":[0.5187497,-6.4495096,-0.09787941],"to":[15.48125,13.7620535,8.301184],"faces":{"east":{"uv":[2.015625,6.265625,2.546875,7.53125],"tintindex":0,"rotation":0,"texture":"#0"},"south":{"uv":[2.75,1.265625,3.6875,2.53125],"tintindex":0,"rotation":0,"texture":"#0"},"north":{"uv":[2.75,0.0,3.6875,1.265625],"tintindex":0,"rotation":0,"texture":"#0"},"west":{"uv":[2.546875,6.265625,3.078125,7.53125],"tintindex":0,"rotation":0,"texture":"#0"},"up":{"uv":[8.515625,2.234375,7.578125,1.703125],"tintindex":0,"rotation":0,"texture":"#0"},"down":{"uv":[8.515625,7.40625,7.578125,7.9375],"tintindex":0,"rotation":0,"texture":"#0"}}},{"from":[-2.399538,16.779764,24.773527],"to":[0.13171196,19.73289,27.726652],"faces":{"east":{"uv":[14.5,11.9375,14.6875,12.125],"tintindex":0,"rotation":0,"texture":"#0"},"south":{"uv":[1.390625,14.5625,1.546875,14.75],"tintindex":0,"rotation":0,"texture":"#0"},"north":{"uv":[14.5625,0.21875,14.71875,0.40625],"tintindex":0,"rotation":0,"texture":"#0"},"west":{"uv":[14.515625,3.78125,14.703125,3.96875],"tintindex":0,"rotation":0,"texture":"#0"},"up":{"uv":[14.71875,4.15625,14.5625,3.96875],"tintindex":0,"rotation":0,"texture":"#0"},"down":{"uv":[14.71875,4.15625,14.5625,4.34375],"tintindex":0,"rotation":0,"texture":"#0"}}},{"from":[15.868288,16.779764,24.773527],"to":[18.399538,19.73289,27.726652],"faces":{"east":{"uv":[14.515625,4.6875,14.703125,4.875],"tintindex":0,"rotation":0,"texture":"#0"},"south":{"uv":[14.59375,3.3125,14.75,3.5],"tintindex":0,"rotation":0,"texture":"#0"},"north":{"uv":[2.921875,14.59375,3.078125,14.78125],"tintindex":0,"rotation":0,"texture":"#0"},"west":{"uv":[14.515625,6.5,14.703125,6.6875],"tintindex":0,"rotation":0,"texture":"#0"},"up":{"uv":[14.75,5.78125,14.59375,5.59375],"tintindex":0,"rotation":0,"texture":"#0"},"down":{"uv":[14.75,6.28125,14.59375,6.46875],"tintindex":0,"rotation":0,"texture":"#0"}}},{"from":[-2.9724998,16.730648,20.935402],"to":[8.00375,25.175648,31.986652],"faces":{"east":{"uv":[9.6875,9.515625,10.375,10.046875],"tintindex":0,"rotation":0,"texture":"#0"},"south":{"uv":[8.21875,9.8125,8.90625,10.34375],"tintindex":0,"rotation":0,"texture":"#0"},"north":{"uv":[9.6875,8.984375,10.375,9.515625],"tintindex":0,"rotation":0,"texture":"#0"},"west":{"uv":[5.96875,9.84375,6.65625,10.375],"tintindex":0,"rotation":0,"texture":"#0"},"up":{"uv":[8.578125,2.921875,7.890625,2.234375],"tintindex":0,"rotation":0,"texture":"#0"},"down":{"uv":[8.578125,2.921875,7.890625,3.609375],"tintindex":0,"rotation":0,"texture":"#0"}},"rotation":{"origin":[8.0,25.171898,26.039152],"angle":22.5,"axis":"z"}},{"from":[-1.3712502,-5.62076,8.324621],"to":[17.37125,17.995804,20.972435],"faces":{"east":{"uv":[2.75,2.53125,3.546875,4.0],"tintindex":0,"rotation":0,"texture":"#0"},"south":{"uv":[1.578125,1.46875,2.75,2.9375],"tintindex":0,"rotation":0,"texture":"#0"},"north":{"uv":[1.578125,0.0,2.75,1.46875],"tintindex":0,"rotation":0,"texture":"#0"},"west":{"uv":[1.578125,2.9375,2.375,4.40625],"tintindex":0,"rotation":0,"texture":"#0"},"up":{"uv":[1.953125,5.203125,0.78125,4.40625],"tintindex":0,"rotation":0,"texture":"#0"},"down":{"uv":[5.640625,0.0,4.46875,0.796875],"tintindex":0,"rotation":0,"texture":"#0"}}},{"from":[8.004219,-12.792635,7.4808707],"to":[21.49578,-6.051071,22.659933],"faces":{"east":{"uv":[9.0625,5.625,10.015625,6.046875],"tintindex":0,"rotation":0,"texture":"#0"},"south":{"uv":[9.96875,0.421875,10.8125,0.84375],"tintindex":0,"rotation":0,"texture":"#0"},"north":{"uv":[9.8125,0.0,10.65625,0.421875],"tintindex":0,"rotation":0,"texture":"#0"},"west":{"uv":[9.078125,6.65625,10.03125,7.078125],"tintindex":0,"rotation":0,"texture":"#0"},"up":{"uv":[6.171875,2.96875,5.328125,2.015625],"tintindex":0,"rotation":0,"texture":"#0"},"down":{"uv":[6.234375,2.96875,5.390625,3.921875],"tintindex":0,"rotation":0,"texture":"#0"}},"rotation":{"origin":[8.0,-12.796852,12.961027],"angle":22.5,"axis":"z"}},{"from":[-4.6373663,17.003668,12.961027],"to":[-2.1061163,20.378668,16.336027],"faces":{"east":{"uv":[8.28125,7.1875,8.5,7.40625],"tintindex":0,"rotation":0,"texture":"#0"},"south":{"uv":[12.03125,6.265625,12.1875,6.484375],"tintindex":0,"rotation":0,"texture":"#0"},"north":{"uv":[11.984375,5.109375,12.140625,5.328125],"tintindex":0,"rotation":0,"texture":"#0"},"west":{"uv":[11.625,12.140625,11.84375,12.359375],"tintindex":0,"rotation":0,"texture":"#0"},"up":{"uv":[5.15625,12.484375,5.0,12.265625],"tintindex":0,"rotation":0,"texture":"#0"},"down":{"uv":[10.71875,14.5,10.5625,14.71875],"tintindex":0,"rotation":0,"texture":"#0"}}},{"from":[0.5630088,10.410408,-8.977879],"to":[1.6880088,11.816658,-7.5716295],"faces":{"east":{"uv":[0.890625,4.3125,0.984375,4.40625],"tintindex":0,"rotation":0,"texture":"#0"},"south":{"uv":[6.046875,0.671875,6.125,0.765625],"tintindex":0,"rotation":0,"texture":"#0"},"north":{"uv":[6.046875,0.578125,6.125,0.671875],"tintindex":0,"rotation":0,"texture":"#0"},"west":{"uv":[9.578125,8.984375,9.671875,9.078125],"tintindex":0,"rotation":0,"texture":"#0"},"up":{"uv":[3.15625,7.34375,3.078125,7.25],"tintindex":0,"rotation":0,"texture":"#0"},"down":{"uv":[3.15625,7.34375,3.078125,7.4375],"tintindex":0,"rotation":0,"texture":"#0"}}},{"from":[6.236081,9.315336,-10.565069],"to":[14.682017,15.792523,-5.9816303],"faces":{"east":{"uv":[11.65625,13.421875,11.9375,13.828125],"tintindex":0,"rotation":0,"texture":"#0"},"south":{"uv":[12.03125,5.859375,12.5625,6.265625],"tintindex":0,"rotation":0,"texture":"#0"},"north":{"uv":[12.03125,2.59375,12.5625,3.0],"tintindex":0,"rotation":0,"texture":"#0"},"west":{"uv":[13.421875,12.453125,13.703125,12.859375],"tintindex":0,"rotation":0,"texture":"#0"},"up":{"uv":[13.375,11.34375,12.84375,11.0625],"tintindex":0,"rotation":0,"texture":"#0"},"down":{"uv":[13.453125,2.984375,12.921875,3.265625],"tintindex":0,"rotation":0,"texture":"#0"}},"rotation":{"origin":[8.0,11.554488,-5.882724],"angle":-22.5,"axis":"z"}},{"from":[-1.277031,-8.995758,-6.0191307],"to":[7.995781,-3.0979462,-0.12131691],"faces":{"east":{"uv":[2.75,12.984375,3.125,13.359375],"tintindex":0,"rotation":0,"texture":"#0"},"south":{"uv":[11.984375,4.359375,12.5625,4.734375],"tintindex":0,"rotation":0,"texture":"#0"},"north":{"uv":[11.96875,3.15625,12.546875,3.53125],"tintindex":0,"rotation":0,"texture":"#0"},"west":{"uv":[3.734375,12.984375,4.109375,13.359375],"tintindex":0,"rotation":0,"texture":"#0"},"up":{"uv":[12.5625,5.109375,11.984375,4.734375],"tintindex":0,"rotation":0,"texture":"#0"},"down":{"uv":[12.5625,8.59375,11.984375,8.96875],"tintindex":0,"rotation":0,"texture":"#0"}},"rotation":{"origin":[8.0,-8.999977,-0.5389738],"angle":-22.5,"axis":"z"}},{"from":[-5.50375,18.418148,8.279152],"to":[8.00375,26.863148,21.017902],"faces":{"east":{"uv":[8.28125,6.65625,9.078125,7.1875],"tintindex":0,"rotation":0,"texture":"#0"},"south":{"uv":[2.140625,8.171875,2.984375,8.703125],"tintindex":0,"rotation":0,"texture":"#0"},"north":{"uv":[7.578125,7.9375,8.421875,8.46875],"tintindex":0,"rotation":0,"texture":"#0"},"west":{"uv":[8.421875,7.9375,9.21875,8.46875],"tintindex":0,"rotation":0,"texture":"#0"},"up":{"uv":[6.171875,7.234375,5.328125,6.4375],"tintindex":0,"rotation":0,"texture":"#0"},"down":{"uv":[7.015625,6.4375,6.171875,7.234375],"tintindex":0,"rotation":0,"texture":"#0"}},"rotation":{"origin":[8.0,26.859398,13.382902],"angle":22.5,"axis":"z"}},{"from":[7.99625,18.418148,8.279152],"to":[21.50375,26.863148,21.017902],"faces":{"east":{"uv":[8.515625,1.484375,9.3125,2.015625],"tintindex":0,"rotation":0,"texture":"#0"},"south":{"uv":[4.78125,8.28125,5.625,8.8125],"tintindex":0,"rotation":0,"texture":"#0"},"north":{"uv":[8.21875,5.671875,9.0625,6.203125],"tintindex":0,"rotation":0,"texture":"#0"},"west":{"uv":[8.515625,7.1875,9.3125,7.71875],"tintindex":0,"rotation":0,"texture":"#0"},"up":{"uv":[7.375,3.984375,6.53125,3.1875],"tintindex":0,"rotation":0,"texture":"#0"},"down":{"uv":[7.375,3.984375,6.53125,4.78125],"tintindex":0,"rotation":0,"texture":"#0"}},"rotation":{"origin":[8.0,26.859398,13.382902],"angle":-22.5,"axis":"z"}},{"from":[8.000469,-8.99951,-6.0228796],"to":[17.28078,-3.0941963,-0.11756611],"faces":{"east":{"uv":[12.984375,9.890625,13.359375,10.265625],"tintindex":0,"rotation":0,"texture":"#0"},"south":{"uv":[12.0,9.921875,12.578125,10.296875],"tintindex":0,"rotation":0,"texture":"#0"},"north":{"uv":[11.984375,9.546875,12.5625,9.921875],"tintindex":0,"rotation":0,"texture":"#0"},"west":{"uv":[13.0,0.3125,13.375,0.6875],"tintindex":0,"rotation":0,"texture":"#0"},"up":{"uv":[12.578125,10.671875,12.0,10.296875],"tintindex":0,"rotation":0,"texture":"#0"},"down":{"uv":[12.421875,12.015625,11.84375,12.390625],"tintindex":0,"rotation":0,"texture":"#0"}},"rotation":{"origin":[8.0,-8.999977,-0.5389738],"angle":22.5,"axis":"z"}},{"from":[-5.495782,-12.792635,7.4808707],"to":[7.995781,-6.051071,22.659933],"faces":{"east":{"uv":[8.578125,5.203125,9.53125,5.625],"tintindex":0,"rotation":0,"texture":"#0"},"south":{"uv":[9.65625,2.328125,10.5,2.75],"tintindex":0,"rotation":0,"texture":"#0"},"north":{"uv":[9.53125,5.1875,10.375,5.609375],"tintindex":0,"rotation":0,"texture":"#0"},"west":{"uv":[8.859375,0.0,9.8125,0.421875],"tintindex":0,"rotation":0,"texture":"#0"},"up":{"uv":[2.3125,6.15625,1.46875,5.203125],"tintindex":0,"rotation":0,"texture":"#0"},"down":{"uv":[3.15625,5.3125,2.3125,6.265625],"tintindex":0,"rotation":0,"texture":"#0"}},"rotation":{"origin":[8.0,-12.796852,12.961027],"angle":-22.5,"axis":"z"}},{"from":[-2.964532,-11.52701,-0.11288071],"to":[7.995781,-4.785446,8.316183],"faces":{"east":{"uv":[9.765625,11.875,10.296875,12.296875],"tintindex":0,"rotation":0,"texture":"#0"},"south":{"uv":[10.96875,10.296875,11.65625,10.71875],"tintindex":0,"rotation":0,"texture":"#0"},"north":{"uv":[8.828125,10.90625,9.515625,11.328125],"tintindex":0,"rotation":0,"texture":"#0"},"west":{"uv":[7.359375,11.890625,7.890625,12.3125],"tintindex":0,"rotation":0,"texture":"#0"},"up":{"uv":[8.21875,10.375,7.53125,9.84375],"tintindex":0,"rotation":0,"texture":"#0"},"down":{"uv":[9.59375,9.875,8.90625,10.40625],"tintindex":0,"rotation":0,"texture":"#0"}},"rotation":{"origin":[8.0,-11.531227,5.367277],"angle":-22.5,"axis":"z"}},{"from":[1.3179817,9.315336,-10.565069],"to":[9.76392,15.792523,-5.9816303],"faces":{"east":{"uv":[6.765625,13.421875,7.046875,13.828125],"tintindex":0,"rotation":0,"texture":"#0"},"south":{"uv":[12.03125,2.1875,12.5625,2.59375],"tintindex":0,"rotation":0,"texture":"#0"},"north":{"uv":[12.03125,1.78125,12.5625,2.1875],"tintindex":0,"rotation":0,"texture":"#0"},"west":{"uv":[11.375,13.421875,11.65625,13.828125],"tintindex":0,"rotation":0,"texture":"#0"},"up":{"uv":[13.34375,9.25,12.8125,8.96875],"tintindex":0,"rotation":0,"texture":"#0"},"down":{"uv":[8.234375,12.828125,7.703125,13.109375],"tintindex":0,"rotation":0,"texture":"#0"}},"rotation":{"origin":[8.0,11.554488,-5.882724],"angle":22.5,"axis":"z"}},{"from":[1.6212502,-0.13105202,-10.237864],"to":[14.378749,9.999573,-4.325989],"faces":{"east":{"uv":[11.609375,8.890625,11.984375,9.53125],"tintindex":0,"rotation":0,"texture":"#0"},"south":{"uv":[2.140625,7.53125,2.9375,8.171875],"tintindex":0,"rotation":0,"texture":"#0"},"north":{"uv":[7.109375,1.0625,7.90625,1.703125],"tintindex":0,"rotation":0,"texture":"#0"},"west":{"uv":[11.609375,9.53125,11.984375,10.171875],"tintindex":0,"rotation":0,"texture":"#0"},"up":{"uv":[6.265625,11.328125,5.46875,10.953125],"tintindex":0,"rotation":0,"texture":"#0"},"down":{"uv":[11.765625,6.921875,10.96875,7.296875],"tintindex":0,"rotation":0,"texture":"#0"}}},{"from":[1.8870311,-2.667635,-8.128506],"to":[14.112969,11.667679,-1.8088169],"faces":{"east":{"uv":[4.296875,9.96875,4.6875,10.859375],"tintindex":0,"rotation":0,"texture":"#0"},"south":{"uv":[4.5625,5.859375,5.328125,6.75],"tintindex":0,"rotation":0,"texture":"#0"},"north":{"uv":[5.8125,5.546875,6.578125,6.4375],"tintindex":0,"rotation":0,"texture":"#0"},"west":{"uv":[3.21875,9.984375,3.609375,10.875],"tintindex":0,"rotation":0,"texture":"#0"},"up":{"uv":[11.578125,0.8125,10.8125,0.421875],"tintindex":0,"rotation":0,"texture":"#0"},"down":{"uv":[10.859375,10.859375,10.09375,11.25],"tintindex":0,"rotation":0,"texture":"#0"}},"rotation":{"origin":[8.0,5.765647,-11.9296],"angle":22.5,"axis":"x"}},{"from":[14.311991,10.410408,-8.977879],"to":[15.436991,11.816658,-7.5716295],"faces":{"east":{"uv":[0.359375,9.96875,0.453125,10.0625],"tintindex":0,"rotation":0,"texture":"#0"},"south":{"uv":[0.546875,8.640625,0.625,8.734375],"tintindex":0,"rotation":0,"texture":"#0"},"north":{"uv":[1.9375,7.390625,2.015625,7.484375],"tintindex":0,"rotation":0,"texture":"#0"},"west":{"uv":[10.015625,5.953125,10.109375,6.046875],"tintindex":0,"rotation":0,"texture":"#0"},"up":{"uv":[1.375,8.765625,1.296875,8.671875],"tintindex":0,"rotation":0,"texture":"#0"},"down":{"uv":[7.1875,9.84375,7.109375,9.9375],"tintindex":0,"rotation":0,"texture":"#0"}}}],"display":{"head":{"rotation":[0.0,0.0,0.0]},"firstperson_righthand":{"rotation":[0.0,0.0,0.0]},"thirdperson_lefthand":{"rotation":[0.0,-0.0,-0.0]},"firstperson_lefthand":{"rotation":[0.0,-0.0,-0.0]},"fixed":{"rotation":[0.0,0.0,0.0]},"ground":{"rotation":[0.0,0.0,0.0]},"thirdperson_righthand":{"rotation":[0.0,0.0,0.0]},"gui":{"rotation":[-150.0,-75.0,-180.0]}}}