{"textures":{"0":"modelengine:block/iceologer_block"},"elements":[{"from":[0.0,-7.0,-1.0],"to":[15.0,0.0,14.0],"faces":{"east":{"uv":[13.125,11.375,15.0,12.25],"tintindex":0,"rotation":0,"texture":"#0"},"south":{"uv":[13.125,12.25,15.0,13.125],"tintindex":0,"rotation":0,"texture":"#0"},"north":{"uv":[13.125,10.5,15.0,11.375],"tintindex":0,"rotation":0,"texture":"#0"},"west":{"uv":[13.125,13.125,15.0,14.0],"tintindex":0,"rotation":0,"texture":"#0"},"up":{"uv":[11.25,5.625,9.375,3.75],"tintindex":0,"rotation":0,"texture":"#0"},"down":{"uv":[11.25,5.625,9.375,7.5],"tintindex":0,"rotation":0,"texture":"#0"}}},{"from":[0.0,0.0,-1.0],"to":[15.0,14.0,29.0],"faces":{"east":{"uv":[5.625,7.0,9.375,8.75],"tintindex":0,"rotation":0,"texture":"#0"},"south":{"uv":[13.125,1.75,15.0,3.5],"tintindex":0,"rotation":0,"texture":"#0"},"north":{"uv":[13.125,0.0,15.0,1.75],"tintindex":0,"rotation":0,"texture":"#0"},"west":{"uv":[0.0,7.5,3.75,9.25],"tintindex":0,"rotation":0,"texture":"#0"},"up":{"uv":[3.75,7.5,1.875,3.75],"tintindex":0,"rotation":0,"texture":"#0"},"down":{"uv":[5.625,0.0,3.75,3.75],"tintindex":0,"rotation":0,"texture":"#0"}}},{"from":[0.0,-7.0,-16.0],"to":[15.0,7.0,-1.0],"faces":{"east":{"uv":[13.125,5.25,15.0,7.0],"tintindex":0,"rotation":0,"texture":"#0"},"south":{"uv":[13.125,7.0,15.0,8.75],"tintindex":0,"rotation":0,"texture":"#0"},"north":{"uv":[13.125,3.5,15.0,5.25],"tintindex":0,"rotation":0,"texture":"#0"},"west":{"uv":[13.125,8.75,15.0,10.5],"tintindex":0,"rotation":0,"texture":"#0"},"up":{"uv":[11.25,9.375,9.375,7.5],"tintindex":0,"rotation":0,"texture":"#0"},"down":{"uv":[11.25,9.375,9.375,11.25],"tintindex":0,"rotation":0,"texture":"#0"}}}],"display":{"head":{"rotation":[0.0,0.0,0.0]},"firstperson_righthand":{"rotation":[0.0,0.0,0.0]},"thirdperson_lefthand":{"rotation":[0.0,-0.0,-0.0]},"firstperson_lefthand":{"rotation":[0.0,-0.0,-0.0]},"fixed":{"rotation":[0.0,0.0,0.0]},"ground":{"rotation":[0.0,0.0,0.0]},"thirdperson_righthand":{"rotation":[0.0,0.0,0.0]},"gui":{"rotation":[-150.0,-75.0,-180.0]}}}