{"textures":{"0":"modelengine:block/iceologer_block"},"elements":[{"from":[12.0,8.0,1.0],"to":[27.0,22.0,16.0],"faces":{"east":{"uv":[11.25,7.0,13.125,8.75],"tintindex":0,"rotation":0,"texture":"#0"},"south":{"uv":[11.25,8.75,13.125,10.5],"tintindex":0,"rotation":0,"texture":"#0"},"north":{"uv":[11.25,5.25,13.125,7.0],"tintindex":0,"rotation":0,"texture":"#0"},"west":{"uv":[9.375,11.25,11.25,13.0],"tintindex":0,"rotation":0,"texture":"#0"},"up":{"uv":[9.375,10.625,7.5,8.75],"tintindex":0,"rotation":0,"texture":"#0"},"down":{"uv":[1.875,9.25,0.0,11.125],"tintindex":0,"rotation":0,"texture":"#0"}}},{"from":[12.0,-6.0,1.0],"to":[27.0,8.0,31.0],"faces":{"east":{"uv":[5.625,3.5,9.375,5.25],"tintindex":0,"rotation":0,"texture":"#0"},"south":{"uv":[1.875,11.125,3.75,12.875],"tintindex":0,"rotation":0,"texture":"#0"},"north":{"uv":[0.0,11.125,1.875,12.875],"tintindex":0,"rotation":0,"texture":"#0"},"west":{"uv":[5.625,5.25,9.375,7.0],"tintindex":0,"rotation":0,"texture":"#0"},"up":{"uv":[1.875,7.5,0.0,3.75],"tintindex":0,"rotation":0,"texture":"#0"},"down":{"uv":[5.625,0.0,3.75,3.75],"tintindex":0,"rotation":0,"texture":"#0"}}},{"from":[12.0,1.0,-14.0],"to":[27.0,15.0,1.0],"faces":{"east":{"uv":[1.875,12.875,3.75,14.625],"tintindex":0,"rotation":0,"texture":"#0"},"south":{"uv":[3.75,13.0,5.625,14.75],"tintindex":0,"rotation":0,"texture":"#0"},"north":{"uv":[0.0,12.875,1.875,14.625],"tintindex":0,"rotation":0,"texture":"#0"},"west":{"uv":[9.375,13.0,11.25,14.75],"tintindex":0,"rotation":0,"texture":"#0"},"up":{"uv":[11.25,3.75,9.375,1.875],"tintindex":0,"rotation":0,"texture":"#0"},"down":{"uv":[5.625,9.375,3.75,11.25],"tintindex":0,"rotation":0,"texture":"#0"}}}],"display":{"head":{"rotation":[0.0,0.0,0.0]},"firstperson_righthand":{"rotation":[0.0,0.0,0.0]},"thirdperson_lefthand":{"rotation":[0.0,-0.0,-0.0]},"firstperson_lefthand":{"rotation":[0.0,-0.0,-0.0]},"fixed":{"rotation":[0.0,0.0,0.0]},"ground":{"rotation":[0.0,0.0,0.0]},"thirdperson_righthand":{"rotation":[0.0,0.0,0.0]},"gui":{"rotation":[-150.0,-75.0,-180.0]}}}