{"textures":{"0":"modelengine:block/iceologer_block"},"elements":[{"from":[-7.0,7.0,0.0],"to":[8.0,21.0,15.0],"faces":{"east":{"uv":[11.25,1.75,13.125,3.5],"tintindex":0,"rotation":0,"texture":"#0"},"south":{"uv":[11.25,3.5,13.125,5.25],"tintindex":0,"rotation":0,"texture":"#0"},"north":{"uv":[11.25,0.0,13.125,1.75],"tintindex":0,"rotation":0,"texture":"#0"},"west":{"uv":[3.75,11.25,5.625,13.0],"tintindex":0,"rotation":0,"texture":"#0"},"up":{"uv":[5.625,9.375,3.75,7.5],"tintindex":0,"rotation":0,"texture":"#0"},"down":{"uv":[7.5,8.75,5.625,10.625],"tintindex":0,"rotation":0,"texture":"#0"}}},{"from":[-7.0,0.0,-15.0],"to":[8.0,14.0,0.0],"faces":{"east":{"uv":[11.25,12.25,13.125,14.0],"tintindex":0,"rotation":0,"texture":"#0"},"south":{"uv":[5.625,12.375,7.5,14.125],"tintindex":0,"rotation":0,"texture":"#0"},"north":{"uv":[11.25,10.5,13.125,12.25],"tintindex":0,"rotation":0,"texture":"#0"},"west":{"uv":[7.5,12.375,9.375,14.125],"tintindex":0,"rotation":0,"texture":"#0"},"up":{"uv":[3.75,11.125,1.875,9.25],"tintindex":0,"rotation":0,"texture":"#0"},"down":{"uv":[11.25,0.0,9.375,1.875],"tintindex":0,"rotation":0,"texture":"#0"}}},{"from":[-7.0,-7.0,0.0],"to":[8.0,7.0,30.0],"faces":{"east":{"uv":[5.625,0.0,9.375,1.75],"tintindex":0,"rotation":0,"texture":"#0"},"south":{"uv":[7.5,10.625,9.375,12.375],"tintindex":0,"rotation":0,"texture":"#0"},"north":{"uv":[5.625,10.625,7.5,12.375],"tintindex":0,"rotation":0,"texture":"#0"},"west":{"uv":[5.625,1.75,9.375,3.5],"tintindex":0,"rotation":0,"texture":"#0"},"up":{"uv":[1.875,3.75,0.0,0.0],"tintindex":0,"rotation":0,"texture":"#0"},"down":{"uv":[3.75,0.0,1.875,3.75],"tintindex":0,"rotation":0,"texture":"#0"}}}],"display":{"head":{"rotation":[0.0,0.0,0.0]},"firstperson_righthand":{"rotation":[0.0,0.0,0.0]},"thirdperson_lefthand":{"rotation":[0.0,-0.0,-0.0]},"firstperson_lefthand":{"rotation":[0.0,-0.0,-0.0]},"fixed":{"rotation":[0.0,0.0,0.0]},"ground":{"rotation":[0.0,0.0,0.0]},"thirdperson_righthand":{"rotation":[0.0,0.0,0.0]},"gui":{"rotation":[-150.0,-75.0,-180.0]}}}