{"textures":{"0":"modelengine:block/qmob_shulkrab"},"elements":[{"from":[5.5,7.5,-1.0],"to":[10.5,12.5,9.0],"faces":{"east":{"uv":[6.5,3.75,7.75,4.375],"tintindex":0,"rotation":0,"texture":"#0"},"south":{"uv":[7.5,6.875,8.125,7.5],"tintindex":0,"rotation":0,"texture":"#0"},"north":{"uv":[3.0,7.5,3.625,8.125],"tintindex":0,"rotation":0,"texture":"#0"},"west":{"uv":[4.0,6.5,5.25,7.125],"tintindex":0,"rotation":0,"texture":"#0"},"up":{"uv":[7.125,5.625,6.5,4.375],"tintindex":0,"rotation":0,"texture":"#0"},"down":{"uv":[7.125,5.625,6.5,6.875],"tintindex":0,"rotation":0,"texture":"#0"}}}],"display":{"head":{"rotation":[0.0,0.0,0.0]},"firstperson_righthand":{"rotation":[0.0,0.0,0.0]},"thirdperson_lefthand":{"rotation":[0.0,-0.0,-0.0]},"firstperson_lefthand":{"rotation":[0.0,-0.0,-0.0]},"fixed":{"rotation":[0.0,0.0,0.0]},"ground":{"rotation":[0.0,0.0,0.0]},"thirdperson_righthand":{"rotation":[0.0,0.0,0.0]},"gui":{"rotation":[-150.0,-75.0,-180.0]}}}