{"textures":{"0":"modelengine:block/qmob_shulkrab"},"elements":[{"from":[6.2928934,6.0,3.1213207],"to":[10.292893,10.0,9.121321],"faces":{"east":{"uv":[7.75,2.375,8.5,2.875],"tintindex":0,"rotation":0,"texture":"#0"},"south":{"uv":[7.875,5.0,8.375,5.5],"tintindex":0,"rotation":0,"texture":"#0"},"north":{"uv":[4.375,7.875,4.875,8.375],"tintindex":0,"rotation":0,"texture":"#0"},"west":{"uv":[7.75,3.75,8.5,4.25],"tintindex":0,"rotation":0,"texture":"#0"},"up":{"uv":[8.0,8.5,7.5,7.75],"tintindex":0,"rotation":0,"texture":"#0"},"down":{"uv":[0.5,7.875,0.0,8.625],"tintindex":0,"rotation":0,"texture":"#0"}},"rotation":{"origin":[9.292893,6.0,8.121321],"angle":-45.0,"axis":"y"}}],"display":{"head":{"rotation":[0.0,0.0,0.0]},"firstperson_righthand":{"rotation":[0.0,0.0,0.0]},"thirdperson_lefthand":{"rotation":[0.0,-0.0,-0.0]},"firstperson_lefthand":{"rotation":[0.0,-0.0,-0.0]},"fixed":{"rotation":[0.0,0.0,0.0]},"ground":{"rotation":[0.0,0.0,0.0]},"thirdperson_righthand":{"rotation":[0.0,0.0,0.0]},"gui":{"rotation":[-150.0,-75.0,-180.0]}}}