{"textures":{"0":"modelengine:block/qmob_shulkrab"},"elements":[{"from":[5.5,5.5,-2.0],"to":[10.5,8.5,8.0],"faces":{"east":{"uv":[7.375,2.0,8.625,2.375],"tintindex":0,"rotation":0,"texture":"#0"},"south":{"uv":[6.5,8.0,7.125,8.375],"tintindex":0,"rotation":0,"texture":"#0"},"north":{"uv":[7.875,5.5,8.5,5.875],"tintindex":0,"rotation":0,"texture":"#0"},"west":{"uv":[0.0,7.5,1.25,7.875],"tintindex":0,"rotation":0,"texture":"#0"},"up":{"uv":[7.375,1.25,6.75,0.0],"tintindex":0,"rotation":0,"texture":"#0"},"down":{"uv":[7.375,1.25,6.75,2.5],"tintindex":0,"rotation":0,"texture":"#0"}}}],"display":{"head":{"rotation":[0.0,0.0,0.0]},"firstperson_righthand":{"rotation":[0.0,0.0,0.0]},"thirdperson_lefthand":{"rotation":[0.0,-0.0,-0.0]},"firstperson_lefthand":{"rotation":[0.0,-0.0,-0.0]},"fixed":{"rotation":[0.0,0.0,0.0]},"ground":{"rotation":[0.0,0.0,0.0]},"thirdperson_righthand":{"rotation":[0.0,0.0,0.0]},"gui":{"rotation":[-150.0,-75.0,-180.0]}}}