{"textures":{"0":"modelengine:block/qmob_shulkrab"},"elements":[{"from":[3.0,8.0,8.0],"to":[13.0,16.0,8.01],"faces":{"south":{"uv":[5.25,4.75,6.5,5.75],"tintindex":0,"rotation":0,"texture":"#0"},"north":{"uv":[5.25,3.75,6.5,4.75],"tintindex":0,"rotation":0,"texture":"#0"}}}],"display":{"head":{"rotation":[0.0,0.0,0.0]},"firstperson_righthand":{"rotation":[0.0,0.0,0.0]},"thirdperson_lefthand":{"rotation":[0.0,-0.0,-0.0]},"firstperson_lefthand":{"rotation":[0.0,-0.0,-0.0]},"fixed":{"rotation":[0.0,0.0,0.0]},"ground":{"rotation":[0.0,0.0,0.0]},"thirdperson_righthand":{"rotation":[0.0,0.0,0.0]},"gui":{"rotation":[-150.0,-75.0,-180.0]}}}