{"textures":{"0":"modelengine:block/qmob_shulkrab"},"elements":[{"from":[13.404322,1.7758293,6.0],"to":[15.404322,13.775829,10.0],"faces":{"east":{"uv":[2.0,6.75,2.5,8.25],"tintindex":0,"rotation":0,"texture":"#0"},"south":{"uv":[1.75,7.5,2.0,9.0],"tintindex":0,"rotation":0,"texture":"#0"},"north":{"uv":[1.5,7.5,1.75,9.0],"tintindex":0,"rotation":0,"texture":"#0"},"west":{"uv":[2.5,6.75,3.0,8.25],"tintindex":0,"rotation":0,"texture":"#0"},"up":{"uv":[8.75,2.875,8.5,2.375],"tintindex":0,"rotation":0,"texture":"#0"},"down":{"uv":[3.25,8.5,3.0,9.0],"tintindex":0,"rotation":0,"texture":"#0"}},"rotation":{"origin":[14.25,11.0,8.0],"angle":22.5,"axis":"z"}},{"from":[7.154322,6.7758293,7.0],"to":[15.154322,8.775829,9.0],"faces":{"east":{"uv":[7.375,8.5,7.625,8.75],"tintindex":0,"rotation":0,"texture":"#0"},"south":{"uv":[7.875,4.25,8.875,4.5],"tintindex":0,"rotation":0,"texture":"#0"},"north":{"uv":[7.75,2.875,8.75,3.125],"tintindex":0,"rotation":0,"texture":"#0"},"west":{"uv":[7.625,8.5,7.875,8.75],"tintindex":0,"rotation":0,"texture":"#0"},"up":{"uv":[8.875,4.75,7.875,4.5],"tintindex":0,"rotation":0,"texture":"#0"},"down":{"uv":[8.875,4.75,7.875,5.0],"tintindex":0,"rotation":0,"texture":"#0"}},"rotation":{"origin":[8.0,8.0,8.0],"angle":22.5,"axis":"z"}}],"display":{"head":{"rotation":[0.0,0.0,0.0]},"firstperson_righthand":{"rotation":[0.0,0.0,0.0]},"thirdperson_lefthand":{"rotation":[0.0,-0.0,-0.0]},"firstperson_lefthand":{"rotation":[0.0,-0.0,-0.0]},"fixed":{"rotation":[0.0,0.0,0.0]},"ground":{"rotation":[0.0,0.0,0.0]},"thirdperson_righthand":{"rotation":[0.0,0.0,0.0]},"gui":{"rotation":[-150.0,-75.0,-180.0]}}}