{"textures":{"0":"modelengine:block/qmob_shulkrab"},"elements":[{"from":[4.0,5.0,5.0],"to":[12.0,13.0,9.0],"faces":{"east":{"uv":[3.5,2.5,4.0,3.5],"tintindex":0,"rotation":0,"texture":"#0"},"south":{"uv":[1.0,6.5,2.0,7.5],"tintindex":0,"rotation":0,"texture":"#0"},"north":{"uv":[0.0,6.5,1.0,7.5],"tintindex":0,"rotation":0,"texture":"#0"},"west":{"uv":[1.5,5.25,2.0,6.25],"tintindex":0,"rotation":0,"texture":"#0"},"up":{"uv":[6.5,2.5,5.5,2.0],"tintindex":0,"rotation":0,"texture":"#0"},"down":{"uv":[8.125,6.375,7.125,6.875],"tintindex":0,"rotation":0,"texture":"#0"}}}],"display":{"head":{"rotation":[0.0,0.0,0.0]},"firstperson_righthand":{"rotation":[0.0,0.0,0.0]},"thirdperson_lefthand":{"rotation":[0.0,-0.0,-0.0]},"firstperson_lefthand":{"rotation":[0.0,-0.0,-0.0]},"fixed":{"rotation":[0.0,0.0,0.0]},"ground":{"rotation":[0.0,0.0,0.0]},"thirdperson_righthand":{"rotation":[0.0,0.0,0.0]},"gui":{"rotation":[-150.0,-75.0,-180.0]}}}