{"textures":{"0":"modelengine:block/qmob_shulkrab"},"elements":[{"from":[1.8456783,5.7758293,7.0],"to":[9.845678,8.775829,10.0],"faces":{"east":{"uv":[8.5,6.375,8.125,6.75],"tintindex":0,"rotation":0,"texture":"#0"},"south":{"uv":[8.625,1.125,7.625,1.5],"tintindex":0,"rotation":0,"texture":"#0"},"north":{"uv":[8.625,0.75,7.625,1.125],"tintindex":0,"rotation":0,"texture":"#0"},"west":{"uv":[3.375,8.125,3.0,8.5],"tintindex":0,"rotation":0,"texture":"#0"},"up":{"uv":[7.625,1.875,8.625,1.5],"tintindex":0,"rotation":0,"texture":"#0"},"down":{"uv":[6.5,7.625,7.5,8.0],"tintindex":0,"rotation":0,"texture":"#0"}},"rotation":{"origin":[9.0,7.0,8.0],"angle":-22.5,"axis":"z"}},{"from":[1.5956783,0.7758293,6.0],"to":[3.5956783,13.775829,11.0],"faces":{"east":{"uv":[6.5,5.75,5.875,7.375],"tintindex":0,"rotation":0,"texture":"#0"},"south":{"uv":[1.5,7.5,1.25,9.125],"tintindex":0,"rotation":0,"texture":"#0"},"north":{"uv":[6.5,7.375,6.25,9.0],"tintindex":0,"rotation":0,"texture":"#0"},"west":{"uv":[5.875,5.75,5.25,7.375],"tintindex":0,"rotation":0,"texture":"#0"},"up":{"uv":[7.125,8.625,7.375,8.0],"tintindex":0,"rotation":0,"texture":"#0"},"down":{"uv":[8.0,7.75,8.25,8.375],"tintindex":0,"rotation":0,"texture":"#0"}},"rotation":{"origin":[2.75,10.0,8.0],"angle":-22.5,"axis":"z"}}],"display":{"head":{"rotation":[0.0,0.0,0.0]},"firstperson_righthand":{"rotation":[0.0,0.0,0.0]},"thirdperson_lefthand":{"rotation":[0.0,-0.0,-0.0]},"firstperson_lefthand":{"rotation":[0.0,-0.0,-0.0]},"fixed":{"rotation":[0.0,0.0,0.0]},"ground":{"rotation":[0.0,0.0,0.0]},"thirdperson_righthand":{"rotation":[0.0,0.0,0.0]},"gui":{"rotation":[-150.0,-75.0,-180.0]}}}