{"textures":{"0":"modelengine:block/qmob_shulkrab"},"elements":[{"from":[6.154322,5.7758293,7.0],"to":[14.154322,8.775829,10.0],"faces":{"east":{"uv":[3.0,8.125,3.375,8.5],"tintindex":0,"rotation":0,"texture":"#0"},"south":{"uv":[7.625,1.125,8.625,1.5],"tintindex":0,"rotation":0,"texture":"#0"},"north":{"uv":[7.625,0.75,8.625,1.125],"tintindex":0,"rotation":0,"texture":"#0"},"west":{"uv":[8.125,6.375,8.5,6.75],"tintindex":0,"rotation":0,"texture":"#0"},"up":{"uv":[8.625,1.875,7.625,1.5],"tintindex":0,"rotation":0,"texture":"#0"},"down":{"uv":[7.5,7.625,6.5,8.0],"tintindex":0,"rotation":0,"texture":"#0"}},"rotation":{"origin":[7.0,7.0,8.0],"angle":22.5,"axis":"z"}},{"from":[12.404322,0.7758293,6.0],"to":[14.404322,13.775829,11.0],"faces":{"east":{"uv":[5.25,5.75,5.875,7.375],"tintindex":0,"rotation":0,"texture":"#0"},"south":{"uv":[1.25,7.5,1.5,9.125],"tintindex":0,"rotation":0,"texture":"#0"},"north":{"uv":[6.25,7.375,6.5,9.0],"tintindex":0,"rotation":0,"texture":"#0"},"west":{"uv":[5.875,5.75,6.5,7.375],"tintindex":0,"rotation":0,"texture":"#0"},"up":{"uv":[7.375,8.625,7.125,8.0],"tintindex":0,"rotation":0,"texture":"#0"},"down":{"uv":[8.25,7.75,8.0,8.375],"tintindex":0,"rotation":0,"texture":"#0"}},"rotation":{"origin":[13.25,10.0,8.0],"angle":22.5,"axis":"z"}}],"display":{"head":{"rotation":[0.0,0.0,0.0]},"firstperson_righthand":{"rotation":[0.0,0.0,0.0]},"thirdperson_lefthand":{"rotation":[0.0,-0.0,-0.0]},"firstperson_lefthand":{"rotation":[0.0,-0.0,-0.0]},"fixed":{"rotation":[0.0,0.0,0.0]},"ground":{"rotation":[0.0,0.0,0.0]},"thirdperson_righthand":{"rotation":[0.0,0.0,0.0]},"gui":{"rotation":[-150.0,-75.0,-180.0]}}}