{"textures":{"0":"modelengine:block/qmob_shulkrab"},"elements":[{"from":[0.0,17.588234,0.0],"to":[16.0,19.588234,16.0],"faces":{"east":{"uv":[6.75,3.5,8.75,3.75],"tintindex":0,"rotation":0,"texture":"#0"},"south":{"uv":[7.125,5.875,9.125,6.125],"tintindex":0,"rotation":0,"texture":"#0"},"north":{"uv":[6.75,3.25,8.75,3.5],"tintindex":0,"rotation":0,"texture":"#0"},"west":{"uv":[7.125,6.125,9.125,6.375],"tintindex":0,"rotation":0,"texture":"#0"},"up":{"uv":[2.0,2.0,0.0,0.0],"tintindex":0,"rotation":0,"texture":"#0"},"down":{"uv":[2.0,2.0,0.0,4.0],"tintindex":0,"rotation":0,"texture":"#0"}}},{"from":[14.0,3.588235,14.0],"to":[16.0,7.588235,16.0],"faces":{"east":{"uv":[3.375,8.125,3.625,8.625],"tintindex":0,"rotation":0,"texture":"#0"},"south":{"uv":[8.125,6.75,8.375,7.25],"tintindex":0,"rotation":0,"texture":"#0"},"north":{"uv":[6.5,2.0,6.75,2.5],"tintindex":0,"rotation":0,"texture":"#0"},"west":{"uv":[2.0,8.25,2.25,8.75],"tintindex":0,"rotation":0,"texture":"#0"},"up":{"uv":[1.75,6.5,1.5,6.25],"tintindex":0,"rotation":0,"texture":"#0"},"down":{"uv":[2.0,6.25,1.75,6.5],"tintindex":0,"rotation":0,"texture":"#0"}}},{"from":[2.0,7.588235,0.0],"to":[14.0,17.588234,2.0],"faces":{"east":{"uv":[0.75,7.875,1.0,9.125],"tintindex":0,"rotation":0,"texture":"#0"},"south":{"uv":[5.25,2.5,6.75,3.75],"tintindex":0,"rotation":0,"texture":"#0"},"north":{"uv":[0.0,5.25,1.5,6.5],"tintindex":0,"rotation":0,"texture":"#0"},"west":{"uv":[1.0,7.875,1.25,9.125],"tintindex":0,"rotation":0,"texture":"#0"},"up":{"uv":[9.125,0.5,7.625,0.25],"tintindex":0,"rotation":0,"texture":"#0"},"down":{"uv":[9.125,0.5,7.625,0.75],"tintindex":0,"rotation":0,"texture":"#0"}}},{"from":[14.0,7.588235,0.0],"to":[16.0,17.588234,16.0],"faces":{"east":{"uv":[3.5,0.0,5.5,1.25],"tintindex":0,"rotation":0,"texture":"#0"},"south":{"uv":[0.5,7.875,0.75,9.125],"tintindex":0,"rotation":0,"texture":"#0"},"north":{"uv":[3.625,7.5,3.875,8.75],"tintindex":0,"rotation":0,"texture":"#0"},"west":{"uv":[3.5,1.25,5.5,2.5],"tintindex":0,"rotation":0,"texture":"#0"},"up":{"uv":[5.25,9.125,5.0,7.125],"tintindex":0,"rotation":0,"texture":"#0"},"down":{"uv":[7.625,0.0,7.375,2.0],"tintindex":0,"rotation":0,"texture":"#0"}}},{"from":[0.0,7.588235,0.0],"to":[2.0,17.588234,16.0],"faces":{"east":{"uv":[2.0,3.5,4.0,4.75],"tintindex":0,"rotation":0,"texture":"#0"},"south":{"uv":[4.125,7.875,4.375,9.125],"tintindex":0,"rotation":0,"texture":"#0"},"north":{"uv":[3.875,7.875,4.125,9.125],"tintindex":0,"rotation":0,"texture":"#0"},"west":{"uv":[0.0,4.0,2.0,5.25],"tintindex":0,"rotation":0,"texture":"#0"},"up":{"uv":[5.5,9.375,5.25,7.375],"tintindex":0,"rotation":0,"texture":"#0"},"down":{"uv":[5.75,7.375,5.5,9.375],"tintindex":0,"rotation":0,"texture":"#0"}}},{"from":[2.0,3.588235,14.0],"to":[14.0,17.588234,16.0],"faces":{"east":{"uv":[5.75,7.375,6.0,9.125],"tintindex":0,"rotation":0,"texture":"#0"},"south":{"uv":[2.0,1.75,3.5,3.5],"tintindex":0,"rotation":0,"texture":"#0"},"north":{"uv":[2.0,0.0,3.5,1.75],"tintindex":0,"rotation":0,"texture":"#0"},"west":{"uv":[6.0,7.375,6.25,9.125],"tintindex":0,"rotation":0,"texture":"#0"},"up":{"uv":[9.0,7.75,7.5,7.5],"tintindex":0,"rotation":0,"texture":"#0"},"down":{"uv":[9.125,0.0,7.625,0.25],"tintindex":0,"rotation":0,"texture":"#0"}}},{"from":[14.0,3.588235,12.0],"to":[16.0,7.588235,14.0],"faces":{"east":{"uv":[4.375,8.375,4.625,8.875],"tintindex":0,"rotation":0,"texture":"#0"},"south":{"uv":[4.625,8.375,4.875,8.875],"tintindex":0,"rotation":0,"texture":"#0"},"north":{"uv":[8.25,8.25,8.5,8.75],"tintindex":0,"rotation":0,"texture":"#0"},"west":{"uv":[8.375,5.0,8.625,5.5],"tintindex":0,"rotation":0,"texture":"#0"},"up":{"uv":[8.75,4.0,8.5,3.75],"tintindex":0,"rotation":0,"texture":"#0"},"down":{"uv":[8.75,4.0,8.5,4.25],"tintindex":0,"rotation":0,"texture":"#0"}}},{"from":[0.0,3.588235,12.0],"to":[2.0,7.588235,14.0],"faces":{"east":{"uv":[6.75,8.375,7.0,8.875],"tintindex":0,"rotation":0,"texture":"#0"},"south":{"uv":[8.375,6.75,8.625,7.25],"tintindex":0,"rotation":0,"texture":"#0"},"north":{"uv":[6.5,8.375,6.75,8.875],"tintindex":0,"rotation":0,"texture":"#0"},"west":{"uv":[8.0,8.375,8.25,8.875],"tintindex":0,"rotation":0,"texture":"#0"},"up":{"uv":[8.75,5.75,8.5,5.5],"tintindex":0,"rotation":0,"texture":"#0"},"down":{"uv":[8.75,6.375,8.5,6.625],"tintindex":0,"rotation":0,"texture":"#0"}}},{"from":[0.0,3.588235,14.0],"to":[2.0,7.588235,16.0],"faces":{"east":{"uv":[2.5,8.25,2.75,8.75],"tintindex":0,"rotation":0,"texture":"#0"},"south":{"uv":[2.75,8.25,3.0,8.75],"tintindex":0,"rotation":0,"texture":"#0"},"north":{"uv":[2.25,8.25,2.5,8.75],"tintindex":0,"rotation":0,"texture":"#0"},"west":{"uv":[8.25,7.75,8.5,8.25],"tintindex":0,"rotation":0,"texture":"#0"},"up":{"uv":[8.375,7.5,8.125,7.25],"tintindex":0,"rotation":0,"texture":"#0"},"down":{"uv":[8.625,7.25,8.375,7.5],"tintindex":0,"rotation":0,"texture":"#0"}}}],"display":{"head":{"rotation":[0.0,0.0,0.0]},"firstperson_righthand":{"rotation":[0.0,0.0,0.0]},"thirdperson_lefthand":{"rotation":[0.0,-0.0,-0.0]},"firstperson_lefthand":{"rotation":[0.0,-0.0,-0.0]},"fixed":{"rotation":[0.0,0.0,0.0]},"ground":{"rotation":[0.0,0.0,0.0]},"thirdperson_righthand":{"rotation":[0.0,0.0,0.0]},"gui":{"rotation":[-150.0,-75.0,-180.0]}}}