{"textures":{"0":"modelengine:block/qmob_shulkrab"},"elements":[{"from":[3.0,4.5,8.0],"to":[13.0,20.5,16.0],"faces":{"east":{"uv":[2.0,4.75,3.0,6.75],"tintindex":0,"rotation":0,"texture":"#0"},"south":{"uv":[4.0,4.5,5.25,6.5],"tintindex":0,"rotation":0,"texture":"#0"},"north":{"uv":[4.0,2.5,5.25,4.5],"tintindex":0,"rotation":0,"texture":"#0"},"west":{"uv":[3.0,4.75,4.0,6.75],"tintindex":0,"rotation":0,"texture":"#0"},"up":{"uv":[6.75,1.0,5.5,0.0],"tintindex":0,"rotation":0,"texture":"#0"},"down":{"uv":[6.75,1.0,5.5,2.0],"tintindex":0,"rotation":0,"texture":"#0"}}},{"from":[4.0,4.5,2.0],"to":[12.0,10.5,8.0],"faces":{"east":{"uv":[7.125,4.375,7.875,5.125],"tintindex":0,"rotation":0,"texture":"#0"},"south":{"uv":[3.0,6.75,4.0,7.5],"tintindex":0,"rotation":0,"texture":"#0"},"north":{"uv":[6.75,2.5,7.75,3.25],"tintindex":0,"rotation":0,"texture":"#0"},"west":{"uv":[7.125,5.125,7.875,5.875],"tintindex":0,"rotation":0,"texture":"#0"},"up":{"uv":[7.5,7.625,6.5,6.875],"tintindex":0,"rotation":0,"texture":"#0"},"down":{"uv":[5.0,7.125,4.0,7.875],"tintindex":0,"rotation":0,"texture":"#0"}}}],"display":{"head":{"rotation":[0.0,0.0,0.0]},"firstperson_righthand":{"rotation":[0.0,0.0,0.0]},"thirdperson_lefthand":{"rotation":[0.0,-0.0,-0.0]},"firstperson_lefthand":{"rotation":[0.0,-0.0,-0.0]},"fixed":{"rotation":[0.0,0.0,0.0]},"ground":{"rotation":[0.0,0.0,0.0]},"thirdperson_righthand":{"rotation":[0.0,0.0,0.0]},"gui":{"rotation":[-150.0,-75.0,-180.0]}}}