{"textures":{"0":"modelengine:block/skr_witherbone"},"elements":[{"from":[9.0,11.0,6.0],"to":[11.0,12.0,7.0],"faces":{"east":{"uv":[10.25,8.0,10.5,8.25],"tintindex":0,"rotation":0,"texture":"#0"},"south":{"uv":[4.25,9.75,4.75,10.0],"tintindex":0,"rotation":0,"texture":"#0"},"north":{"uv":[9.75,4.0,10.25,4.25],"tintindex":0,"rotation":0,"texture":"#0"},"west":{"uv":[8.25,10.25,8.5,10.5],"tintindex":0,"rotation":0,"texture":"#0"},"up":{"uv":[10.25,4.5,9.75,4.25],"tintindex":0,"rotation":0,"texture":"#0"},"down":{"uv":[10.25,4.5,9.75,4.75],"tintindex":0,"rotation":0,"texture":"#0"}}},{"from":[4.0,0.0,6.0],"to":[12.0,1.0,10.0],"faces":{"east":{"uv":[8.75,3.75,9.75,4.0],"tintindex":0,"rotation":0,"texture":"#0"},"south":{"uv":[7.75,3.0,9.75,3.25],"tintindex":0,"rotation":0,"texture":"#0"},"north":{"uv":[7.75,2.75,9.75,3.0],"tintindex":0,"rotation":0,"texture":"#0"},"west":{"uv":[8.75,4.0,9.75,4.25],"tintindex":0,"rotation":0,"texture":"#0"},"up":{"uv":[5.5,6.25,3.5,5.25],"tintindex":0,"rotation":0,"texture":"#0"},"down":{"uv":[2.0,5.5,0.0,6.5],"tintindex":0,"rotation":0,"texture":"#0"}}},{"from":[9.0,8.0,9.0],"to":[12.0,9.0,10.0],"faces":{"east":{"uv":[10.5,5.25,10.75,5.5],"tintindex":0,"rotation":0,"texture":"#0"},"south":{"uv":[9.75,1.0,10.5,1.25],"tintindex":0,"rotation":0,"texture":"#0"},"north":{"uv":[9.75,0.75,10.5,1.0],"tintindex":0,"rotation":0,"texture":"#0"},"west":{"uv":[10.5,5.5,10.75,5.75],"tintindex":0,"rotation":0,"texture":"#0"},"up":{"uv":[10.5,1.5,9.75,1.25],"tintindex":0,"rotation":0,"texture":"#0"},"down":{"uv":[10.5,1.5,9.75,1.75],"tintindex":0,"rotation":0,"texture":"#0"}}},{"from":[4.0,8.0,7.0],"to":[5.0,9.0,9.0],"faces":{"east":{"uv":[7.75,10.0,8.25,10.25],"tintindex":0,"rotation":0,"texture":"#0"},"south":{"uv":[6.5,10.5,6.75,10.75],"tintindex":0,"rotation":0,"texture":"#0"},"north":{"uv":[10.5,6.25,10.75,6.5],"tintindex":0,"rotation":0,"texture":"#0"},"west":{"uv":[8.25,10.0,8.75,10.25],"tintindex":0,"rotation":0,"texture":"#0"},"up":{"uv":[9.0,10.5,8.75,10.0],"tintindex":0,"rotation":0,"texture":"#0"},"down":{"uv":[10.25,8.75,10.0,9.25],"tintindex":0,"rotation":0,"texture":"#0"}}},{"from":[4.0,12.0,6.0],"to":[6.0,13.0,7.0],"faces":{"east":{"uv":[10.25,8.25,10.5,8.5],"tintindex":0,"rotation":0,"texture":"#0"},"south":{"uv":[9.75,4.75,10.25,5.0],"tintindex":0,"rotation":0,"texture":"#0"},"north":{"uv":[4.75,9.75,5.25,10.0],"tintindex":0,"rotation":0,"texture":"#0"},"west":{"uv":[8.5,10.25,8.75,10.5],"tintindex":0,"rotation":0,"texture":"#0"},"up":{"uv":[10.25,5.25,9.75,5.0],"tintindex":0,"rotation":0,"texture":"#0"},"down":{"uv":[7.25,9.75,6.75,10.0],"tintindex":0,"rotation":0,"texture":"#0"}}},{"from":[7.0,7.0,6.0],"to":[9.0,8.0,7.0],"faces":{"east":{"uv":[9.75,10.25,10.0,10.5],"tintindex":0,"rotation":0,"texture":"#0"},"south":{"uv":[8.75,9.75,9.25,10.0],"tintindex":0,"rotation":0,"texture":"#0"},"north":{"uv":[8.25,9.75,8.75,10.0],"tintindex":0,"rotation":0,"texture":"#0"},"west":{"uv":[10.25,9.75,10.5,10.0],"tintindex":0,"rotation":0,"texture":"#0"},"up":{"uv":[9.75,10.0,9.25,9.75],"tintindex":0,"rotation":0,"texture":"#0"},"down":{"uv":[10.25,9.75,9.75,10.0],"tintindex":0,"rotation":0,"texture":"#0"}}},{"from":[11.0,8.0,7.0],"to":[12.0,9.0,9.0],"faces":{"east":{"uv":[9.0,10.0,9.5,10.25],"tintindex":0,"rotation":0,"texture":"#0"},"south":{"uv":[10.5,6.75,10.75,7.0],"tintindex":0,"rotation":0,"texture":"#0"},"north":{"uv":[10.5,6.5,10.75,6.75],"tintindex":0,"rotation":0,"texture":"#0"},"west":{"uv":[9.5,10.0,10.0,10.25],"tintindex":0,"rotation":0,"texture":"#0"},"up":{"uv":[10.25,10.5,10.0,10.0],"tintindex":0,"rotation":0,"texture":"#0"},"down":{"uv":[0.25,10.25,0.0,10.75],"tintindex":0,"rotation":0,"texture":"#0"}}},{"from":[11.0,1.0,7.0],"to":[12.0,2.0,9.0],"faces":{"east":{"uv":[3.75,10.25,4.25,10.5],"tintindex":0,"rotation":0,"texture":"#0"},"south":{"uv":[10.5,8.75,10.75,9.0],"tintindex":0,"rotation":0,"texture":"#0"},"north":{"uv":[8.75,10.5,9.0,10.75],"tintindex":0,"rotation":0,"texture":"#0"},"west":{"uv":[10.25,3.75,10.75,4.0],"tintindex":0,"rotation":0,"texture":"#0"},"up":{"uv":[10.5,4.5,10.25,4.0],"tintindex":0,"rotation":0,"texture":"#0"},"down":{"uv":[4.5,10.25,4.25,10.75],"tintindex":0,"rotation":0,"texture":"#0"}}},{"from":[10.0,12.0,6.0],"to":[12.0,13.0,7.0],"faces":{"east":{"uv":[5.25,9.75,5.5,10.0],"tintindex":0,"rotation":0,"texture":"#0"},"south":{"uv":[7.5,9.5,8.0,9.75],"tintindex":0,"rotation":0,"texture":"#0"},"north":{"uv":[3.5,5.0,4.0,5.25],"tintindex":0,"rotation":0,"texture":"#0"},"west":{"uv":[8.0,10.25,8.25,10.5],"tintindex":0,"rotation":0,"texture":"#0"},"up":{"uv":[10.25,3.75,9.75,3.5],"tintindex":0,"rotation":0,"texture":"#0"},"down":{"uv":[10.25,3.75,9.75,4.0],"tintindex":0,"rotation":0,"texture":"#0"}}},{"from":[11.0,8.0,6.0],"to":[12.0,9.0,7.0],"faces":{"east":{"uv":[10.25,10.25,10.5,10.5],"tintindex":0,"rotation":0,"texture":"#0"},"south":{"uv":[10.5,0.0,10.75,0.25],"tintindex":0,"rotation":0,"texture":"#0"},"north":{"uv":[10.25,10.0,10.5,10.25],"tintindex":0,"rotation":0,"texture":"#0"},"west":{"uv":[0.25,10.5,0.5,10.75],"tintindex":0,"rotation":0,"texture":"#0"},"up":{"uv":[10.75,0.5,10.5,0.25],"tintindex":0,"rotation":0,"texture":"#0"},"down":{"uv":[0.75,10.5,0.5,10.75],"tintindex":0,"rotation":0,"texture":"#0"}}},{"from":[4.0,10.0,6.0],"to":[12.0,11.0,7.0],"faces":{"east":{"uv":[9.0,10.25,9.25,10.5],"tintindex":0,"rotation":0,"texture":"#0"},"south":{"uv":[7.75,0.0,9.75,0.25],"tintindex":0,"rotation":0,"texture":"#0"},"north":{"uv":[6.0,7.5,8.0,7.75],"tintindex":0,"rotation":0,"texture":"#0"},"west":{"uv":[10.25,9.0,10.5,9.25],"tintindex":0,"rotation":0,"texture":"#0"},"up":{"uv":[9.75,0.5,7.75,0.25],"tintindex":0,"rotation":0,"texture":"#0"},"down":{"uv":[9.75,0.5,7.75,0.75],"tintindex":0,"rotation":0,"texture":"#0"}}},{"from":[11.0,10.0,7.0],"to":[12.0,11.0,9.0],"faces":{"east":{"uv":[10.0,5.25,10.5,5.5],"tintindex":0,"rotation":0,"texture":"#0"},"south":{"uv":[6.0,10.5,6.25,10.75],"tintindex":0,"rotation":0,"texture":"#0"},"north":{"uv":[10.5,5.75,10.75,6.0],"tintindex":0,"rotation":0,"texture":"#0"},"west":{"uv":[10.0,5.5,10.5,5.75],"tintindex":0,"rotation":0,"texture":"#0"},"up":{"uv":[6.5,10.5,6.25,10.0],"tintindex":0,"rotation":0,"texture":"#0"},"down":{"uv":[6.75,10.0,6.5,10.5],"tintindex":0,"rotation":0,"texture":"#0"}}},{"from":[9.0,6.0,6.0],"to":[11.0,7.0,7.0],"faces":{"east":{"uv":[10.5,3.25,10.75,3.5],"tintindex":0,"rotation":0,"texture":"#0"},"south":{"uv":[0.5,10.0,1.0,10.25],"tintindex":0,"rotation":0,"texture":"#0"},"north":{"uv":[0.0,10.0,0.5,10.25],"tintindex":0,"rotation":0,"texture":"#0"},"west":{"uv":[3.5,10.5,3.75,10.75],"tintindex":0,"rotation":0,"texture":"#0"},"up":{"uv":[1.5,10.25,1.0,10.0],"tintindex":0,"rotation":0,"texture":"#0"},"down":{"uv":[2.0,10.0,1.5,10.25],"tintindex":0,"rotation":0,"texture":"#0"}}},{"from":[4.0,12.0,7.0],"to":[5.0,13.0,9.0],"faces":{"east":{"uv":[0.25,10.25,0.75,10.5],"tintindex":0,"rotation":0,"texture":"#0"},"south":{"uv":[7.5,10.5,7.75,10.75],"tintindex":0,"rotation":0,"texture":"#0"},"north":{"uv":[10.5,7.25,10.75,7.5],"tintindex":0,"rotation":0,"texture":"#0"},"west":{"uv":[0.75,10.25,1.25,10.5],"tintindex":0,"rotation":0,"texture":"#0"},"up":{"uv":[1.5,10.75,1.25,10.25],"tintindex":0,"rotation":0,"texture":"#0"},"down":{"uv":[1.75,10.25,1.5,10.75],"tintindex":0,"rotation":0,"texture":"#0"}}},{"from":[9.0,12.0,9.0],"to":[12.0,13.0,10.0],"faces":{"east":{"uv":[8.0,10.5,8.25,10.75],"tintindex":0,"rotation":0,"texture":"#0"},"south":{"uv":[9.75,3.0,10.5,3.25],"tintindex":0,"rotation":0,"texture":"#0"},"north":{"uv":[9.75,2.75,10.5,3.0],"tintindex":0,"rotation":0,"texture":"#0"},"west":{"uv":[10.5,8.0,10.75,8.25],"tintindex":0,"rotation":0,"texture":"#0"},"up":{"uv":[10.5,3.5,9.75,3.25],"tintindex":0,"rotation":0,"texture":"#0"},"down":{"uv":[4.25,9.75,3.5,10.0],"tintindex":0,"rotation":0,"texture":"#0"}}},{"from":[9.0,10.0,9.0],"to":[12.0,11.0,10.0],"faces":{"east":{"uv":[10.5,4.75,10.75,5.0],"tintindex":0,"rotation":0,"texture":"#0"},"south":{"uv":[9.75,0.0,10.5,0.25],"tintindex":0,"rotation":0,"texture":"#0"},"north":{"uv":[9.5,9.5,10.25,9.75],"tintindex":0,"rotation":0,"texture":"#0"},"west":{"uv":[10.5,5.0,10.75,5.25],"tintindex":0,"rotation":0,"texture":"#0"},"up":{"uv":[10.5,0.5,9.75,0.25],"tintindex":0,"rotation":0,"texture":"#0"},"down":{"uv":[10.5,0.5,9.75,0.75],"tintindex":0,"rotation":0,"texture":"#0"}}},{"from":[4.0,1.0,6.0],"to":[12.0,2.0,7.0],"faces":{"east":{"uv":[8.5,10.5,8.75,10.75],"tintindex":0,"rotation":0,"texture":"#0"},"south":{"uv":[7.75,2.0,9.75,2.25],"tintindex":0,"rotation":0,"texture":"#0"},"north":{"uv":[7.75,1.75,9.75,2.0],"tintindex":0,"rotation":0,"texture":"#0"},"west":{"uv":[10.5,8.5,10.75,8.75],"tintindex":0,"rotation":0,"texture":"#0"},"up":{"uv":[9.75,2.5,7.75,2.25],"tintindex":0,"rotation":0,"texture":"#0"},"down":{"uv":[9.75,2.5,7.75,2.75],"tintindex":0,"rotation":0,"texture":"#0"}}},{"from":[5.0,7.0,6.0],"to":[6.0,8.0,7.0],"faces":{"east":{"uv":[1.75,10.5,2.0,10.75],"tintindex":0,"rotation":0,"texture":"#0"},"south":{"uv":[10.5,1.75,10.75,2.0],"tintindex":0,"rotation":0,"texture":"#0"},"north":{"uv":[10.5,1.5,10.75,1.75],"tintindex":0,"rotation":0,"texture":"#0"},"west":{"uv":[2.0,10.5,2.25,10.75],"tintindex":0,"rotation":0,"texture":"#0"},"up":{"uv":[10.75,2.25,10.5,2.0],"tintindex":0,"rotation":0,"texture":"#0"},"down":{"uv":[2.5,10.5,2.25,10.75],"tintindex":0,"rotation":0,"texture":"#0"}}},{"from":[5.0,11.0,6.0],"to":[7.0,12.0,7.0],"faces":{"east":{"uv":[10.25,8.5,10.5,8.75],"tintindex":0,"rotation":0,"texture":"#0"},"south":{"uv":[7.25,9.75,7.75,10.0],"tintindex":0,"rotation":0,"texture":"#0"},"north":{"uv":[9.75,7.0,10.25,7.25],"tintindex":0,"rotation":0,"texture":"#0"},"west":{"uv":[10.25,8.75,10.5,9.0],"tintindex":0,"rotation":0,"texture":"#0"},"up":{"uv":[10.25,7.5,9.75,7.25],"tintindex":0,"rotation":0,"texture":"#0"},"down":{"uv":[8.25,9.75,7.75,10.0],"tintindex":0,"rotation":0,"texture":"#0"}}},{"from":[6.0,8.0,6.0],"to":[10.0,9.0,7.0],"faces":{"east":{"uv":[9.5,10.25,9.75,10.5],"tintindex":0,"rotation":0,"texture":"#0"},"south":{"uv":[8.0,8.5,9.0,8.75],"tintindex":0,"rotation":0,"texture":"#0"},"north":{"uv":[8.0,8.25,9.0,8.5],"tintindex":0,"rotation":0,"texture":"#0"},"west":{"uv":[10.25,9.5,10.5,9.75],"tintindex":0,"rotation":0,"texture":"#0"},"up":{"uv":[9.75,3.5,8.75,3.25],"tintindex":0,"rotation":0,"texture":"#0"},"down":{"uv":[9.75,3.5,8.75,3.75],"tintindex":0,"rotation":0,"texture":"#0"}}},{"from":[4.0,10.0,9.0],"to":[7.0,11.0,10.0],"faces":{"east":{"uv":[4.5,10.5,4.75,10.75],"tintindex":0,"rotation":0,"texture":"#0"},"south":{"uv":[9.5,8.25,10.25,8.5],"tintindex":0,"rotation":0,"texture":"#0"},"north":{"uv":[9.5,8.0,10.25,8.25],"tintindex":0,"rotation":0,"texture":"#0"},"west":{"uv":[4.75,10.5,5.0,10.75],"tintindex":0,"rotation":0,"texture":"#0"},"up":{"uv":[10.25,8.75,9.5,8.5],"tintindex":0,"rotation":0,"texture":"#0"},"down":{"uv":[10.25,9.25,9.5,9.5],"tintindex":0,"rotation":0,"texture":"#0"}}},{"from":[5.0,6.0,6.0],"to":[7.0,7.0,7.0],"faces":{"east":{"uv":[3.75,10.5,4.0,10.75],"tintindex":0,"rotation":0,"texture":"#0"},"south":{"uv":[4.0,10.0,4.5,10.25],"tintindex":0,"rotation":0,"texture":"#0"},"north":{"uv":[3.5,10.0,4.0,10.25],"tintindex":0,"rotation":0,"texture":"#0"},"west":{"uv":[4.0,10.5,4.25,10.75],"tintindex":0,"rotation":0,"texture":"#0"},"up":{"uv":[5.0,10.25,4.5,10.0],"tintindex":0,"rotation":0,"texture":"#0"},"down":{"uv":[5.5,10.0,5.0,10.25],"tintindex":0,"rotation":0,"texture":"#0"}}},{"from":[4.0,8.0,9.0],"to":[7.0,9.0,10.0],"faces":{"east":{"uv":[10.5,4.0,10.75,4.25],"tintindex":0,"rotation":0,"texture":"#0"},"south":{"uv":[6.75,9.5,7.5,9.75],"tintindex":0,"rotation":0,"texture":"#0"},"north":{"uv":[9.25,6.25,10.0,6.5],"tintindex":0,"rotation":0,"texture":"#0"},"west":{"uv":[10.5,4.25,10.75,4.5],"tintindex":0,"rotation":0,"texture":"#0"},"up":{"uv":[10.25,7.75,9.5,7.5],"tintindex":0,"rotation":0,"texture":"#0"},"down":{"uv":[10.25,7.75,9.5,8.0],"tintindex":0,"rotation":0,"texture":"#0"}}},{"from":[4.0,8.0,6.0],"to":[5.0,9.0,7.0],"faces":{"east":{"uv":[0.75,10.5,1.0,10.75],"tintindex":0,"rotation":0,"texture":"#0"},"south":{"uv":[10.5,0.75,10.75,1.0],"tintindex":0,"rotation":0,"texture":"#0"},"north":{"uv":[10.5,0.5,10.75,0.75],"tintindex":0,"rotation":0,"texture":"#0"},"west":{"uv":[1.0,10.5,1.25,10.75],"tintindex":0,"rotation":0,"texture":"#0"},"up":{"uv":[10.75,1.25,10.5,1.0],"tintindex":0,"rotation":0,"texture":"#0"},"down":{"uv":[10.75,1.25,10.5,1.5],"tintindex":0,"rotation":0,"texture":"#0"}}},{"from":[4.0,1.0,7.0],"to":[5.0,2.0,9.0],"faces":{"east":{"uv":[4.5,10.25,5.0,10.5],"tintindex":0,"rotation":0,"texture":"#0"},"south":{"uv":[10.5,9.0,10.75,9.25],"tintindex":0,"rotation":0,"texture":"#0"},"north":{"uv":[9.0,10.5,9.25,10.75],"tintindex":0,"rotation":0,"texture":"#0"},"west":{"uv":[10.25,4.5,10.75,4.75],"tintindex":0,"rotation":0,"texture":"#0"},"up":{"uv":[10.5,5.25,10.25,4.75],"tintindex":0,"rotation":0,"texture":"#0"},"down":{"uv":[5.25,10.25,5.0,10.75],"tintindex":0,"rotation":0,"texture":"#0"}}},{"from":[4.0,12.0,9.0],"to":[7.0,13.0,10.0],"faces":{"east":{"uv":[10.5,7.0,10.75,7.25],"tintindex":0,"rotation":0,"texture":"#0"},"south":{"uv":[9.75,2.0,10.5,2.25],"tintindex":0,"rotation":0,"texture":"#0"},"north":{"uv":[9.75,1.75,10.5,2.0],"tintindex":0,"rotation":0,"texture":"#0"},"west":{"uv":[7.25,10.5,7.5,10.75],"tintindex":0,"rotation":0,"texture":"#0"},"up":{"uv":[10.5,2.5,9.75,2.25],"tintindex":0,"rotation":0,"texture":"#0"},"down":{"uv":[10.5,2.5,9.75,2.75],"tintindex":0,"rotation":0,"texture":"#0"}}},{"from":[7.0,2.0,9.0],"to":[9.0,15.0,10.0],"faces":{"east":{"uv":[7.5,0.0,7.75,3.25],"tintindex":0,"rotation":0,"texture":"#0"},"south":{"uv":[7.0,3.25,7.5,6.5],"tintindex":0,"rotation":0,"texture":"#0"},"north":{"uv":[7.0,0.0,7.5,3.25],"tintindex":0,"rotation":0,"texture":"#0"},"west":{"uv":[7.5,3.25,7.75,6.5],"tintindex":0,"rotation":0,"texture":"#0"},"up":{"uv":[3.75,10.5,3.25,10.25],"tintindex":0,"rotation":0,"texture":"#0"},"down":{"uv":[10.75,3.5,10.25,3.75],"tintindex":0,"rotation":0,"texture":"#0"}}},{"from":[5.0,9.0,6.0],"to":[11.0,10.0,7.0],"faces":{"east":{"uv":[9.25,10.25,9.5,10.5],"tintindex":0,"rotation":0,"texture":"#0"},"south":{"uv":[7.75,6.0,9.25,6.25],"tintindex":0,"rotation":0,"texture":"#0"},"north":{"uv":[7.75,5.75,9.25,6.0],"tintindex":0,"rotation":0,"texture":"#0"},"west":{"uv":[10.25,9.25,10.5,9.5],"tintindex":0,"rotation":0,"texture":"#0"},"up":{"uv":[9.25,6.5,7.75,6.25],"tintindex":0,"rotation":0,"texture":"#0"},"down":{"uv":[9.5,7.5,8.0,7.75],"tintindex":0,"rotation":0,"texture":"#0"}}},{"from":[4.0,1.0,9.0],"to":[12.0,2.0,10.0],"faces":{"east":{"uv":[8.25,10.5,8.5,10.75],"tintindex":0,"rotation":0,"texture":"#0"},"south":{"uv":[7.75,1.0,9.75,1.25],"tintindex":0,"rotation":0,"texture":"#0"},"north":{"uv":[7.75,0.75,9.75,1.0],"tintindex":0,"rotation":0,"texture":"#0"},"west":{"uv":[10.5,8.25,10.75,8.5],"tintindex":0,"rotation":0,"texture":"#0"},"up":{"uv":[9.75,1.5,7.75,1.25],"tintindex":0,"rotation":0,"texture":"#0"},"down":{"uv":[9.75,1.5,7.75,1.75],"tintindex":0,"rotation":0,"texture":"#0"}}},{"from":[10.0,7.0,6.0],"to":[11.0,8.0,7.0],"faces":{"east":{"uv":[2.5,10.5,2.75,10.75],"tintindex":0,"rotation":0,"texture":"#0"},"south":{"uv":[10.5,2.5,10.75,2.75],"tintindex":0,"rotation":0,"texture":"#0"},"north":{"uv":[10.5,2.25,10.75,2.5],"tintindex":0,"rotation":0,"texture":"#0"},"west":{"uv":[10.5,2.75,10.75,3.0],"tintindex":0,"rotation":0,"texture":"#0"},"up":{"uv":[10.75,3.25,10.5,3.0],"tintindex":0,"rotation":0,"texture":"#0"},"down":{"uv":[3.5,10.5,3.25,10.75],"tintindex":0,"rotation":0,"texture":"#0"}}},{"from":[4.0,10.0,7.0],"to":[5.0,11.0,9.0],"faces":{"east":{"uv":[10.0,6.25,10.5,6.5],"tintindex":0,"rotation":0,"texture":"#0"},"south":{"uv":[6.25,10.5,6.5,10.75],"tintindex":0,"rotation":0,"texture":"#0"},"north":{"uv":[10.5,6.0,10.75,6.25],"tintindex":0,"rotation":0,"texture":"#0"},"west":{"uv":[6.75,10.0,7.25,10.25],"tintindex":0,"rotation":0,"texture":"#0"},"up":{"uv":[7.5,10.5,7.25,10.0],"tintindex":0,"rotation":0,"texture":"#0"},"down":{"uv":[7.75,10.0,7.5,10.5],"tintindex":0,"rotation":0,"texture":"#0"}}},{"from":[11.0,12.0,7.0],"to":[12.0,13.0,9.0],"faces":{"east":{"uv":[1.75,10.25,2.25,10.5],"tintindex":0,"rotation":0,"texture":"#0"},"south":{"uv":[10.5,7.75,10.75,8.0],"tintindex":0,"rotation":0,"texture":"#0"},"north":{"uv":[10.5,7.5,10.75,7.75],"tintindex":0,"rotation":0,"texture":"#0"},"west":{"uv":[2.25,10.25,2.75,10.5],"tintindex":0,"rotation":0,"texture":"#0"},"up":{"uv":[3.0,10.75,2.75,10.25],"tintindex":0,"rotation":0,"texture":"#0"},"down":{"uv":[3.25,10.25,3.0,10.75],"tintindex":0,"rotation":0,"texture":"#0"}}}],"display":{"head":{"rotation":[0.0,0.0,0.0]},"firstperson_righthand":{"rotation":[0.0,0.0,0.0]},"thirdperson_lefthand":{"rotation":[0.0,-0.0,-0.0]},"firstperson_lefthand":{"rotation":[0.0,-0.0,-0.0]},"fixed":{"rotation":[0.0,0.0,0.0]},"ground":{"rotation":[0.0,0.0,0.0]},"thirdperson_righthand":{"rotation":[0.0,0.0,0.0]},"gui":{"rotation":[-150.0,-75.0,-180.0]}}}