{"textures":{"0":"modelengine:block/skr_witherbone"},"elements":[{"from":[5.0,5.0750523,4.345351],"to":[11.0,6.0750523,11.595351],"faces":{"east":{"uv":[7.75,4.25,9.5,4.5],"tintindex":0,"rotation":0,"texture":"#0"},"south":{"uv":[8.0,8.0,9.5,8.25],"tintindex":0,"rotation":0,"texture":"#0"},"north":{"uv":[8.0,7.75,9.5,8.0],"tintindex":0,"rotation":0,"texture":"#0"},"west":{"uv":[7.75,4.5,9.5,4.75],"tintindex":0,"rotation":0,"texture":"#0"},"up":{"uv":[5.5,5.25,4.0,3.5],"tintindex":0,"rotation":0,"texture":"#0"},"down":{"uv":[3.5,5.0,2.0,6.75],"tintindex":0,"rotation":0,"texture":"#0"}},"rotation":{"origin":[8.0,-1.5,5.25],"angle":-22.5,"axis":"x"}}],"display":{"head":{"rotation":[0.0,0.0,0.0]},"firstperson_righthand":{"rotation":[0.0,0.0,0.0]},"thirdperson_lefthand":{"rotation":[0.0,-0.0,-0.0]},"firstperson_lefthand":{"rotation":[0.0,-0.0,-0.0]},"fixed":{"rotation":[0.0,0.0,0.0]},"ground":{"rotation":[0.0,0.0,0.0]},"thirdperson_righthand":{"rotation":[0.0,0.0,0.0]},"gui":{"rotation":[-150.0,-75.0,-180.0]}}}