{"textures":{"0":"modelengine:block/skr_witherbone"},"elements":[{"from":[7.0,-5.5,7.0],"to":[9.0,8.5,9.0],"faces":{"east":{"uv":[0.5,6.5,1.0,10.0],"tintindex":0,"rotation":0,"texture":"#0"},"south":{"uv":[1.0,6.5,1.5,10.0],"tintindex":0,"rotation":0,"texture":"#0"},"north":{"uv":[6.5,0.0,7.0,3.5],"tintindex":0,"rotation":0,"texture":"#0"},"west":{"uv":[1.5,6.5,2.0,10.0],"tintindex":0,"rotation":0,"texture":"#0"},"up":{"uv":[9.75,7.5,9.25,7.0],"tintindex":0,"rotation":0,"texture":"#0"},"down":{"uv":[8.5,9.25,8.0,9.75],"tintindex":0,"rotation":0,"texture":"#0"}}}],"display":{"head":{"rotation":[0.0,0.0,0.0]},"firstperson_righthand":{"rotation":[0.0,0.0,0.0]},"thirdperson_lefthand":{"rotation":[0.0,-0.0,-0.0]},"firstperson_lefthand":{"rotation":[0.0,-0.0,-0.0]},"fixed":{"rotation":[0.0,0.0,0.0]},"ground":{"rotation":[0.0,0.0,0.0]},"thirdperson_righthand":{"rotation":[0.0,0.0,0.0]},"gui":{"rotation":[-150.0,-75.0,-180.0]}}}