{"textures":{"1":"modelengine:entity/wither_skull"},"elements":[{"from":[6.0,6.0,6.0],"to":[10.0,10.0,10.0],"faces":{"east":{"uv":[0.0,10.75,2.0,12.75],"tintindex":0,"rotation":0,"texture":"#1"},"south":{"uv":[6.0,10.75,8.0,12.75],"tintindex":0,"rotation":0,"texture":"#1"},"north":{"uv":[2.0,10.75,4.0,12.75],"tintindex":0,"rotation":0,"texture":"#1"},"west":{"uv":[4.0,10.75,6.0,12.75],"tintindex":0,"rotation":0,"texture":"#1"},"up":{"uv":[4.0,10.75,2.0,8.75],"tintindex":0,"rotation":0,"texture":"#1"},"down":{"uv":[6.0,8.75,4.0,10.75],"tintindex":0,"rotation":0,"texture":"#1"}}}],"display":{"head":{"rotation":[0.0,0.0,0.0]},"firstperson_righthand":{"rotation":[0.0,0.0,0.0]},"thirdperson_lefthand":{"rotation":[0.0,-0.0,-0.0]},"firstperson_lefthand":{"rotation":[0.0,-0.0,-0.0]},"fixed":{"rotation":[0.0,0.0,0.0]},"ground":{"rotation":[0.0,0.0,0.0]},"thirdperson_righthand":{"rotation":[0.0,0.0,0.0]},"gui":{"rotation":[-150.0,-75.0,-180.0]}}}