{"textures":{"0":"modelengine:block/skr_witherbone"},"elements":[{"from":[7.5,6.75,7.0],"to":[8.5,8.25,11.0],"faces":{"east":{"uv":[7.75,3.25,8.75,3.75],"tintindex":0,"rotation":0,"texture":"#0"},"south":{"uv":[10.25,5.75,10.5,6.25],"tintindex":0,"rotation":0,"texture":"#0"},"north":{"uv":[5.25,10.25,5.5,10.75],"tintindex":0,"rotation":0,"texture":"#0"},"west":{"uv":[7.75,3.75,8.75,4.25],"tintindex":0,"rotation":0,"texture":"#0"},"up":{"uv":[9.75,5.25,9.5,4.25],"tintindex":0,"rotation":0,"texture":"#0"},"down":{"uv":[6.25,9.5,6.0,10.5],"tintindex":0,"rotation":0,"texture":"#0"}}},{"from":[7.75,6.5,-7.0],"to":[8.25,8.5,6.0],"faces":{"east":{"uv":[5.5,7.0,8.75,7.5],"tintindex":0,"rotation":0,"texture":"#0"},"south":{"uv":[6.75,10.25,7.0,10.75],"tintindex":0,"rotation":0,"texture":"#0"},"north":{"uv":[10.25,6.5,10.5,7.0],"tintindex":0,"rotation":0,"texture":"#0"},"west":{"uv":[7.0,6.5,10.25,7.0],"tintindex":0,"rotation":0,"texture":"#0"},"up":{"uv":[5.75,10.75,5.5,7.5],"tintindex":0,"rotation":0,"texture":"#0"},"down":{"uv":[6.0,7.5,5.75,10.75],"tintindex":0,"rotation":0,"texture":"#0"}}},{"from":[7.5,4.0,6.0],"to":[8.5,11.0,7.0],"faces":{"east":{"uv":[7.25,7.75,7.5,9.5],"tintindex":0,"rotation":0,"texture":"#0"},"south":{"uv":[7.5,7.75,7.75,9.5],"tintindex":0,"rotation":0,"texture":"#0"},"north":{"uv":[7.0,7.75,7.25,9.5],"tintindex":0,"rotation":0,"texture":"#0"},"west":{"uv":[7.75,7.75,8.0,9.5],"tintindex":0,"rotation":0,"texture":"#0"},"up":{"uv":[10.25,10.75,10.0,10.5],"tintindex":0,"rotation":0,"texture":"#0"},"down":{"uv":[10.75,10.0,10.5,10.25],"tintindex":0,"rotation":0,"texture":"#0"}}},{"from":[7.5,6.5,11.0],"to":[8.5,8.5,13.0],"faces":{"east":{"uv":[9.5,5.25,10.0,5.75],"tintindex":0,"rotation":0,"texture":"#0"},"south":{"uv":[10.25,7.0,10.5,7.5],"tintindex":0,"rotation":0,"texture":"#0"},"north":{"uv":[7.0,10.25,7.25,10.75],"tintindex":0,"rotation":0,"texture":"#0"},"west":{"uv":[6.25,9.5,6.75,10.0],"tintindex":0,"rotation":0,"texture":"#0"},"up":{"uv":[10.5,8.0,10.25,7.5],"tintindex":0,"rotation":0,"texture":"#0"},"down":{"uv":[8.0,10.25,7.75,10.75],"tintindex":0,"rotation":0,"texture":"#0"}}},{"from":[8.0,5.75,-10.0],"to":[8.0,9.25,6.0],"faces":{"east":{"uv":[2.0,0.0,6.0,1.0],"tintindex":0,"rotation":0,"texture":"#0"},"west":{"uv":[2.0,1.0,6.0,2.0],"tintindex":0,"rotation":0,"texture":"#0"}}}],"display":{"head":{"rotation":[0.0,0.0,0.0]},"firstperson_righthand":{"rotation":[0.0,0.0,0.0]},"thirdperson_lefthand":{"rotation":[0.0,-0.0,-0.0]},"firstperson_lefthand":{"rotation":[0.0,-0.0,-0.0]},"fixed":{"rotation":[0.0,0.0,0.0]},"ground":{"rotation":[0.0,0.0,0.0]},"thirdperson_righthand":{"rotation":[0.0,0.0,0.0]},"gui":{"rotation":[-150.0,-75.0,-180.0]}}}