{"textures":{"0":"modelengine:block/skr_witherbone"},"elements":[{"from":[3.5,6.0,-0.25],"to":[12.5,13.0,8.75],"faces":{"east":{"uv":[2.0,3.5,4.0,5.0],"tintindex":0,"rotation":0,"texture":"#0"},"south":{"uv":[0.0,4.0,2.0,5.5],"tintindex":0,"rotation":0,"texture":"#0"},"north":{"uv":[2.0,2.0,4.0,3.5],"tintindex":0,"rotation":0,"texture":"#0"},"west":{"uv":[4.0,2.0,6.0,3.5],"tintindex":0,"rotation":0,"texture":"#0"},"up":{"uv":[2.0,2.0,0.0,0.0],"tintindex":0,"rotation":0,"texture":"#0"},"down":{"uv":[2.0,2.0,0.0,4.0],"tintindex":0,"rotation":0,"texture":"#0"}}},{"from":[5.0,6.0750523,3.3453512],"to":[6.0,7.0750523,10.595351],"faces":{"east":{"uv":[7.75,5.25,9.5,5.5],"tintindex":0,"rotation":0,"texture":"#0"},"south":{"uv":[10.5,9.5,10.75,9.75],"tintindex":0,"rotation":0,"texture":"#0"},"north":{"uv":[9.5,10.5,9.75,10.75],"tintindex":0,"rotation":0,"texture":"#0"},"west":{"uv":[7.75,5.5,9.5,5.75],"tintindex":0,"rotation":0,"texture":"#0"},"up":{"uv":[6.75,9.5,6.5,7.75],"tintindex":0,"rotation":0,"texture":"#0"},"down":{"uv":[7.0,7.75,6.75,9.5],"tintindex":0,"rotation":0,"texture":"#0"}},"rotation":{"origin":[8.0,-2.5,4.25],"angle":-22.5,"axis":"x"}},{"from":[10.0,6.0750523,3.3453512],"to":[11.0,7.0750523,10.595351],"faces":{"east":{"uv":[7.75,4.75,9.5,5.0],"tintindex":0,"rotation":0,"texture":"#0"},"south":{"uv":[10.5,9.25,10.75,9.5],"tintindex":0,"rotation":0,"texture":"#0"},"north":{"uv":[9.25,10.5,9.5,10.75],"tintindex":0,"rotation":0,"texture":"#0"},"west":{"uv":[7.75,5.0,9.5,5.25],"tintindex":0,"rotation":0,"texture":"#0"},"up":{"uv":[6.25,9.5,6.0,7.75],"tintindex":0,"rotation":0,"texture":"#0"},"down":{"uv":[6.5,7.75,6.25,9.5],"tintindex":0,"rotation":0,"texture":"#0"}},"rotation":{"origin":[8.0,-2.5,4.25],"angle":-22.5,"axis":"x"}},{"from":[6.0,6.0750523,3.3453512],"to":[10.0,7.0750523,4.345351],"faces":{"east":{"uv":[9.75,10.5,10.0,10.75],"tintindex":0,"rotation":0,"texture":"#0"},"south":{"uv":[9.0,9.0,10.0,9.25],"tintindex":0,"rotation":0,"texture":"#0"},"north":{"uv":[9.0,8.75,10.0,9.0],"tintindex":0,"rotation":0,"texture":"#0"},"west":{"uv":[10.5,9.75,10.75,10.0],"tintindex":0,"rotation":0,"texture":"#0"},"up":{"uv":[10.25,6.0,9.25,5.75],"tintindex":0,"rotation":0,"texture":"#0"},"down":{"uv":[10.25,6.0,9.25,6.25],"tintindex":0,"rotation":0,"texture":"#0"}},"rotation":{"origin":[8.0,-2.5,4.25],"angle":-22.5,"axis":"x"}}],"display":{"head":{"rotation":[0.0,0.0,0.0]},"firstperson_righthand":{"rotation":[0.0,0.0,0.0]},"thirdperson_lefthand":{"rotation":[0.0,-0.0,-0.0]},"firstperson_lefthand":{"rotation":[0.0,-0.0,-0.0]},"fixed":{"rotation":[0.0,0.0,0.0]},"ground":{"rotation":[0.0,0.0,0.0]},"thirdperson_righthand":{"rotation":[0.0,0.0,0.0]},"gui":{"rotation":[-150.0,-75.0,-180.0]}}}