{"textures":{"0":"modelengine:block/rascal"},"elements":[{"from":[1.4555998,-1.8136005,2.4703999],"to":[14.5444,1.3727999,11.686399],"faces":{"east":{"uv":[1.375,4.25,2.5,4.625],"tintindex":0,"rotation":0,"texture":"#0"},"south":{"uv":[6.625,2.0,8.25,2.375],"tintindex":0,"rotation":0,"texture":"#0"},"north":{"uv":[5.625,4.25,7.25,4.625],"tintindex":0,"rotation":0,"texture":"#0"},"west":{"uv":[7.125,1.375,8.25,1.75],"tintindex":0,"rotation":0,"texture":"#0"},"up":{"uv":[5.875,2.5,4.25,1.375],"tintindex":0,"rotation":0,"texture":"#0"},"down":{"uv":[5.875,2.5,4.25,3.625],"tintindex":0,"rotation":0,"texture":"#0"}}},{"from":[0.7839999,0.4512,2.0096002],"to":[15.216,17.04,12.0704],"faces":{"east":{"uv":[0.0,2.125,1.25,4.25],"tintindex":0,"rotation":0,"texture":"#0"},"south":{"uv":[1.75,0.0,3.5,2.125],"tintindex":0,"rotation":0,"texture":"#0"},"north":{"uv":[0.0,0.0,1.75,2.125],"tintindex":0,"rotation":0,"texture":"#0"},"west":{"uv":[1.25,2.125,2.5,4.25],"tintindex":0,"rotation":0,"texture":"#0"},"up":{"uv":[4.25,3.375,2.5,2.125],"tintindex":0,"rotation":0,"texture":"#0"},"down":{"uv":[4.25,3.375,2.5,4.625],"tintindex":0,"rotation":0,"texture":"#0"}}}],"display":{"head":{"rotation":[0.0,0.0,0.0]},"firstperson_righthand":{"rotation":[0.0,0.0,0.0]},"thirdperson_lefthand":{"rotation":[0.0,-0.0,-0.0]},"firstperson_lefthand":{"rotation":[0.0,-0.0,-0.0]},"fixed":{"rotation":[0.0,0.0,0.0]},"ground":{"rotation":[0.0,0.0,0.0]},"thirdperson_righthand":{"rotation":[0.0,0.0,0.0]},"gui":{"rotation":[-150.0,-75.0,-180.0]}}}