{"textures":{"0":"modelengine:block/rascal"},"elements":[{"from":[6.216,-0.2987995,5.5243998],"to":[9.9024,10.760401,10.5932],"faces":{"east":{"uv":[1.25,5.625,1.875,7.0],"tintindex":0,"rotation":0,"texture":"#0"},"south":{"uv":[6.25,0.0,6.75,1.375],"tintindex":0,"rotation":0,"texture":"#0"},"north":{"uv":[3.875,6.125,4.375,7.5],"tintindex":0,"rotation":0,"texture":"#0"},"west":{"uv":[1.875,5.625,2.5,7.0],"tintindex":0,"rotation":0,"texture":"#0"},"up":{"uv":[7.625,6.75,7.125,6.125],"tintindex":0,"rotation":0,"texture":"#0"},"down":{"uv":[7.875,2.375,7.375,3.0],"tintindex":0,"rotation":0,"texture":"#0"}}}],"display":{"head":{"rotation":[0.0,0.0,0.0]},"firstperson_righthand":{"rotation":[0.0,0.0,0.0]},"thirdperson_lefthand":{"rotation":[0.0,-0.0,-0.0]},"firstperson_lefthand":{"rotation":[0.0,-0.0,-0.0]},"fixed":{"rotation":[0.0,0.0,0.0]},"ground":{"rotation":[0.0,0.0,0.0]},"thirdperson_righthand":{"rotation":[0.0,0.0,0.0]},"gui":{"rotation":[-150.0,-75.0,-180.0]}}}