{"textures":{"0":"modelengine:block/rascal"},"elements":[{"from":[6.0976,-0.5487995,5.2743998],"to":[9.784,10.510401,10.3432],"faces":{"east":{"uv":[0.0,5.625,0.625,7.0],"tintindex":0,"rotation":0,"texture":"#0"},"south":{"uv":[3.375,6.125,3.875,7.5],"tintindex":0,"rotation":0,"texture":"#0"},"north":{"uv":[4.75,5.5,5.25,6.875],"tintindex":0,"rotation":0,"texture":"#0"},"west":{"uv":[0.625,5.625,1.25,7.0],"tintindex":0,"rotation":0,"texture":"#0"},"up":{"uv":[2.0,7.625,1.5,7.0],"tintindex":0,"rotation":0,"texture":"#0"},"down":{"uv":[2.5,7.0,2.0,7.625],"tintindex":0,"rotation":0,"texture":"#0"}}}],"display":{"head":{"rotation":[0.0,0.0,0.0]},"firstperson_righthand":{"rotation":[0.0,0.0,0.0]},"thirdperson_lefthand":{"rotation":[0.0,-0.0,-0.0]},"firstperson_lefthand":{"rotation":[0.0,-0.0,-0.0]},"fixed":{"rotation":[0.0,0.0,0.0]},"ground":{"rotation":[0.0,0.0,0.0]},"thirdperson_righthand":{"rotation":[0.0,0.0,0.0]},"gui":{"rotation":[-150.0,-75.0,-180.0]}}}