{"textures":{"0":"modelengine:block/rascal"},"elements":[{"from":[2.4312,4.09256,4.1907997],"to":[13.0296,12.5252,9.7204],"faces":{"east":{"uv":[5.875,2.0,6.625,3.0],"tintindex":0,"rotation":0,"texture":"#0"},"south":{"uv":[1.375,4.625,2.75,5.625],"tintindex":0,"rotation":0,"texture":"#0"},"north":{"uv":[4.25,3.625,5.625,4.625],"tintindex":0,"rotation":0,"texture":"#0"},"west":{"uv":[5.875,5.375,6.625,6.375],"tintindex":0,"rotation":0,"texture":"#0"},"up":{"uv":[6.25,0.75,4.875,0.0],"tintindex":0,"rotation":0,"texture":"#0"},"down":{"uv":[6.625,4.625,5.25,5.375],"tintindex":0,"rotation":0,"texture":"#0"}}},{"from":[12.0562,1.316,4.2016],"to":[13.0194,4.0808,9.784599],"faces":{"east":{"uv":[7.375,4.5,8.125,4.875],"tintindex":0,"rotation":0,"texture":"#0"},"south":{"uv":[5.125,6.875,5.25,7.25],"tintindex":0,"rotation":0,"texture":"#0"},"north":{"uv":[3.25,6.875,3.375,7.25],"tintindex":0,"rotation":0,"texture":"#0"},"west":{"uv":[7.375,4.875,8.125,5.25],"tintindex":0,"rotation":0,"texture":"#0"},"up":{"uv":[4.5,6.875,4.375,6.125],"tintindex":0,"rotation":0,"texture":"#0"},"down":{"uv":[4.625,6.125,4.5,6.875],"tintindex":0,"rotation":0,"texture":"#0"}}},{"from":[2.8920002,7.9172,3.7299995],"to":[12.5688,11.6036,4.6772003],"faces":{"east":{"uv":[4.625,6.125,4.75,6.625],"tintindex":0,"rotation":0,"texture":"#0"},"south":{"uv":[5.875,6.375,7.125,6.875],"tintindex":0,"rotation":0,"texture":"#0"},"north":{"uv":[5.875,3.0,7.125,3.5],"tintindex":0,"rotation":0,"texture":"#0"},"west":{"uv":[2.5,6.375,2.625,6.875],"tintindex":0,"rotation":0,"texture":"#0"},"up":{"uv":[8.375,1.875,7.125,1.75],"tintindex":0,"rotation":0,"texture":"#0"},"down":{"uv":[8.375,1.875,7.125,2.0],"tintindex":0,"rotation":0,"texture":"#0"}}},{"from":[2.8920002,4.2307997,4.6516],"to":[12.4279995,11.6036,9.2596],"faces":{"east":{"uv":[5.25,6.75,5.875,7.625],"tintindex":0,"rotation":0,"texture":"#0"},"south":{"uv":[4.0,4.625,5.25,5.5],"tintindex":0,"rotation":0,"texture":"#0"},"north":{"uv":[2.75,4.625,4.0,5.5],"tintindex":0,"rotation":0,"texture":"#0"},"west":{"uv":[2.5,6.875,3.125,7.75],"tintindex":0,"rotation":0,"texture":"#0"},"up":{"uv":[6.875,4.25,5.625,3.625],"tintindex":0,"rotation":0,"texture":"#0"},"down":{"uv":[7.125,1.375,5.875,2.0],"tintindex":0,"rotation":0,"texture":"#0"}}},{"from":[2.4312,1.316,4.2016],"to":[3.3944001,4.0808,9.784599],"faces":{"east":{"uv":[7.125,3.0,7.875,3.375],"tintindex":0,"rotation":0,"texture":"#0"},"south":{"uv":[3.125,6.875,3.25,7.25],"tintindex":0,"rotation":0,"texture":"#0"},"north":{"uv":[2.625,6.375,2.75,6.75],"tintindex":0,"rotation":0,"texture":"#0"},"west":{"uv":[7.25,4.125,8.0,4.5],"tintindex":0,"rotation":0,"texture":"#0"},"up":{"uv":[2.625,6.375,2.5,5.625],"tintindex":0,"rotation":0,"texture":"#0"},"down":{"uv":[2.75,5.625,2.625,6.375],"tintindex":0,"rotation":0,"texture":"#0"}}}],"display":{"head":{"rotation":[0.0,0.0,0.0]},"firstperson_righthand":{"rotation":[0.0,0.0,0.0]},"thirdperson_lefthand":{"rotation":[0.0,-0.0,-0.0]},"firstperson_lefthand":{"rotation":[0.0,-0.0,-0.0]},"fixed":{"rotation":[0.0,0.0,0.0]},"ground":{"rotation":[0.0,0.0,0.0]},"thirdperson_righthand":{"rotation":[0.0,0.0,0.0]},"gui":{"rotation":[-150.0,-75.0,-180.0]}}}