{"textures":{"0":"modelengine:block/rascal"},"elements":[{"from":[5.5488,3.0,4.3136],"to":[11.0784,8.3728,9.8432],"faces":{"east":{"uv":[6.625,6.875,7.375,7.5],"tintindex":0,"rotation":0,"texture":"#0"},"south":{"uv":[0.0,7.0,0.75,7.625],"tintindex":0,"rotation":0,"texture":"#0"},"north":{"uv":[5.875,6.875,6.625,7.5],"tintindex":0,"rotation":0,"texture":"#0"},"west":{"uv":[0.75,7.0,1.5,7.625],"tintindex":0,"rotation":0,"texture":"#0"},"up":{"uv":[7.375,6.125,6.625,5.375],"tintindex":0,"rotation":0,"texture":"#0"},"down":{"uv":[7.5,0.0,6.75,0.75],"tintindex":0,"rotation":0,"texture":"#0"}}}],"display":{"head":{"rotation":[0.0,0.0,0.0]},"firstperson_righthand":{"rotation":[0.0,0.0,0.0]},"thirdperson_lefthand":{"rotation":[0.0,-0.0,-0.0]},"firstperson_lefthand":{"rotation":[0.0,-0.0,-0.0]},"fixed":{"rotation":[0.0,0.0,0.0]},"ground":{"rotation":[0.0,0.0,0.0]},"thirdperson_righthand":{"rotation":[0.0,0.0,0.0]},"gui":{"rotation":[-150.0,-75.0,-180.0]}}}