{"textures":{"0":"modelengine:block/rascal"},"elements":[{"from":[4.9216,3.0,4.3136],"to":[10.4512005,8.3728,9.8432],"faces":{"east":{"uv":[6.75,0.75,7.5,1.375],"tintindex":0,"rotation":0,"texture":"#0"},"south":{"uv":[6.875,3.5,7.625,4.125],"tintindex":0,"rotation":0,"texture":"#0"},"north":{"uv":[6.625,2.375,7.375,3.0],"tintindex":0,"rotation":0,"texture":"#0"},"west":{"uv":[4.375,6.875,5.125,7.5],"tintindex":0,"rotation":0,"texture":"#0"},"up":{"uv":[4.25,2.125,3.5,1.375],"tintindex":0,"rotation":0,"texture":"#0"},"down":{"uv":[7.375,4.625,6.625,5.375],"tintindex":0,"rotation":0,"texture":"#0"}}}],"display":{"head":{"rotation":[0.0,0.0,0.0]},"firstperson_righthand":{"rotation":[0.0,0.0,0.0]},"thirdperson_lefthand":{"rotation":[0.0,-0.0,-0.0]},"firstperson_lefthand":{"rotation":[0.0,-0.0,-0.0]},"fixed":{"rotation":[0.0,0.0,0.0]},"ground":{"rotation":[0.0,0.0,0.0]},"thirdperson_righthand":{"rotation":[0.0,0.0,0.0]},"gui":{"rotation":[-150.0,-75.0,-180.0]}}}