{"textures":{"0":"modelengine:entity/dark_oak_enderman"},"elements":[{"from":[4.0,8.0,4.0],"to":[12.0,19.0,11.0],"faces":{"east":{"uv":[2.625,6.75,3.5,8.125],"tintindex":0,"rotation":0,"texture":"#0"},"south":{"uv":[5.375,6.75,6.375,8.125],"tintindex":0,"rotation":0,"texture":"#0"},"north":{"uv":[3.5,6.75,4.5,8.125],"tintindex":0,"rotation":0,"texture":"#0"},"west":{"uv":[4.5,6.75,5.375,8.125],"tintindex":0,"rotation":0,"texture":"#0"},"up":{"uv":[4.5,6.75,3.5,5.875],"tintindex":0,"rotation":0,"texture":"#0"},"down":{"uv":[5.5,5.875,4.5,6.75],"tintindex":0,"rotation":0,"texture":"#0"}}}],"display":{"head":{"rotation":[0.0,0.0,0.0]},"firstperson_righthand":{"rotation":[0.0,0.0,0.0]},"thirdperson_lefthand":{"rotation":[0.0,-0.0,-0.0]},"firstperson_lefthand":{"rotation":[0.0,-0.0,-0.0]},"fixed":{"rotation":[0.0,0.0,0.0]},"ground":{"rotation":[0.0,0.0,0.0]},"thirdperson_righthand":{"rotation":[0.0,0.0,0.0]},"gui":{"rotation":[-150.0,-75.0,-180.0]}}}