{"textures":{"0":"modelengine:entity/dark_oak_enderman"},"elements":[{"from":[6.25,8.0,6.25],"to":[6.25,18.5,9.75],"faces":{"east":{"uv":[1.75,3.75,2.625,6.375],"tintindex":0,"rotation":0,"texture":"#0"},"west":{"uv":[1.75,3.75,2.625,6.375],"tintindex":0,"rotation":0,"texture":"#0"}}},{"from":[-2.75,11.0,7.75],"to":[18.75,22.5,7.75],"faces":{"south":{"uv":[0.0,0.0,5.375,2.875],"tintindex":0,"rotation":0,"texture":"#0"},"north":{"uv":[0.0,0.0,5.375,2.875],"tintindex":0,"rotation":0,"texture":"#0"}}},{"from":[6.25,8.0,6.25],"to":[9.75,18.5,6.25],"faces":{"south":{"uv":[0.875,3.75,1.75,6.375],"tintindex":0,"rotation":0,"texture":"#0"},"north":{"uv":[0.875,3.75,1.75,6.375],"tintindex":0,"rotation":0,"texture":"#0"}}},{"from":[9.75,8.0,6.25],"to":[9.75,18.5,9.75],"faces":{"east":{"uv":[0.0,3.75,0.875,6.375],"tintindex":0,"rotation":0,"texture":"#0"},"west":{"uv":[0.0,3.75,0.875,6.375],"tintindex":0,"rotation":0,"texture":"#0"}}},{"from":[6.25,8.0,9.75],"to":[9.75,18.5,9.75],"faces":{"south":{"uv":[2.625,3.75,3.5,6.375],"tintindex":0,"rotation":0,"texture":"#0"},"north":{"uv":[2.625,3.75,3.5,6.375],"tintindex":0,"rotation":0,"texture":"#0"}}},{"from":[6.25,8.0,6.75],"to":[9.75,17.0,9.75],"faces":{"east":{"uv":[3.5,3.625,4.25,5.875],"tintindex":0,"rotation":0,"texture":"#0"},"south":{"uv":[5.875,3.625,6.75,5.875],"tintindex":0,"rotation":0,"texture":"#0"},"north":{"uv":[4.25,3.625,5.125,5.875],"tintindex":0,"rotation":0,"texture":"#0"},"west":{"uv":[5.125,3.625,5.875,5.875],"tintindex":0,"rotation":0,"texture":"#0"},"up":{"uv":[5.125,3.625,4.25,2.875],"tintindex":0,"rotation":0,"texture":"#0"},"down":{"uv":[6.0,2.875,5.125,3.625],"tintindex":0,"rotation":0,"texture":"#0"}}},{"from":[6.25,8.0,6.25],"to":[9.75,8.0,9.75],"faces":{"up":{"uv":[1.75,3.75,0.875,2.875],"tintindex":0,"rotation":0,"texture":"#0"},"down":{"uv":[2.625,2.875,1.75,3.75],"tintindex":0,"rotation":0,"texture":"#0"}}}],"display":{"head":{"rotation":[0.0,0.0,0.0]},"firstperson_righthand":{"rotation":[0.0,0.0,0.0]},"thirdperson_lefthand":{"rotation":[0.0,-0.0,-0.0]},"firstperson_lefthand":{"rotation":[0.0,-0.0,-0.0]},"fixed":{"rotation":[0.0,0.0,0.0]},"ground":{"rotation":[0.0,0.0,0.0]},"thirdperson_righthand":{"rotation":[0.0,0.0,0.0]},"gui":{"rotation":[-150.0,-75.0,-180.0]}}}