{"textures":{"0":"modelengine:entity/dark_oak_enderman"},"elements":[{"from":[7.5,-6.5,7.5],"to":[8.5,8.5,8.5],"faces":{"east":{"uv":[0.0,6.625,0.25,10.375],"tintindex":0,"rotation":0,"texture":"#0"},"south":{"uv":[0.75,6.625,1.0,10.375],"tintindex":0,"rotation":0,"texture":"#0"},"north":{"uv":[0.25,6.625,0.5,10.375],"tintindex":0,"rotation":0,"texture":"#0"},"west":{"uv":[0.5,6.625,0.75,10.375],"tintindex":0,"rotation":0,"texture":"#0"},"up":{"uv":[0.5,6.625,0.25,6.375],"tintindex":0,"rotation":0,"texture":"#0"},"down":{"uv":[0.75,6.375,0.5,6.625],"tintindex":0,"rotation":0,"texture":"#0"}}}],"display":{"head":{"rotation":[0.0,0.0,0.0]},"firstperson_righthand":{"rotation":[0.0,0.0,0.0]},"thirdperson_lefthand":{"rotation":[0.0,-0.0,-0.0]},"firstperson_lefthand":{"rotation":[0.0,-0.0,-0.0]},"fixed":{"rotation":[0.0,0.0,0.0]},"ground":{"rotation":[0.0,0.0,0.0]},"thirdperson_righthand":{"rotation":[0.0,0.0,0.0]},"gui":{"rotation":[-150.0,-75.0,-180.0]}}}