{"textures":{"0":"modelengine:entity/dark_oak_enderman"},"elements":[{"from":[7.0,-14.0,7.0],"to":[9.0,10.0,9.0],"faces":{"east":{"uv":[6.375,6.125,6.625,9.125],"tintindex":0,"rotation":0,"texture":"#0"},"south":{"uv":[7.125,6.125,7.375,9.125],"tintindex":0,"rotation":0,"texture":"#0"},"north":{"uv":[6.625,6.125,6.875,9.125],"tintindex":0,"rotation":0,"texture":"#0"},"west":{"uv":[6.875,6.125,7.125,9.125],"tintindex":0,"rotation":0,"texture":"#0"},"up":{"uv":[6.875,6.125,6.625,5.875],"tintindex":0,"rotation":0,"texture":"#0"},"down":{"uv":[7.125,5.875,6.875,6.125],"tintindex":0,"rotation":0,"texture":"#0"}}}],"display":{"head":{"rotation":[0.0,0.0,0.0]},"firstperson_righthand":{"rotation":[0.0,0.0,0.0]},"thirdperson_lefthand":{"rotation":[0.0,-0.0,-0.0]},"firstperson_lefthand":{"rotation":[0.0,-0.0,-0.0]},"fixed":{"rotation":[0.0,0.0,0.0]},"ground":{"rotation":[0.0,0.0,0.0]},"thirdperson_righthand":{"rotation":[0.0,0.0,0.0]},"gui":{"rotation":[-150.0,-75.0,-180.0]}}}