{"textures":{"0":"modelengine:entity/dark_oak_enderman"},"elements":[{"from":[7.0,-14.0,7.0],"to":[9.0,10.0,9.0],"faces":{"east":{"uv":[7.375,3.125,7.625,6.125],"tintindex":0,"rotation":0,"texture":"#0"},"south":{"uv":[8.125,3.125,8.375,6.125],"tintindex":0,"rotation":0,"texture":"#0"},"north":{"uv":[7.625,3.125,7.875,6.125],"tintindex":0,"rotation":0,"texture":"#0"},"west":{"uv":[7.875,3.125,8.125,6.125],"tintindex":0,"rotation":0,"texture":"#0"},"up":{"uv":[7.875,3.125,7.625,2.875],"tintindex":0,"rotation":0,"texture":"#0"},"down":{"uv":[8.125,2.875,7.875,3.125],"tintindex":0,"rotation":0,"texture":"#0"}}}],"display":{"head":{"rotation":[0.0,0.0,0.0]},"firstperson_righthand":{"rotation":[0.0,0.0,0.0]},"thirdperson_lefthand":{"rotation":[0.0,-0.0,-0.0]},"firstperson_lefthand":{"rotation":[0.0,-0.0,-0.0]},"fixed":{"rotation":[0.0,0.0,0.0]},"ground":{"rotation":[0.0,0.0,0.0]},"thirdperson_righthand":{"rotation":[0.0,0.0,0.0]},"gui":{"rotation":[-150.0,-75.0,-180.0]}}}