{"textures":{"0":"modelengine:block/qmob_snailend"},"elements":[{"from":[7.75,8.0,8.0],"to":[8.25,9.5,8.0],"faces":{"south":{"uv":[11.0,0.0,12.0,3.0],"tintindex":0,"rotation":0,"texture":"#0"},"north":{"uv":[10.0,8.0,11.0,11.0],"tintindex":0,"rotation":0,"texture":"#0"}}},{"from":[6.75,8.0,8.0],"to":[7.25,9.5,8.0],"faces":{"south":{"uv":[12.0,0.0,11.0,3.0],"tintindex":0,"rotation":0,"texture":"#0"},"north":{"uv":[11.0,8.0,10.0,11.0],"tintindex":0,"rotation":0,"texture":"#0"}}}],"display":{"head":{"rotation":[0.0,0.0,0.0]},"firstperson_righthand":{"rotation":[0.0,0.0,0.0]},"thirdperson_lefthand":{"rotation":[0.0,-0.0,-0.0]},"firstperson_lefthand":{"rotation":[0.0,-0.0,-0.0]},"fixed":{"rotation":[0.0,0.0,0.0]},"ground":{"rotation":[0.0,0.0,0.0]},"thirdperson_righthand":{"rotation":[0.0,0.0,0.0]},"gui":{"rotation":[-150.0,-75.0,-180.0]}}}