{"textures":{"0":"modelengine:block/qmob_snailend"},"elements":[{"from":[7.5,7.625,7.125],"to":[8.5,9.625,9.125],"faces":{"east":{"uv":[0.0,0.0,4.0,4.0],"tintindex":0,"rotation":0,"texture":"#0"},"south":{"uv":[2.0,8.0,4.0,12.0],"tintindex":0,"rotation":0,"texture":"#0"},"north":{"uv":[0.0,8.0,2.0,12.0],"tintindex":0,"rotation":0,"texture":"#0"},"west":{"uv":[0.0,4.0,4.0,8.0],"tintindex":0,"rotation":0,"texture":"#0"},"up":{"uv":[10.0,8.0,8.0,4.0],"tintindex":0,"rotation":0,"texture":"#0"},"down":{"uv":[10.0,8.0,8.0,12.0],"tintindex":0,"rotation":0,"texture":"#0"}},"rotation":{"origin":[8.0,8.625,8.125],"angle":22.5,"axis":"x"}}],"display":{"head":{"rotation":[0.0,0.0,0.0]},"firstperson_righthand":{"rotation":[0.0,0.0,0.0]},"thirdperson_lefthand":{"rotation":[0.0,-0.0,-0.0]},"firstperson_lefthand":{"rotation":[0.0,-0.0,-0.0]},"fixed":{"rotation":[0.0,0.0,0.0]},"ground":{"rotation":[0.0,0.0,0.0]},"thirdperson_righthand":{"rotation":[0.0,0.0,0.0]},"gui":{"rotation":[-150.0,-75.0,-180.0]}}}