{"textures":{"0":"modelengine:block/qmob_snailend"},"elements":[{"from":[7.505,7.5,6.75],"to":[8.495,8.5,10.25],"faces":{"east":{"uv":[4.0,0.0,11.0,2.0],"tintindex":0,"rotation":0,"texture":"#0"},"south":{"uv":[10.0,6.0,12.0,8.0],"tintindex":0,"rotation":0,"texture":"#0"},"north":{"uv":[10.0,4.0,12.0,6.0],"tintindex":0,"rotation":0,"texture":"#0"},"west":{"uv":[4.0,2.0,11.0,4.0],"tintindex":0,"rotation":0,"texture":"#0"},"up":{"uv":[6.0,11.0,4.0,4.0],"tintindex":0,"rotation":0,"texture":"#0"},"down":{"uv":[8.0,4.0,6.0,11.0],"tintindex":0,"rotation":0,"texture":"#0"}}}],"display":{"head":{"rotation":[0.0,0.0,0.0]},"firstperson_righthand":{"rotation":[0.0,0.0,0.0]},"thirdperson_lefthand":{"rotation":[0.0,-0.0,-0.0]},"firstperson_lefthand":{"rotation":[0.0,-0.0,-0.0]},"fixed":{"rotation":[0.0,0.0,0.0]},"ground":{"rotation":[0.0,0.0,0.0]},"thirdperson_righthand":{"rotation":[0.0,0.0,0.0]},"gui":{"rotation":[-150.0,-75.0,-180.0]}}}