{"textures":{"0":"modelengine:entity/crimson_forest_enderman"},"elements":[{"from":[5.0,8.0,6.0],"to":[11.0,19.0,10.0],"faces":{"east":{"uv":[8.0,3.25,9.0,6.0],"tintindex":0,"rotation":0,"texture":"#0"},"south":{"uv":[11.5,3.25,13.0,6.0],"tintindex":0,"rotation":0,"texture":"#0"},"north":{"uv":[9.0,3.25,10.5,6.0],"tintindex":0,"rotation":0,"texture":"#0"},"west":{"uv":[10.5,3.25,11.5,6.0],"tintindex":0,"rotation":0,"texture":"#0"},"up":{"uv":[10.5,3.25,9.0,2.25],"tintindex":0,"rotation":0,"texture":"#0"},"down":{"uv":[12.0,2.25,10.5,3.25],"tintindex":0,"rotation":0,"texture":"#0"}}}],"display":{"head":{"rotation":[0.0,0.0,0.0]},"firstperson_righthand":{"rotation":[0.0,0.0,0.0]},"thirdperson_lefthand":{"rotation":[0.0,-0.0,-0.0]},"firstperson_lefthand":{"rotation":[0.0,-0.0,-0.0]},"fixed":{"rotation":[0.0,0.0,0.0]},"ground":{"rotation":[0.0,0.0,0.0]},"thirdperson_righthand":{"rotation":[0.0,0.0,0.0]},"gui":{"rotation":[-150.0,-75.0,-180.0]}}}