{"textures":{"0":"modelengine:entity/crimson_forest_enderman"},"elements":[{"from":[5.5,14.0,5.5],"to":[10.5,14.0,10.5],"faces":{"up":{"uv":[10.25,11.75,9.0,10.5],"tintindex":0,"rotation":0,"texture":"#0"},"down":{"uv":[10.25,10.5,9.0,11.75],"tintindex":0,"rotation":0,"texture":"#0"}}},{"from":[5.5,8.0,5.5],"to":[10.5,8.0,10.5],"faces":{"up":{"uv":[9.0,11.75,7.75,10.5],"tintindex":0,"rotation":0,"texture":"#0"},"down":{"uv":[9.0,10.5,7.75,11.75],"tintindex":0,"rotation":0,"texture":"#0"}}},{"from":[5.5,8.0,5.5],"to":[10.5,14.0,5.5],"faces":{"south":{"uv":[7.75,11.75,9.0,13.25],"tintindex":0,"rotation":0,"texture":"#0"},"north":{"uv":[7.75,11.75,9.0,13.25],"tintindex":0,"rotation":0,"texture":"#0"}}},{"from":[5.5,8.0,10.5],"to":[10.5,14.0,10.5],"faces":{"south":{"uv":[10.25,11.75,11.5,13.25],"tintindex":0,"rotation":0,"texture":"#0"},"north":{"uv":[10.25,11.75,11.5,13.25],"tintindex":0,"rotation":0,"texture":"#0"}}},{"from":[10.5,8.0,5.5],"to":[10.5,14.0,10.5],"faces":{"east":{"uv":[6.5,11.75,7.75,13.25],"tintindex":0,"rotation":0,"texture":"#0"},"west":{"uv":[7.75,11.75,6.5,13.25],"tintindex":0,"rotation":0,"texture":"#0"}}},{"from":[5.5,8.0,5.5],"to":[5.5,14.0,10.5],"faces":{"east":{"uv":[10.25,11.75,9.0,13.25],"tintindex":0,"rotation":0,"texture":"#0"},"west":{"uv":[9.0,11.75,10.25,13.25],"tintindex":0,"rotation":0,"texture":"#0"}}}],"display":{"head":{"rotation":[0.0,0.0,0.0]},"firstperson_righthand":{"rotation":[0.0,0.0,0.0]},"thirdperson_lefthand":{"rotation":[0.0,-0.0,-0.0]},"firstperson_lefthand":{"rotation":[0.0,-0.0,-0.0]},"fixed":{"rotation":[0.0,0.0,0.0]},"ground":{"rotation":[0.0,0.0,0.0]},"thirdperson_righthand":{"rotation":[0.0,0.0,0.0]},"gui":{"rotation":[-150.0,-75.0,-180.0]}}}