{"textures":{"0":"modelengine:entity/crimson_forest_enderman"},"elements":[{"from":[5.0,15.0,5.0],"to":[11.0,15.0,11.0],"faces":{"up":{"uv":[9.5,8.75,8.0,7.25],"tintindex":0,"rotation":0,"texture":"#0"},"down":{"uv":[9.5,7.25,8.0,8.75],"tintindex":0,"rotation":0,"texture":"#0"}}},{"from":[5.0,8.0,5.0],"to":[11.0,15.0,5.0],"faces":{"south":{"uv":[9.5,8.75,8.0,10.5],"tintindex":0,"rotation":0,"texture":"#0"},"north":{"uv":[8.0,8.75,9.5,10.5],"tintindex":0,"rotation":0,"texture":"#0"}}},{"from":[2.0,10.0,7.0],"to":[15.0,19.0,7.0],"faces":{"south":{"uv":[11.25,0.0,8.0,2.25],"tintindex":0,"rotation":0,"texture":"#0"},"north":{"uv":[8.0,0.0,11.25,2.25],"tintindex":0,"rotation":0,"texture":"#0"}}},{"from":[5.0,8.0,5.0],"to":[5.0,15.0,11.0],"faces":{"east":{"uv":[11.0,8.75,9.5,10.5],"tintindex":0,"rotation":0,"texture":"#0"},"west":{"uv":[9.5,8.75,11.0,10.5],"tintindex":0,"rotation":0,"texture":"#0"}}},{"from":[5.0,8.0,5.0],"to":[11.0,8.0,11.0],"faces":{"up":{"uv":[11.0,8.75,9.5,7.25],"tintindex":0,"rotation":0,"texture":"#0"},"down":{"uv":[11.0,7.25,9.5,8.75],"tintindex":0,"rotation":0,"texture":"#0"}}},{"from":[11.0,8.0,5.0],"to":[11.0,15.0,11.0],"faces":{"east":{"uv":[6.5,8.75,8.0,10.5],"tintindex":0,"rotation":0,"texture":"#0"},"west":{"uv":[8.0,8.75,6.5,10.5],"tintindex":0,"rotation":0,"texture":"#0"}}},{"from":[5.0,8.0,11.0],"to":[11.0,15.0,11.0],"faces":{"south":{"uv":[11.0,8.75,12.5,10.5],"tintindex":0,"rotation":0,"texture":"#0"},"north":{"uv":[11.0,8.75,12.5,10.5],"tintindex":0,"rotation":0,"texture":"#0"}}}],"display":{"head":{"rotation":[0.0,0.0,0.0]},"firstperson_righthand":{"rotation":[0.0,0.0,0.0]},"thirdperson_lefthand":{"rotation":[0.0,-0.0,-0.0]},"firstperson_lefthand":{"rotation":[0.0,-0.0,-0.0]},"fixed":{"rotation":[0.0,0.0,0.0]},"ground":{"rotation":[0.0,0.0,0.0]},"thirdperson_righthand":{"rotation":[0.0,0.0,0.0]},"gui":{"rotation":[-150.0,-75.0,-180.0]}}}