{"textures":{"0":"modelengine:entity/crimson_forest_enderman"},"elements":[{"from":[7.5,-7.5,7.5],"to":[8.5,9.0,8.5],"faces":{"east":{"uv":[4.0,0.5,4.5,8.75],"tintindex":0,"rotation":0,"texture":"#0"},"south":{"uv":[5.5,0.5,6.0,8.75],"tintindex":0,"rotation":0,"texture":"#0"},"north":{"uv":[4.5,0.5,5.0,8.75],"tintindex":0,"rotation":0,"texture":"#0"},"west":{"uv":[5.0,0.5,5.5,8.75],"tintindex":0,"rotation":0,"texture":"#0"},"up":{"uv":[5.0,0.5,4.5,0.0],"tintindex":0,"rotation":0,"texture":"#0"},"down":{"uv":[5.5,0.0,5.0,0.5],"tintindex":0,"rotation":0,"texture":"#0"}}},{"from":[6.5,-7.5,8.0],"to":[7.5,-5.5,8.0],"faces":{"south":{"uv":[8.5,2.25,8.0,3.25],"tintindex":0,"rotation":0,"texture":"#0"},"north":{"uv":[8.0,2.25,8.5,3.25],"tintindex":0,"rotation":0,"texture":"#0"}}}],"display":{"head":{"rotation":[0.0,0.0,0.0]},"firstperson_righthand":{"rotation":[0.0,0.0,0.0]},"thirdperson_lefthand":{"rotation":[0.0,-0.0,-0.0]},"firstperson_lefthand":{"rotation":[0.0,-0.0,-0.0]},"fixed":{"rotation":[0.0,0.0,0.0]},"ground":{"rotation":[0.0,0.0,0.0]},"thirdperson_righthand":{"rotation":[0.0,0.0,0.0]},"gui":{"rotation":[-150.0,-75.0,-180.0]}}}