{"textures":{"0":"modelengine:entity/crimson_forest_enderman"},"elements":[{"from":[6.5,-9.5,8.0],"to":[9.0,-1.5,8.0],"faces":{"south":{"uv":[5.25,10.5,4.0,14.5],"tintindex":0,"rotation":0,"texture":"#0"},"north":{"uv":[4.0,10.5,5.25,14.5],"tintindex":0,"rotation":0,"texture":"#0"}}},{"from":[8.0,-9.5,6.5],"to":[8.0,-5.0,9.0],"faces":{"east":{"uv":[2.5,9.5,1.25,11.75],"tintindex":0,"rotation":0,"texture":"#0"},"west":{"uv":[1.25,9.5,2.5,11.75],"tintindex":0,"rotation":0,"texture":"#0"}}},{"from":[7.5,-9.0,7.5],"to":[8.5,9.0,8.5],"faces":{"east":{"uv":[0.0,0.5,0.5,9.5],"tintindex":0,"rotation":0,"texture":"#0"},"south":{"uv":[1.5,0.5,2.0,9.5],"tintindex":0,"rotation":0,"texture":"#0"},"north":{"uv":[0.5,0.5,1.0,9.5],"tintindex":0,"rotation":0,"texture":"#0"},"west":{"uv":[1.0,0.5,1.5,9.5],"tintindex":0,"rotation":0,"texture":"#0"},"up":{"uv":[1.0,0.5,0.5,0.0],"tintindex":0,"rotation":0,"texture":"#0"},"down":{"uv":[1.5,0.0,1.0,0.5],"tintindex":0,"rotation":0,"texture":"#0"}}}],"display":{"head":{"rotation":[0.0,0.0,0.0]},"firstperson_righthand":{"rotation":[0.0,0.0,0.0]},"thirdperson_lefthand":{"rotation":[0.0,-0.0,-0.0]},"firstperson_lefthand":{"rotation":[0.0,-0.0,-0.0]},"fixed":{"rotation":[0.0,0.0,0.0]},"ground":{"rotation":[0.0,0.0,0.0]},"thirdperson_righthand":{"rotation":[0.0,0.0,0.0]},"gui":{"rotation":[-150.0,-75.0,-180.0]}}}