{"textures":{"0":"modelengine:entity/crimson_forest_enderman"},"elements":[{"from":[7.0,-9.5,8.0],"to":[9.5,-5.0,8.0],"faces":{"south":{"uv":[12.75,10.5,11.5,12.75],"tintindex":0,"rotation":0,"texture":"#0"},"north":{"uv":[11.5,10.5,12.75,12.75],"tintindex":0,"rotation":0,"texture":"#0"}}},{"from":[8.0,-9.5,6.5],"to":[8.0,-5.0,9.0],"faces":{"east":{"uv":[12.25,8.25,13.5,6.0],"tintindex":0,"rotation":0,"texture":"#0"},"west":{"uv":[13.5,8.25,12.25,6.0],"tintindex":0,"rotation":0,"texture":"#0"}}},{"from":[7.5,-9.0,7.5],"to":[8.5,9.0,8.5],"faces":{"east":{"uv":[2.0,0.5,2.5,9.5],"tintindex":0,"rotation":0,"texture":"#0"},"south":{"uv":[3.5,0.5,4.0,9.5],"tintindex":0,"rotation":0,"texture":"#0"},"north":{"uv":[2.5,0.5,3.0,9.5],"tintindex":0,"rotation":0,"texture":"#0"},"west":{"uv":[3.0,0.5,3.5,9.5],"tintindex":0,"rotation":0,"texture":"#0"},"up":{"uv":[3.0,0.5,2.5,0.0],"tintindex":0,"rotation":0,"texture":"#0"},"down":{"uv":[3.5,0.0,3.0,0.5],"tintindex":0,"rotation":0,"texture":"#0"}}}],"display":{"head":{"rotation":[0.0,0.0,0.0]},"firstperson_righthand":{"rotation":[0.0,0.0,0.0]},"thirdperson_lefthand":{"rotation":[0.0,-0.0,-0.0]},"firstperson_lefthand":{"rotation":[0.0,-0.0,-0.0]},"fixed":{"rotation":[0.0,0.0,0.0]},"ground":{"rotation":[0.0,0.0,0.0]},"thirdperson_righthand":{"rotation":[0.0,0.0,0.0]},"gui":{"rotation":[-150.0,-75.0,-180.0]}}}