{"textures":{"0":"modelengine:entity/crimson_forest_enderman"},"elements":[{"from":[8.5,-7.5,8.0],"to":[9.5,-5.0,8.0],"faces":{"south":{"uv":[8.5,6.0,8.0,7.25],"tintindex":0,"rotation":0,"texture":"#0"},"north":{"uv":[8.0,6.0,8.5,7.25],"tintindex":0,"rotation":0,"texture":"#0"}}},{"from":[7.5,-7.5,7.5],"to":[8.5,9.0,8.5],"faces":{"east":{"uv":[6.0,0.5,6.5,8.75],"tintindex":0,"rotation":0,"texture":"#0"},"south":{"uv":[7.5,0.5,8.0,8.75],"tintindex":0,"rotation":0,"texture":"#0"},"north":{"uv":[6.5,0.5,7.0,8.75],"tintindex":0,"rotation":0,"texture":"#0"},"west":{"uv":[7.0,0.5,7.5,8.75],"tintindex":0,"rotation":0,"texture":"#0"},"up":{"uv":[7.0,0.5,6.5,0.0],"tintindex":0,"rotation":0,"texture":"#0"},"down":{"uv":[7.5,0.0,7.0,0.5],"tintindex":0,"rotation":0,"texture":"#0"}}}],"display":{"head":{"rotation":[0.0,0.0,0.0]},"firstperson_righthand":{"rotation":[0.0,0.0,0.0]},"thirdperson_lefthand":{"rotation":[0.0,-0.0,-0.0]},"firstperson_lefthand":{"rotation":[0.0,-0.0,-0.0]},"fixed":{"rotation":[0.0,0.0,0.0]},"ground":{"rotation":[0.0,0.0,0.0]},"thirdperson_righthand":{"rotation":[0.0,0.0,0.0]},"gui":{"rotation":[-150.0,-75.0,-180.0]}}}