{"textures":{"2":"modelengine:entity/creeper_armor_4"},"elements":[{"from":[14.0,20.0,12.0],"to":[2.0,5.0,4.0],"faces":{"east":{"uv":[10.0,11.25,11.0,8.5],"tintindex":0,"rotation":0,"texture":"#2"},"south":{"uv":[8.0,11.25,10.0,8.5],"tintindex":0,"rotation":0,"texture":"#2"},"north":{"uv":[11.0,11.25,13.0,8.5],"tintindex":0,"rotation":0,"texture":"#2"},"west":{"uv":[7.0,11.25,8.0,8.5],"tintindex":0,"rotation":0,"texture":"#2"},"up":{"uv":[10.0,7.5,12.0,8.5],"tintindex":0,"rotation":0,"texture":"#2"},"down":{"uv":[8.0,8.5,10.0,7.5],"tintindex":0,"rotation":0,"texture":"#2"}}},{"from":[2.0,5.0,4.0],"to":[14.0,20.0,12.0],"faces":{"east":{"uv":[7.0,8.5,8.0,11.25],"tintindex":0,"rotation":0,"texture":"#2"},"south":{"uv":[11.0,8.5,13.0,11.25],"tintindex":0,"rotation":0,"texture":"#2"},"north":{"uv":[8.0,8.5,10.0,11.25],"tintindex":0,"rotation":0,"texture":"#2"},"west":{"uv":[10.0,8.5,11.0,11.25],"tintindex":0,"rotation":0,"texture":"#2"},"up":{"uv":[10.0,8.5,8.0,7.5],"tintindex":0,"rotation":0,"texture":"#2"},"down":{"uv":[12.0,7.5,10.0,8.5],"tintindex":0,"rotation":0,"texture":"#2"}}}],"display":{"head":{"rotation":[0.0,0.0,0.0]},"firstperson_righthand":{"rotation":[0.0,0.0,0.0]},"thirdperson_lefthand":{"rotation":[0.0,-0.0,-0.0]},"firstperson_lefthand":{"rotation":[0.0,-0.0,-0.0]},"fixed":{"rotation":[0.0,0.0,0.0]},"ground":{"rotation":[0.0,0.0,0.0]},"thirdperson_righthand":{"rotation":[0.0,0.0,0.0]},"gui":{"rotation":[-150.0,-75.0,-180.0]}}}