{"textures":{"0":"modelengine:mushroom/mushroom_creeper"},"elements":[{"from":[4.0,7.0,6.0],"to":[12.0,18.0,10.0],"faces":{"east":{"uv":[7.0,8.5,8.0,11.25],"tintindex":0,"rotation":0,"texture":"#0"},"south":{"uv":[11.0,8.5,13.0,11.25],"tintindex":0,"rotation":0,"texture":"#0"},"north":{"uv":[8.0,8.5,10.0,11.25],"tintindex":0,"rotation":0,"texture":"#0"},"west":{"uv":[10.0,8.5,11.0,11.25],"tintindex":0,"rotation":0,"texture":"#0"},"up":{"uv":[10.0,8.5,8.0,7.5],"tintindex":0,"rotation":0,"texture":"#0"},"down":{"uv":[12.0,7.5,10.0,8.5],"tintindex":0,"rotation":0,"texture":"#0"}}}],"display":{"head":{"rotation":[0.0,0.0,0.0]},"firstperson_righthand":{"rotation":[0.0,0.0,0.0]},"thirdperson_lefthand":{"rotation":[0.0,-0.0,-0.0]},"firstperson_lefthand":{"rotation":[0.0,-0.0,-0.0]},"fixed":{"rotation":[0.0,0.0,0.0]},"ground":{"rotation":[0.0,0.0,0.0]},"thirdperson_righthand":{"rotation":[0.0,0.0,0.0]},"gui":{"rotation":[-150.0,-75.0,-180.0]}}}