{"textures":{"2":"modelengine:entity/creeper_armor_4"},"elements":[{"from":[17.0,22.0,17.0],"to":[-1.0,12.0,-1.0],"faces":{"east":{"uv":[7.0,5.0,10.5,3.5],"tintindex":0,"rotation":0,"texture":"#2"},"south":{"uv":[3.5,5.0,7.0,3.5],"tintindex":0,"rotation":0,"texture":"#2"},"north":{"uv":[10.5,5.0,14.0,3.5],"tintindex":0,"rotation":0,"texture":"#2"},"west":{"uv":[0.0,5.0,3.5,3.5],"tintindex":0,"rotation":0,"texture":"#2"},"up":{"uv":[7.0,0.0,10.5,3.5],"tintindex":0,"rotation":0,"texture":"#2"},"down":{"uv":[3.5,3.5,7.0,0.0],"tintindex":0,"rotation":0,"texture":"#2"}}},{"from":[-1.0,12.0,-1.0],"to":[17.0,22.0,17.0],"faces":{"east":{"uv":[0.0,3.5,3.5,5.0],"tintindex":0,"rotation":0,"texture":"#2"},"south":{"uv":[10.5,3.5,14.0,5.0],"tintindex":0,"rotation":0,"texture":"#2"},"north":{"uv":[3.5,3.5,7.0,5.0],"tintindex":0,"rotation":0,"texture":"#2"},"west":{"uv":[7.0,3.5,10.5,5.0],"tintindex":0,"rotation":0,"texture":"#2"},"up":{"uv":[7.0,3.5,3.5,0.0],"tintindex":0,"rotation":0,"texture":"#2"},"down":{"uv":[10.5,0.0,7.0,3.5],"tintindex":0,"rotation":0,"texture":"#2"}}},{"from":[14.0,16.0,14.0],"to":[2.0,6.0,2.0],"faces":{"east":{"uv":[4.0,8.5,6.0,7.0],"tintindex":0,"rotation":0,"texture":"#2"},"south":{"uv":[2.0,8.5,4.0,7.0],"tintindex":0,"rotation":0,"texture":"#2"},"north":{"uv":[6.0,8.5,8.0,7.0],"tintindex":0,"rotation":0,"texture":"#2"},"west":{"uv":[0.0,8.5,2.0,7.0],"tintindex":0,"rotation":0,"texture":"#2"},"up":{"uv":[4.0,5.0,6.0,7.0],"tintindex":0,"rotation":0,"texture":"#2"},"down":{"uv":[2.0,7.0,4.0,5.0],"tintindex":0,"rotation":0,"texture":"#2"}}},{"from":[2.0,6.0,2.0],"to":[14.0,16.0,14.0],"faces":{"east":{"uv":[0.0,7.0,2.0,8.5],"tintindex":0,"rotation":0,"texture":"#2"},"south":{"uv":[6.0,7.0,8.0,8.5],"tintindex":0,"rotation":0,"texture":"#2"},"north":{"uv":[2.0,7.0,4.0,8.5],"tintindex":0,"rotation":0,"texture":"#2"},"west":{"uv":[4.0,7.0,6.0,8.5],"tintindex":0,"rotation":0,"texture":"#2"},"up":{"uv":[4.0,7.0,2.0,5.0],"tintindex":0,"rotation":0,"texture":"#2"},"down":{"uv":[6.0,5.0,4.0,7.0],"tintindex":0,"rotation":0,"texture":"#2"}}}],"display":{"head":{"rotation":[0.0,0.0,0.0]},"firstperson_righthand":{"rotation":[0.0,0.0,0.0]},"thirdperson_lefthand":{"rotation":[0.0,-0.0,-0.0]},"firstperson_lefthand":{"rotation":[0.0,-0.0,-0.0]},"fixed":{"rotation":[0.0,0.0,0.0]},"ground":{"rotation":[0.0,0.0,0.0]},"thirdperson_righthand":{"rotation":[0.0,0.0,0.0]},"gui":{"rotation":[-150.0,-75.0,-180.0]}}}