{"textures":{"0":"modelengine:mushroom/mushroom_creeper"},"elements":[{"from":[4.0,8.0,4.0],"to":[12.0,14.0,12.0],"faces":{"east":{"uv":[0.0,7.0,2.0,8.5],"tintindex":0,"rotation":0,"texture":"#0"},"south":{"uv":[6.0,7.0,8.0,8.5],"tintindex":0,"rotation":0,"texture":"#0"},"north":{"uv":[2.0,7.0,4.0,8.5],"tintindex":0,"rotation":0,"texture":"#0"},"west":{"uv":[4.0,7.0,6.0,8.5],"tintindex":0,"rotation":0,"texture":"#0"},"up":{"uv":[4.0,7.0,2.0,5.0],"tintindex":0,"rotation":0,"texture":"#0"},"down":{"uv":[6.0,5.0,4.0,7.0],"tintindex":0,"rotation":0,"texture":"#0"}}},{"from":[1.0,14.0,1.0],"to":[15.0,20.0,15.0],"faces":{"east":{"uv":[0.0,3.5,3.5,5.0],"tintindex":0,"rotation":0,"texture":"#0"},"south":{"uv":[10.5,3.5,14.0,5.0],"tintindex":0,"rotation":0,"texture":"#0"},"north":{"uv":[3.5,3.5,7.0,5.0],"tintindex":0,"rotation":0,"texture":"#0"},"west":{"uv":[7.0,3.5,10.5,5.0],"tintindex":0,"rotation":0,"texture":"#0"},"up":{"uv":[7.0,3.5,3.5,0.0],"tintindex":0,"rotation":0,"texture":"#0"},"down":{"uv":[10.5,0.0,7.0,3.5],"tintindex":0,"rotation":0,"texture":"#0"}}}],"display":{"head":{"rotation":[0.0,0.0,0.0]},"firstperson_righthand":{"rotation":[0.0,0.0,0.0]},"thirdperson_lefthand":{"rotation":[0.0,-0.0,-0.0]},"firstperson_lefthand":{"rotation":[0.0,-0.0,-0.0]},"fixed":{"rotation":[0.0,0.0,0.0]},"ground":{"rotation":[0.0,0.0,0.0]},"thirdperson_righthand":{"rotation":[0.0,0.0,0.0]},"gui":{"rotation":[-150.0,-75.0,-180.0]}}}