{"textures":{"0":"modelengine:mushroom/mushroom_creeper"},"elements":[{"from":[6.0,4.0,7.0],"to":[11.0,9.0,11.0],"faces":{"east":{"uv":[10.5,1.0,11.5,2.25],"tintindex":0,"rotation":0,"texture":"#0"},"south":{"uv":[13.75,1.0,15.0,2.25],"tintindex":0,"rotation":0,"texture":"#0"},"north":{"uv":[11.5,1.0,12.75,2.25],"tintindex":0,"rotation":0,"texture":"#0"},"west":{"uv":[12.75,1.0,13.75,2.25],"tintindex":0,"rotation":0,"texture":"#0"},"up":{"uv":[12.75,1.0,11.5,0.0],"tintindex":0,"rotation":0,"texture":"#0"},"down":{"uv":[14.0,0.0,12.75,1.0],"tintindex":0,"rotation":0,"texture":"#0"}}}],"display":{"head":{"rotation":[0.0,0.0,0.0]},"firstperson_righthand":{"rotation":[0.0,0.0,0.0]},"thirdperson_lefthand":{"rotation":[0.0,-0.0,-0.0]},"firstperson_lefthand":{"rotation":[0.0,-0.0,-0.0]},"fixed":{"rotation":[0.0,0.0,0.0]},"ground":{"rotation":[0.0,0.0,0.0]},"thirdperson_righthand":{"rotation":[0.0,0.0,0.0]},"gui":{"rotation":[-150.0,-75.0,-180.0]}}}