{"textures":{"2":"modelengine:entity/creeper_armor_4"},"elements":[{"from":[4.0,2.0,5.0],"to":[13.0,11.0,13.0],"faces":{"east":{"uv":[10.5,1.0,11.5,2.25],"tintindex":0,"rotation":0,"texture":"#2"},"south":{"uv":[13.75,1.0,15.0,2.25],"tintindex":0,"rotation":0,"texture":"#2"},"north":{"uv":[11.5,1.0,12.75,2.25],"tintindex":0,"rotation":0,"texture":"#2"},"west":{"uv":[12.75,1.0,13.75,2.25],"tintindex":0,"rotation":0,"texture":"#2"},"up":{"uv":[12.75,1.0,11.5,0.0],"tintindex":0,"rotation":0,"texture":"#2"},"down":{"uv":[14.0,0.0,12.75,1.0],"tintindex":0,"rotation":0,"texture":"#2"}}},{"from":[13.0,11.0,13.0],"to":[4.0,2.0,5.0],"faces":{"east":{"uv":[12.75,2.25,13.75,1.0],"tintindex":0,"rotation":0,"texture":"#2"},"south":{"uv":[11.5,2.25,12.75,1.0],"tintindex":0,"rotation":0,"texture":"#2"},"north":{"uv":[13.75,2.25,15.0,1.0],"tintindex":0,"rotation":0,"texture":"#2"},"west":{"uv":[10.5,2.25,11.5,1.0],"tintindex":0,"rotation":0,"texture":"#2"},"up":{"uv":[12.75,0.0,14.0,1.0],"tintindex":0,"rotation":0,"texture":"#2"},"down":{"uv":[11.5,1.0,12.75,0.0],"tintindex":0,"rotation":0,"texture":"#2"}}}],"display":{"head":{"rotation":[0.0,0.0,0.0]},"firstperson_righthand":{"rotation":[0.0,0.0,0.0]},"thirdperson_lefthand":{"rotation":[0.0,-0.0,-0.0]},"firstperson_lefthand":{"rotation":[0.0,-0.0,-0.0]},"fixed":{"rotation":[0.0,0.0,0.0]},"ground":{"rotation":[0.0,0.0,0.0]},"thirdperson_righthand":{"rotation":[0.0,0.0,0.0]},"gui":{"rotation":[-150.0,-75.0,-180.0]}}}