{"textures":{"2":"modelengine:entity/creeper_armor_4"},"elements":[{"from":[3.0,2.0,5.0],"to":[12.0,11.0,13.0],"faces":{"east":{"uv":[3.5,11.25,4.5,12.5],"tintindex":0,"rotation":0,"texture":"#2"},"south":{"uv":[6.75,11.25,8.0,12.5],"tintindex":0,"rotation":0,"texture":"#2"},"north":{"uv":[4.5,11.25,5.75,12.5],"tintindex":0,"rotation":0,"texture":"#2"},"west":{"uv":[5.75,11.25,6.75,12.5],"tintindex":0,"rotation":0,"texture":"#2"},"up":{"uv":[5.75,11.25,4.5,10.25],"tintindex":0,"rotation":0,"texture":"#2"},"down":{"uv":[7.0,10.25,5.75,11.25],"tintindex":0,"rotation":0,"texture":"#2"}}},{"from":[12.0,11.0,13.0],"to":[3.0,2.0,5.0],"faces":{"east":{"uv":[5.75,12.5,6.75,11.25],"tintindex":0,"rotation":0,"texture":"#2"},"south":{"uv":[4.5,12.5,5.75,11.25],"tintindex":0,"rotation":0,"texture":"#2"},"north":{"uv":[6.75,12.5,8.0,11.25],"tintindex":0,"rotation":0,"texture":"#2"},"west":{"uv":[3.5,12.5,4.5,11.25],"tintindex":0,"rotation":0,"texture":"#2"},"up":{"uv":[5.75,10.25,7.0,11.25],"tintindex":0,"rotation":0,"texture":"#2"},"down":{"uv":[4.5,11.25,5.75,10.25],"tintindex":0,"rotation":0,"texture":"#2"}}}],"display":{"head":{"rotation":[0.0,0.0,0.0]},"firstperson_righthand":{"rotation":[0.0,0.0,0.0]},"thirdperson_lefthand":{"rotation":[0.0,-0.0,-0.0]},"firstperson_lefthand":{"rotation":[0.0,-0.0,-0.0]},"fixed":{"rotation":[0.0,0.0,0.0]},"ground":{"rotation":[0.0,0.0,0.0]},"thirdperson_righthand":{"rotation":[0.0,0.0,0.0]},"gui":{"rotation":[-150.0,-75.0,-180.0]}}}