{"textures":{"0":"modelengine:mushroom/mushroom_creeper"},"elements":[{"from":[5.0,4.0,7.0],"to":[10.0,9.0,11.0],"faces":{"east":{"uv":[3.5,11.25,4.5,12.5],"tintindex":0,"rotation":0,"texture":"#0"},"south":{"uv":[6.75,11.25,8.0,12.5],"tintindex":0,"rotation":0,"texture":"#0"},"north":{"uv":[4.5,11.25,5.75,12.5],"tintindex":0,"rotation":0,"texture":"#0"},"west":{"uv":[5.75,11.25,6.75,12.5],"tintindex":0,"rotation":0,"texture":"#0"},"up":{"uv":[5.75,11.25,4.5,10.25],"tintindex":0,"rotation":0,"texture":"#0"},"down":{"uv":[7.0,10.25,5.75,11.25],"tintindex":0,"rotation":0,"texture":"#0"}}}],"display":{"head":{"rotation":[0.0,0.0,0.0]},"firstperson_righthand":{"rotation":[0.0,0.0,0.0]},"thirdperson_lefthand":{"rotation":[0.0,-0.0,-0.0]},"firstperson_lefthand":{"rotation":[0.0,-0.0,-0.0]},"fixed":{"rotation":[0.0,0.0,0.0]},"ground":{"rotation":[0.0,0.0,0.0]},"thirdperson_righthand":{"rotation":[0.0,0.0,0.0]},"gui":{"rotation":[-150.0,-75.0,-180.0]}}}