{"textures":{"0":"modelengine:mushroom/mushroom_creeper"},"elements":[{"from":[6.0,4.0,5.0],"to":[11.0,9.0,9.0],"faces":{"east":{"uv":[0.0,9.5,1.0,10.75],"tintindex":0,"rotation":0,"texture":"#0"},"south":{"uv":[3.25,9.5,4.5,10.75],"tintindex":0,"rotation":0,"texture":"#0"},"north":{"uv":[1.0,9.5,2.25,10.75],"tintindex":0,"rotation":0,"texture":"#0"},"west":{"uv":[2.25,9.5,3.25,10.75],"tintindex":0,"rotation":0,"texture":"#0"},"up":{"uv":[2.25,9.5,1.0,8.5],"tintindex":0,"rotation":0,"texture":"#0"},"down":{"uv":[3.5,8.5,2.25,9.5],"tintindex":0,"rotation":0,"texture":"#0"}}}],"display":{"head":{"rotation":[0.0,0.0,0.0]},"firstperson_righthand":{"rotation":[0.0,0.0,0.0]},"thirdperson_lefthand":{"rotation":[0.0,-0.0,-0.0]},"firstperson_lefthand":{"rotation":[0.0,-0.0,-0.0]},"fixed":{"rotation":[0.0,0.0,0.0]},"ground":{"rotation":[0.0,0.0,0.0]},"thirdperson_righthand":{"rotation":[0.0,0.0,0.0]},"gui":{"rotation":[-150.0,-75.0,-180.0]}}}