{"textures":{"2":"modelengine:entity/creeper_armor_4"},"elements":[{"from":[13.0,11.0,11.0],"to":[4.0,2.0,3.0],"faces":{"east":{"uv":[2.25,10.75,3.25,9.5],"tintindex":0,"rotation":0,"texture":"#2"},"south":{"uv":[1.0,10.75,2.25,9.5],"tintindex":0,"rotation":0,"texture":"#2"},"north":{"uv":[3.25,10.75,4.5,9.5],"tintindex":0,"rotation":0,"texture":"#2"},"west":{"uv":[0.0,10.75,1.0,9.5],"tintindex":0,"rotation":0,"texture":"#2"},"up":{"uv":[2.25,8.5,3.5,9.5],"tintindex":0,"rotation":0,"texture":"#2"},"down":{"uv":[1.0,9.5,2.25,8.5],"tintindex":0,"rotation":0,"texture":"#2"}}},{"from":[4.0,2.0,3.0],"to":[13.0,11.0,11.0],"faces":{"east":{"uv":[0.0,9.5,1.0,10.75],"tintindex":0,"rotation":0,"texture":"#2"},"south":{"uv":[3.25,9.5,4.5,10.75],"tintindex":0,"rotation":0,"texture":"#2"},"north":{"uv":[1.0,9.5,2.25,10.75],"tintindex":0,"rotation":0,"texture":"#2"},"west":{"uv":[2.25,9.5,3.25,10.75],"tintindex":0,"rotation":0,"texture":"#2"},"up":{"uv":[2.25,9.5,1.0,8.5],"tintindex":0,"rotation":0,"texture":"#2"},"down":{"uv":[3.5,8.5,2.25,9.5],"tintindex":0,"rotation":0,"texture":"#2"}}}],"display":{"head":{"rotation":[0.0,0.0,0.0]},"firstperson_righthand":{"rotation":[0.0,0.0,0.0]},"thirdperson_lefthand":{"rotation":[0.0,-0.0,-0.0]},"firstperson_lefthand":{"rotation":[0.0,-0.0,-0.0]},"fixed":{"rotation":[0.0,0.0,0.0]},"ground":{"rotation":[0.0,0.0,0.0]},"thirdperson_righthand":{"rotation":[0.0,0.0,0.0]},"gui":{"rotation":[-150.0,-75.0,-180.0]}}}