{"textures":{"0":"modelengine:mushroom/mushroom_creeper"},"elements":[{"from":[5.0,4.0,5.0],"to":[10.0,9.0,9.0],"faces":{"east":{"uv":[8.0,6.0,9.0,7.25],"tintindex":0,"rotation":0,"texture":"#0"},"south":{"uv":[11.25,6.0,12.5,7.25],"tintindex":0,"rotation":0,"texture":"#0"},"north":{"uv":[9.0,6.0,10.25,7.25],"tintindex":0,"rotation":0,"texture":"#0"},"west":{"uv":[10.25,6.0,11.25,7.25],"tintindex":0,"rotation":0,"texture":"#0"},"up":{"uv":[10.25,6.0,9.0,5.0],"tintindex":0,"rotation":0,"texture":"#0"},"down":{"uv":[11.5,5.0,10.25,6.0],"tintindex":0,"rotation":0,"texture":"#0"}}}],"display":{"head":{"rotation":[0.0,0.0,0.0]},"firstperson_righthand":{"rotation":[0.0,0.0,0.0]},"thirdperson_lefthand":{"rotation":[0.0,-0.0,-0.0]},"firstperson_lefthand":{"rotation":[0.0,-0.0,-0.0]},"fixed":{"rotation":[0.0,0.0,0.0]},"ground":{"rotation":[0.0,0.0,0.0]},"thirdperson_righthand":{"rotation":[0.0,0.0,0.0]},"gui":{"rotation":[-150.0,-75.0,-180.0]}}}