{"textures":{"2":"modelengine:entity/creeper_armor_4"},"elements":[{"from":[3.0,2.0,3.0],"to":[12.0,11.0,11.0],"faces":{"east":{"uv":[8.0,6.0,9.0,7.25],"tintindex":0,"rotation":0,"texture":"#2"},"south":{"uv":[11.25,6.0,12.5,7.25],"tintindex":0,"rotation":0,"texture":"#2"},"north":{"uv":[9.0,6.0,10.25,7.25],"tintindex":0,"rotation":0,"texture":"#2"},"west":{"uv":[10.25,6.0,11.25,7.25],"tintindex":0,"rotation":0,"texture":"#2"},"up":{"uv":[10.25,6.0,9.0,5.0],"tintindex":0,"rotation":0,"texture":"#2"},"down":{"uv":[11.5,5.0,10.25,6.0],"tintindex":0,"rotation":0,"texture":"#2"}}},{"from":[12.0,11.0,11.0],"to":[3.0,2.0,3.0],"faces":{"east":{"uv":[10.25,7.25,11.25,6.0],"tintindex":0,"rotation":0,"texture":"#2"},"south":{"uv":[9.0,7.25,10.25,6.0],"tintindex":0,"rotation":0,"texture":"#2"},"north":{"uv":[11.25,7.25,12.5,6.0],"tintindex":0,"rotation":0,"texture":"#2"},"west":{"uv":[8.0,7.25,9.0,6.0],"tintindex":0,"rotation":0,"texture":"#2"},"up":{"uv":[10.25,5.0,11.5,6.0],"tintindex":0,"rotation":0,"texture":"#2"},"down":{"uv":[9.0,6.0,10.25,5.0],"tintindex":0,"rotation":0,"texture":"#2"}}}],"display":{"head":{"rotation":[0.0,0.0,0.0]},"firstperson_righthand":{"rotation":[0.0,0.0,0.0]},"thirdperson_lefthand":{"rotation":[0.0,-0.0,-0.0]},"firstperson_lefthand":{"rotation":[0.0,-0.0,-0.0]},"fixed":{"rotation":[0.0,0.0,0.0]},"ground":{"rotation":[0.0,0.0,0.0]},"thirdperson_righthand":{"rotation":[0.0,0.0,0.0]},"gui":{"rotation":[-150.0,-75.0,-180.0]}}}