{"textures":{"0":"modelengine:entity/ocean_enderman"},"elements":[{"from":[4.5,8.0,6.0],"to":[11.5,14.0,10.0],"faces":{"east":{"uv":[0.0,6.75,1.0,8.25],"tintindex":0,"rotation":0,"texture":"#0"},"south":{"uv":[3.75,6.75,5.5,8.25],"tintindex":0,"rotation":0,"texture":"#0"},"north":{"uv":[1.0,6.75,2.75,8.25],"tintindex":0,"rotation":0,"texture":"#0"},"west":{"uv":[2.75,6.75,3.75,8.25],"tintindex":0,"rotation":0,"texture":"#0"},"up":{"uv":[2.75,6.75,1.0,5.75],"tintindex":0,"rotation":0,"texture":"#0"},"down":{"uv":[4.5,5.75,2.75,6.75],"tintindex":0,"rotation":0,"texture":"#0"}}}],"display":{"head":{"rotation":[0.0,0.0,0.0]},"firstperson_righthand":{"rotation":[0.0,0.0,0.0]},"thirdperson_lefthand":{"rotation":[0.0,-0.0,-0.0]},"firstperson_lefthand":{"rotation":[0.0,-0.0,-0.0]},"fixed":{"rotation":[0.0,0.0,0.0]},"ground":{"rotation":[0.0,0.0,0.0]},"thirdperson_righthand":{"rotation":[0.0,0.0,0.0]},"gui":{"rotation":[-150.0,-75.0,-180.0]}}}