{"textures":{"0":"modelengine:entity/ocean_enderman"},"elements":[{"from":[3.5,8.0,5.0],"to":[12.5,14.0,11.0],"faces":{"east":{"uv":[0.0,1.5,1.5,3.0],"tintindex":0,"rotation":0,"texture":"#0"},"south":{"uv":[5.25,1.5,7.5,3.0],"tintindex":0,"rotation":0,"texture":"#0"},"north":{"uv":[1.5,1.5,3.75,3.0],"tintindex":0,"rotation":0,"texture":"#0"},"west":{"uv":[3.75,1.5,5.25,3.0],"tintindex":0,"rotation":0,"texture":"#0"},"up":{"uv":[3.75,1.5,1.5,0.0],"tintindex":0,"rotation":0,"texture":"#0"},"down":{"uv":[6.0,0.0,3.75,1.5],"tintindex":0,"rotation":0,"texture":"#0"}}},{"from":[7.5,11.0,7.0],"to":[14.5,18.0,7.0],"faces":{"south":{"uv":[5.75,12.5,4.0,14.25],"tintindex":0,"rotation":0,"texture":"#0"},"north":{"uv":[4.0,12.5,5.75,14.25],"tintindex":0,"rotation":0,"texture":"#0"}}},{"from":[7.5,10.0,5.0],"to":[14.5,19.0,5.0],"faces":{"south":{"uv":[5.75,10.25,4.0,12.5],"tintindex":0,"rotation":0,"texture":"#0"},"north":{"uv":[4.0,10.25,5.75,12.5],"tintindex":0,"rotation":0,"texture":"#0"}}},{"from":[-0.5,11.0,8.0],"to":[6.5,19.0,8.0],"faces":{"south":{"uv":[1.75,3.0,0.0,5.0],"tintindex":0,"rotation":0,"texture":"#0"},"north":{"uv":[0.0,3.0,1.75,5.0],"tintindex":0,"rotation":0,"texture":"#0"}}}],"display":{"head":{"rotation":[0.0,0.0,0.0]},"firstperson_righthand":{"rotation":[0.0,0.0,0.0]},"thirdperson_lefthand":{"rotation":[0.0,-0.0,-0.0]},"firstperson_lefthand":{"rotation":[0.0,-0.0,-0.0]},"fixed":{"rotation":[0.0,0.0,0.0]},"ground":{"rotation":[0.0,0.0,0.0]},"thirdperson_righthand":{"rotation":[0.0,0.0,0.0]},"gui":{"rotation":[-150.0,-75.0,-180.0]}}}