{"textures":{"0":"modelengine:entity/ocean_enderman"},"elements":[{"from":[7.0,-10.0,7.0],"to":[9.0,9.0,9.0],"faces":{"east":{"uv":[7.5,0.5,8.0,5.25],"tintindex":0,"rotation":0,"texture":"#0"},"south":{"uv":[9.0,0.5,9.5,5.25],"tintindex":0,"rotation":0,"texture":"#0"},"north":{"uv":[8.0,0.5,8.5,5.25],"tintindex":0,"rotation":0,"texture":"#0"},"west":{"uv":[8.5,0.5,9.0,5.25],"tintindex":0,"rotation":0,"texture":"#0"},"up":{"uv":[8.5,0.5,8.0,0.0],"tintindex":0,"rotation":0,"texture":"#0"},"down":{"uv":[9.0,0.0,8.5,0.5],"tintindex":0,"rotation":0,"texture":"#0"}}}],"display":{"head":{"rotation":[0.0,0.0,0.0]},"firstperson_righthand":{"rotation":[0.0,0.0,0.0]},"thirdperson_lefthand":{"rotation":[0.0,-0.0,-0.0]},"firstperson_lefthand":{"rotation":[0.0,-0.0,-0.0]},"fixed":{"rotation":[0.0,0.0,0.0]},"ground":{"rotation":[0.0,0.0,0.0]},"thirdperson_righthand":{"rotation":[0.0,0.0,0.0]},"gui":{"rotation":[-150.0,-75.0,-180.0]}}}