{"textures":{"0":"modelengine:entity/ocean_enderman"},"elements":[{"from":[7.0,-8.0,7.0],"to":[9.0,10.0,9.0],"faces":{"east":{"uv":[2.0,8.75,2.5,13.25],"tintindex":0,"rotation":0,"texture":"#0"},"south":{"uv":[3.5,8.75,4.0,13.25],"tintindex":0,"rotation":0,"texture":"#0"},"north":{"uv":[2.5,8.75,3.0,13.25],"tintindex":0,"rotation":0,"texture":"#0"},"west":{"uv":[3.0,8.75,3.5,13.25],"tintindex":0,"rotation":0,"texture":"#0"},"up":{"uv":[3.0,8.75,2.5,8.25],"tintindex":0,"rotation":0,"texture":"#0"},"down":{"uv":[3.5,8.25,3.0,8.75],"tintindex":0,"rotation":0,"texture":"#0"}}},{"from":[3.0,-5.0,8.0],"to":[9.0,13.0,8.0],"faces":{"south":{"uv":[7.0,5.75,5.5,10.25],"tintindex":0,"rotation":0,"texture":"#0"},"north":{"uv":[5.5,5.75,7.0,10.25],"tintindex":0,"rotation":0,"texture":"#0"}}}],"display":{"head":{"rotation":[0.0,0.0,0.0]},"firstperson_righthand":{"rotation":[0.0,0.0,0.0]},"thirdperson_lefthand":{"rotation":[0.0,-0.0,-0.0]},"firstperson_lefthand":{"rotation":[0.0,-0.0,-0.0]},"fixed":{"rotation":[0.0,0.0,0.0]},"ground":{"rotation":[0.0,0.0,0.0]},"thirdperson_righthand":{"rotation":[0.0,0.0,0.0]},"gui":{"rotation":[-150.0,-75.0,-180.0]}}}