{"textures":{"0":"modelengine:entity/ocean_enderman"},"elements":[{"from":[7.0,-8.0,7.0],"to":[9.0,10.0,9.0],"faces":{"east":{"uv":[8.5,5.75,9.0,10.25],"tintindex":0,"rotation":0,"texture":"#0"},"south":{"uv":[10.0,5.75,10.5,10.25],"tintindex":0,"rotation":0,"texture":"#0"},"north":{"uv":[9.0,5.75,9.5,10.25],"tintindex":0,"rotation":0,"texture":"#0"},"west":{"uv":[9.5,5.75,10.0,10.25],"tintindex":0,"rotation":0,"texture":"#0"},"up":{"uv":[9.5,5.75,9.0,5.25],"tintindex":0,"rotation":0,"texture":"#0"},"down":{"uv":[10.0,5.25,9.5,5.75],"tintindex":0,"rotation":0,"texture":"#0"}}},{"from":[8.0,-3.0,8.0],"to":[14.0,15.0,8.0],"faces":{"south":{"uv":[11.0,0.0,9.5,4.5],"tintindex":0,"rotation":0,"texture":"#0"},"north":{"uv":[9.5,0.0,11.0,4.5],"tintindex":0,"rotation":0,"texture":"#0"}}}],"display":{"head":{"rotation":[0.0,0.0,0.0]},"firstperson_righthand":{"rotation":[0.0,0.0,0.0]},"thirdperson_lefthand":{"rotation":[0.0,-0.0,-0.0]},"firstperson_lefthand":{"rotation":[0.0,-0.0,-0.0]},"fixed":{"rotation":[0.0,0.0,0.0]},"ground":{"rotation":[0.0,0.0,0.0]},"thirdperson_righthand":{"rotation":[0.0,0.0,0.0]},"gui":{"rotation":[-150.0,-75.0,-180.0]}}}